covariate_name_short,location_id,location_name,year_id,age_group_id,age_group_name,sex_id,sex,mean_value,lower_value,upper_value
adult_underweight,6,China,1994,27,Age-standardized,1,Male,0.128551958960682,0.0617511813264973,0.221337637287526
adult_underweight,6,China,1994,27,Age-standardized,2,Female,0.162272023978287,0.0716625890833343,0.289122121980252
adult_underweight,7,Democratic People's Republic of Korea,1994,27,Age-standardized,1,Male,0.0942165118340464,0.0298974995312579,0.201698611989762
adult_underweight,7,Democratic People's Republic of Korea,1994,27,Age-standardized,2,Female,0.111636117234152,0.0241285954618696,0.273319585291094
adult_underweight,10,Cambodia,1994,27,Age-standardized,1,Male,0.323409616633597,0.142122557605783,0.540025940425086
adult_underweight,10,Cambodia,1994,27,Age-standardized,2,Female,0.250556692130947,0.0715637051249779,0.516239893019801
adult_underweight,11,Indonesia,1994,27,Age-standardized,1,Male,0.308695264999165,0.211116487098511,0.413208528287514
adult_underweight,11,Indonesia,1994,27,Age-standardized,2,Female,0.295554931589251,0.205102900440401,0.397702330976065
adult_underweight,12,Lao People's Democratic Republic,1994,27,Age-standardized,1,Male,0.314698488754873,0.14635382216672,0.511348292817457
adult_underweight,12,Lao People's Democratic Republic,1994,27,Age-standardized,2,Female,0.2298193783087,0.0683323703737683,0.471794292789207
adult_underweight,15,Myanmar,1994,27,Age-standardized,1,Male,0.386012967937455,0.207025594204956,0.579342855106468
adult_underweight,15,Myanmar,1994,27,Age-standardized,2,Female,0.328570787895931,0.140091753316771,0.541982960260993
adult_underweight,16,Philippines,1994,27,Age-standardized,1,Male,0.245260862594614,0.0954021388819271,0.447912984275844
adult_underweight,16,Philippines,1994,27,Age-standardized,2,Female,0.255060488649455,0.0915463998619277,0.462185904184248
adult_underweight,18,Thailand,1994,27,Age-standardized,1,Male,0.328735837563875,0.151186839721872,0.540031668760756
adult_underweight,18,Thailand,1994,27,Age-standardized,2,Female,0.224818783312227,0.065691124207441,0.459181962275617
adult_underweight,20,Viet Nam,1994,27,Age-standardized,1,Male,0.427461647562484,0.30313735158446,0.542499191037037
adult_underweight,20,Viet Nam,1994,27,Age-standardized,2,Female,0.442259181603213,0.305984676408871,0.571382454205954
adult_underweight,38,Mongolia,1994,27,Age-standardized,1,Male,0.0214050318020095,0.0068037118235649,0.050237054543704
adult_underweight,38,Mongolia,1994,27,Age-standardized,2,Female,0.0233499360171363,0.0051421893342849,0.0671121828925974
adult_underweight,122,Ecuador,1994,27,Age-standardized,1,Male,0.0074868696042887,0.0022327600679999,0.0180908630829775
adult_underweight,122,Ecuador,1994,27,Age-standardized,2,Female,0.018963403296332,0.0039183733735695,0.0548730617726481
adult_underweight,135,Brazil,1994,27,Age-standardized,1,Male,0.0493040998822082,0.0220922465645025,0.0948302615824908
adult_underweight,135,Brazil,1994,27,Age-standardized,2,Female,0.0604558525298998,0.027998837045576,0.115731905195998
adult_underweight,161,Bangladesh,1994,27,Age-standardized,1,Male,0.346328971529415,0.166182304565486,0.563051085504871
adult_underweight,161,Bangladesh,1994,27,Age-standardized,2,Female,0.268356134724104,0.0856251298114351,0.529932176983994
adult_underweight,163,India,1994,27,Age-standardized,1,Male,0.509356610912408,0.386327697656352,0.629670153068947
adult_underweight,163,India,1994,27,Age-standardized,2,Female,0.54599560770726,0.417382740756127,0.664185699559309
adult_underweight,164,Nepal,1994,27,Age-standardized,1,Male,0.365820885348275,0.184051277684407,0.566987512906788
adult_underweight,164,Nepal,1994,27,Age-standardized,2,Female,0.330010299390407,0.117173238294621,0.60481304937753
adult_underweight,165,Pakistan,1994,27,Age-standardized,1,Male,0.243646676319653,0.103511661094505,0.434313586249002
adult_underweight,165,Pakistan,1994,27,Age-standardized,2,Female,0.224708617367776,0.0941575061413636,0.423205994513942
adult_underweight,178,Eritrea,1994,27,Age-standardized,1,Male,0.454746385153519,0.232817439978881,0.683992639646055
adult_underweight,178,Eritrea,1994,27,Age-standardized,2,Female,0.395419766394373,0.177862290877131,0.638337420234932
adult_underweight,179,Ethiopia,1994,27,Age-standardized,1,Male,0.392904868054996,0.187457314231817,0.624368217498995
adult_underweight,179,Ethiopia,1994,27,Age-standardized,2,Female,0.30065959161003,0.0932650421013741,0.593279347493671
adult_underweight,180,Kenya,1994,27,Age-standardized,1,Male,0.376122725615358,0.17637942455778,0.600644294734846
adult_underweight,180,Kenya,1994,27,Age-standardized,2,Female,0.225337954699702,0.0716062581766427,0.451574601444743
adult_underweight,182,Malawi,1994,27,Age-standardized,1,Male,0.22836404372015,0.0961559368507249,0.405327001719741
adult_underweight,182,Malawi,1994,27,Age-standardized,2,Female,0.165318921062278,0.0489455396663866,0.363154919149485
adult_underweight,185,Rwanda,1994,27,Age-standardized,1,Male,0.255636356159894,0.100514580520968,0.46578632394011
adult_underweight,185,Rwanda,1994,27,Age-standardized,2,Female,0.146035717963674,0.0330636584418248,0.354832462538672
adult_underweight,189,United Republic of Tanzania,1994,27,Age-standardized,1,Male,0.268540347961663,0.134159034262107,0.431195396796544
adult_underweight,189,United Republic of Tanzania,1994,27,Age-standardized,2,Female,0.231728230295426,0.0923948129631466,0.422199202036883
adult_underweight,190,Uganda,1994,27,Age-standardized,1,Male,0.269858883592885,0.114003264616944,0.474868762417552
adult_underweight,190,Uganda,1994,27,Age-standardized,2,Female,0.176100709221476,0.0508696572639518,0.385090772900282
adult_underweight,191,Zambia,1994,27,Age-standardized,1,Male,0.216012136060267,0.0842352874720222,0.401842738346924
adult_underweight,191,Zambia,1994,27,Age-standardized,2,Female,0.201842507209004,0.0569960606190746,0.431180039285098
adult_underweight,194,Lesotho,1994,27,Age-standardized,1,Male,0.214217535496001,0.0774637079804357,0.416134467916118
adult_underweight,194,Lesotho,1994,27,Age-standardized,2,Female,0.0792246428776084,0.0157016809392911,0.217700284432988
adult_underweight,195,Namibia,1994,27,Age-standardized,1,Male,0.346708133669837,0.164706297649604,0.555370866423108
adult_underweight,195,Namibia,1994,27,Age-standardized,2,Female,0.222181460884532,0.0710336380482908,0.45265476685241
adult_underweight,196,South Africa,1994,27,Age-standardized,1,Male,0.145713769041121,0.0600547847650363,0.279070924712213
adult_underweight,196,South Africa,1994,27,Age-standardized,2,Female,0.0713108165138562,0.025733744543582,0.152908502458655
adult_underweight,197,Eswatini,1994,27,Age-standardized,1,Male,0.0441436132942261,0.0140550335415911,0.100536732000058
adult_underweight,197,Eswatini,1994,27,Age-standardized,2,Female,0.0856434832418421,0.0191529650756245,0.21821193919887
adult_underweight,198,Zimbabwe,1994,27,Age-standardized,1,Male,0.220057774348527,0.0856659319895141,0.40334190077975
adult_underweight,198,Zimbabwe,1994,27,Age-standardized,2,Female,0.0434897450340351,0.0098090893608731,0.119338808683159
adult_underweight,206,Gambia,1994,27,Age-standardized,1,Male,0.194401751782673,0.0688361150228209,0.381340891594239
adult_underweight,206,Gambia,1994,27,Age-standardized,2,Female,0.136841439974842,0.0307269201861023,0.33937322574393203
adult_underweight,207,Ghana,1994,27,Age-standardized,1,Male,0.231570774068494,0.12041870714815,0.370145821558982
adult_underweight,207,Ghana,1994,27,Age-standardized,2,Female,0.260782216999753,0.121746627202499,0.432620249904216
adult_underweight,214,Nigeria,1994,27,Age-standardized,1,Male,0.12930995775981,0.0421960498809867,0.270132561677866
adult_underweight,214,Nigeria,1994,27,Age-standardized,2,Female,0.147272218224878,0.0338994604434638,0.35857611010073
adult_underweight,522,Sudan,1994,27,Age-standardized,1,Male,0.0191276293348449,0.0054604633787878,0.0452547717071169
adult_underweight,522,Sudan,1994,27,Age-standardized,2,Female,0.0131632016788944,0.0022544122246991,0.0395127287045378
adult_underweight,6,China,1995,27,Age-standardized,1,Male,0.126623993395894,0.0618490550069874,0.216774350618322
adult_underweight,6,China,1995,27,Age-standardized,2,Female,0.161676010240383,0.0730682427875269,0.285452873245729
adult_underweight,7,Democratic People's Republic of Korea,1995,27,Age-standardized,1,Male,0.0924204123019781,0.0286675711270951,0.195638726482506
adult_underweight,7,Democratic People's Republic of Korea,1995,27,Age-standardized,2,Female,0.110449248568653,0.0231775252364074,0.266855520393442
adult_underweight,10,Cambodia,1995,27,Age-standardized,1,Male,0.319422622563999,0.13842228837457,0.53257014046854
adult_underweight,10,Cambodia,1995,27,Age-standardized,2,Female,0.249586152778541,0.0705570640777332,0.509461627151707
adult_underweight,11,Indonesia,1995,27,Age-standardized,1,Male,0.304621102345917,0.213293581645393,0.403020557828113
adult_underweight,11,Indonesia,1995,27,Age-standardized,2,Female,0.293065416280032,0.208420670462073,0.387690756190179
adult_underweight,12,Lao People's Democratic Republic,1995,27,Age-standardized,1,Male,0.31160844360438,0.14471432417113,0.504788495754653
adult_underweight,12,Lao People's Democratic Republic,1995,27,Age-standardized,2,Female,0.228371401815337,0.0683406190963641,0.463628093193574
adult_underweight,15,Myanmar,1995,27,Age-standardized,1,Male,0.382551986202026,0.205757180471308,0.572767257590501
adult_underweight,15,Myanmar,1995,27,Age-standardized,2,Female,0.327575101392063,0.143918500789765,0.532262143703874
adult_underweight,16,Philippines,1995,27,Age-standardized,1,Male,0.242461027792628,0.0935798493160929,0.442138166263017
adult_underweight,16,Philippines,1995,27,Age-standardized,2,Female,0.255570136590332,0.0908829111881615,0.462373026190345
adult_underweight,18,Thailand,1995,27,Age-standardized,1,Male,0.323985184884466,0.149451080604809,0.535116241921327
adult_underweight,18,Thailand,1995,27,Age-standardized,2,Female,0.222970376795953,0.0646073340322794,0.458256922718272
adult_underweight,20,Viet Nam,1995,27,Age-standardized,1,Male,0.420121126561593,0.302482594933386,0.532779488380844
adult_underweight,20,Viet Nam,1995,27,Age-standardized,2,Female,0.435335415932041,0.303905701824378,0.561283539347059
adult_underweight,38,Mongolia,1995,27,Age-standardized,1,Male,0.021177299748458,0.0068681871155547,0.0489353638700827
adult_underweight,38,Mongolia,1995,27,Age-standardized,2,Female,0.0231465830450816,0.0052733058943808,0.0654383967125044
adult_underweight,122,Ecuador,1995,27,Age-standardized,1,Male,0.0073545980357151,0.0021975638371841,0.0178565361919616
adult_underweight,122,Ecuador,1995,27,Age-standardized,2,Female,0.0189444078937824,0.0039445400510084,0.0544279173862505
adult_underweight,135,Brazil,1995,27,Age-standardized,1,Male,0.0488760269236734,0.0223944162587773,0.0925679886628527
adult_underweight,135,Brazil,1995,27,Age-standardized,2,Female,0.0601445344301378,0.0291601695850128,0.112019131053705
adult_underweight,161,Bangladesh,1995,27,Age-standardized,1,Male,0.345205256729202,0.167447527701071,0.559908299102646
adult_underweight,161,Bangladesh,1995,27,Age-standardized,2,Female,0.269138620318165,0.0873257360824899,0.525978616153311
adult_underweight,163,India,1995,27,Age-standardized,1,Male,0.503724728845331,0.385199283970291,0.619080502037362
adult_underweight,163,India,1995,27,Age-standardized,2,Female,0.545142886464041,0.423612153510396,0.658166229552027
adult_underweight,164,Nepal,1995,27,Age-standardized,1,Male,0.360834497588931,0.181800817782473,0.557034941419927
adult_underweight,164,Nepal,1995,27,Age-standardized,2,Female,0.32993272954842,0.118574220332622,0.597736120437668
adult_underweight,165,Pakistan,1995,27,Age-standardized,1,Male,0.240535421567372,0.10369619982059,0.429719291616061
adult_underweight,165,Pakistan,1995,27,Age-standardized,2,Female,0.22062803499594,0.0898680021517329,0.420447912947105
adult_underweight,178,Eritrea,1995,27,Age-standardized,1,Male,0.449240347036144,0.229838981585392,0.676116219321857
adult_underweight,178,Eritrea,1995,27,Age-standardized,2,Female,0.394614474676143,0.180668564907242,0.63197624256865
adult_underweight,179,Ethiopia,1995,27,Age-standardized,1,Male,0.389556583524024,0.185128955435422,0.61624091933257
adult_underweight,179,Ethiopia,1995,27,Age-standardized,2,Female,0.300851185458941,0.0942690698588934,0.591770241244455
adult_underweight,180,Kenya,1995,27,Age-standardized,1,Male,0.373308638685974,0.175667611900592,0.594961133342118
adult_underweight,180,Kenya,1995,27,Age-standardized,2,Female,0.225315996969087,0.0732207614872959,0.448026412059656
adult_underweight,182,Malawi,1995,27,Age-standardized,1,Male,0.225139839963553,0.0950602267651491,0.397050941257954
adult_underweight,182,Malawi,1995,27,Age-standardized,2,Female,0.164499773828444,0.0505311363931201,0.354808991370192
adult_underweight,185,Rwanda,1995,27,Age-standardized,1,Male,0.252689792598104,0.098703958705826,0.457767892278327
adult_underweight,185,Rwanda,1995,27,Age-standardized,2,Female,0.145348301038697,0.0324966084048539,0.348558021365154
adult_underweight,189,United Republic of Tanzania,1995,27,Age-standardized,1,Male,0.265251497933388,0.133180367249754,0.423364558926534
adult_underweight,189,United Republic of Tanzania,1995,27,Age-standardized,2,Female,0.230701117095774,0.093151839926077007,0.416501197647633
adult_underweight,190,Uganda,1995,27,Age-standardized,1,Male,0.266896986596497,0.112429699902982,0.471743140699202
adult_underweight,190,Uganda,1995,27,Age-standardized,2,Female,0.174613222342367,0.0517258733310168,0.377810134890464
adult_underweight,191,Zambia,1995,27,Age-standardized,1,Male,0.213413598391369,0.0834069585150824,0.395477696071488
adult_underweight,191,Zambia,1995,27,Age-standardized,2,Female,0.200899958369628,0.0576239184758522,0.423315779588086
adult_underweight,194,Lesotho,1995,27,Age-standardized,1,Male,0.210926867310518,0.0760377400508779,0.408779284755591
adult_underweight,194,Lesotho,1995,27,Age-standardized,2,Female,0.0786210788953655,0.0155256702098837,0.215257223781666
adult_underweight,195,Namibia,1995,27,Age-standardized,1,Male,0.341296734056638,0.161749481496966,0.547460799502686
adult_underweight,195,Namibia,1995,27,Age-standardized,2,Female,0.220521838467756,0.0738970525436068,0.441173301181135
adult_underweight,196,South Africa,1995,27,Age-standardized,1,Male,0.143018771268272,0.0596897960011134,0.27255394281093
adult_underweight,196,South Africa,1995,27,Age-standardized,2,Female,0.0711061249809354,0.026840044693304,0.148623621831111
adult_underweight,197,Eswatini,1995,27,Age-standardized,1,Male,0.0430801775160093,0.0138226150060474,0.097492822099892
adult_underweight,197,Eswatini,1995,27,Age-standardized,2,Female,0.0849707708875601,0.0190679764550043,0.214798060224424
adult_underweight,198,Zimbabwe,1995,27,Age-standardized,1,Male,0.215712577682512,0.0831241613008397,0.394941378142761
adult_underweight,198,Zimbabwe,1995,27,Age-standardized,2,Female,0.0432723022411351,0.0100653532980469,0.116469793307466
adult_underweight,206,Gambia,1995,27,Age-standardized,1,Male,0.191242523023264,0.0669911974687386,0.373558354773487
adult_underweight,206,Gambia,1995,27,Age-standardized,2,Female,0.135571309136023,0.0303488673613128,0.332687469887728
adult_underweight,207,Ghana,1995,27,Age-standardized,1,Male,0.227461811598288,0.11890753678672,0.365047917613294
adult_underweight,207,Ghana,1995,27,Age-standardized,2,Female,0.25772530143621,0.121006149620629,0.428435149308078
adult_underweight,214,Nigeria,1995,27,Age-standardized,1,Male,0.12667963745097,0.0403922108121092,0.261985164856137
adult_underweight,214,Nigeria,1995,27,Age-standardized,2,Female,0.145344016809495,0.0332208052355949,0.350272334092372
adult_underweight,522,Sudan,1995,27,Age-standardized,1,Male,0.0186306070139572,0.0052028391258665,0.0433916058533225
adult_underweight,522,Sudan,1995,27,Age-standardized,2,Female,0.0131089307920237,0.0021844525354616,0.0384620112631439
adult_underweight,6,China,1996,27,Age-standardized,1,Male,0.124774329972052,0.0626123715324295,0.211579380971314
adult_underweight,6,China,1996,27,Age-standardized,2,Female,0.161023752138357,0.0749576356330974,0.281554041852565
adult_underweight,7,Democratic People's Republic of Korea,1996,27,Age-standardized,1,Male,0.0906322186926409,0.0275306046102251,0.193151740778235
adult_underweight,7,Democratic People's Republic of Korea,1996,27,Age-standardized,2,Female,0.109242210120289,0.0223130490055414,0.265832809892154
adult_underweight,10,Cambodia,1996,27,Age-standardized,1,Male,0.315390004069787,0.13471321813393,0.528833684815991
adult_underweight,10,Cambodia,1996,27,Age-standardized,2,Female,0.248575131589767,0.0699745594675839,0.507645966598035
adult_underweight,11,Indonesia,1996,27,Age-standardized,1,Male,0.30055943203552,0.213861588365186,0.395430543877889
adult_underweight,11,Indonesia,1996,27,Age-standardized,2,Female,0.290380298292736,0.210196570776625,0.378888878875297
adult_underweight,12,Lao People's Democratic Republic,1996,27,Age-standardized,1,Male,0.308379305905493,0.143353852893173,0.498425266602018
adult_underweight,12,Lao People's Democratic Republic,1996,27,Age-standardized,2,Female,0.226786386589897,0.0683847076503976,0.454480143613003
adult_underweight,15,Myanmar,1996,27,Age-standardized,1,Male,0.379043020405304,0.20491268986454,0.566706683239657
adult_underweight,15,Myanmar,1996,27,Age-standardized,2,Female,0.326480657777783,0.147942252527326,0.521561404184263
adult_underweight,16,Philippines,1996,27,Age-standardized,1,Male,0.239672452129031,0.0915517351549002,0.438700652290494
adult_underweight,16,Philippines,1996,27,Age-standardized,2,Female,0.256105281063902,0.0900467226999949,0.465508194945742
adult_underweight,18,Thailand,1996,27,Age-standardized,1,Male,0.319176683923761,0.145504861336462,0.533072488231517
adult_underweight,18,Thailand,1996,27,Age-standardized,2,Female,0.221063490190963,0.0643361108726105,0.460825498222243
adult_underweight,20,Viet Nam,1996,27,Age-standardized,1,Male,0.412503909927105,0.300028817703417,0.52163852051785
adult_underweight,20,Viet Nam,1996,27,Age-standardized,2,Female,0.428026365041141,0.303485448114189,0.550074109067789
adult_underweight,38,Mongolia,1996,27,Age-standardized,1,Male,0.0209488121163066,0.0069301605579864,0.0485803162348551
adult_underweight,38,Mongolia,1996,27,Age-standardized,2,Female,0.022935405098014,0.0054057472063535,0.0642176854889224
adult_underweight,122,Ecuador,1996,27,Age-standardized,1,Male,0.0072186560085712,0.0021888770227469,0.0174679006389201
adult_underweight,122,Ecuador,1996,27,Age-standardized,2,Female,0.0188936405750545,0.0040173999154234,0.0539151701071289
adult_underweight,135,Brazil,1996,27,Age-standardized,1,Male,0.0483740445142862,0.0228042846833682,0.0909401083520194
adult_underweight,135,Brazil,1996,27,Age-standardized,2,Female,0.0597018186318862,0.0303414454343721,0.108867766553725
adult_underweight,161,Bangladesh,1996,27,Age-standardized,1,Male,0.344004235249326,0.168878135643578,0.553829645331924
adult_underweight,161,Bangladesh,1996,27,Age-standardized,2,Female,0.269982759159989,0.0886255410690206,0.524312490648088
adult_underweight,163,India,1996,27,Age-standardized,1,Male,0.497182521971427,0.382948904058217,0.608246766101699
adult_underweight,163,India,1996,27,Age-standardized,2,Female,0.54211819273722,0.426816072059545,0.652174618027798
adult_underweight,164,Nepal,1996,27,Age-standardized,1,Male,0.355576610838475,0.179314361996979,0.547283268771217
adult_underweight,164,Nepal,1996,27,Age-standardized,2,Female,0.329556447149755,0.120653098798996,0.591210754873773
adult_underweight,165,Pakistan,1996,27,Age-standardized,1,Male,0.23740484164035,0.103559391647942,0.422831322646389
adult_underweight,165,Pakistan,1996,27,Age-standardized,2,Female,0.216519800258059,0.0864834347897807,0.414961385303795
adult_underweight,178,Eritrea,1996,27,Age-standardized,1,Male,0.443573578988819,0.226456815820067,0.668745593327292
adult_underweight,178,Eritrea,1996,27,Age-standardized,2,Female,0.393787305084239,0.182751157196479,0.6251596937089
adult_underweight,179,Ethiopia,1996,27,Age-standardized,1,Male,0.386065743066413,0.183721095989889,0.61139195418992
adult_underweight,179,Ethiopia,1996,27,Age-standardized,2,Female,0.300888064141795,0.095393771177706893,0.588789709679583
adult_underweight,180,Kenya,1996,27,Age-standardized,1,Male,0.370457160595371,0.174410919584068,0.590451981140261
adult_underweight,180,Kenya,1996,27,Age-standardized,2,Female,0.22516747588477,0.0750466140702082,0.441389095388368
adult_underweight,182,Malawi,1996,27,Age-standardized,1,Male,0.22184495534254,0.0943975647068733,0.390971527431299
adult_underweight,182,Malawi,1996,27,Age-standardized,2,Female,0.163438489780698,0.0521196581095178,0.346262043734467
adult_underweight,185,Rwanda,1996,27,Age-standardized,1,Male,0.249731862965107,0.0967199311632743,0.453876208271284
adult_underweight,185,Rwanda,1996,27,Age-standardized,2,Female,0.144572985911595,0.0323300625581148,0.348435026146396
adult_underweight,189,United Republic of Tanzania,1996,27,Age-standardized,1,Male,0.261896955369574,0.13265385593169499,0.417427403881957
adult_underweight,189,United Republic of Tanzania,1996,27,Age-standardized,2,Female,0.229501275348422,0.0944807911781478,0.411608331586112
adult_underweight,190,Uganda,1996,27,Age-standardized,1,Male,0.263927210417754,0.11174831108347,0.466999118094907
adult_underweight,190,Uganda,1996,27,Age-standardized,2,Female,0.173026109928306,0.0525406597599297,0.373676610470246
adult_underweight,191,Zambia,1996,27,Age-standardized,1,Male,0.210770490018043,0.0828854308477562,0.39020020831384
adult_underweight,191,Zambia,1996,27,Age-standardized,2,Female,0.199727984232414,0.0583600308094141,0.418695543391912
adult_underweight,194,Lesotho,1996,27,Age-standardized,1,Male,0.207539538771492,0.0740674272715164,0.403800807972613
adult_underweight,194,Lesotho,1996,27,Age-standardized,2,Female,0.0779487514762187,0.015318483920637,0.212554624654251
adult_underweight,195,Namibia,1996,27,Age-standardized,1,Male,0.335813822552187,0.158752061207965,0.537490560944403
adult_underweight,195,Namibia,1996,27,Age-standardized,2,Female,0.218622605494469,0.0763291916326051,0.429877432311178
adult_underweight,196,South Africa,1996,27,Age-standardized,1,Male,0.140426079137231,0.0596142472863452,0.267633797688203
adult_underweight,196,South Africa,1996,27,Age-standardized,2,Female,0.0708308426030129,0.0279673949801703,0.145907082937484
adult_underweight,197,Eswatini,1996,27,Age-standardized,1,Male,0.0420193773766763,0.0135617823129634,0.0954910862952761
adult_underweight,197,Eswatini,1996,27,Age-standardized,2,Female,0.0842128165616333,0.0189936263380064,0.211608166162585
adult_underweight,198,Zimbabwe,1996,27,Age-standardized,1,Male,0.211403967135718,0.0810600476742457,0.388570217248817
adult_underweight,198,Zimbabwe,1996,27,Age-standardized,2,Female,0.0430114749503997,0.0103779742859883,0.114781704262889
adult_underweight,206,Gambia,1996,27,Age-standardized,1,Male,0.188028362882808,0.0650328690309939,0.368183073547715
adult_underweight,206,Gambia,1996,27,Age-standardized,2,Female,0.134293431052486,0.0298477446847728,0.330496988505474
adult_underweight,207,Ghana,1996,27,Age-standardized,1,Male,0.223151782380944,0.117038277982994,0.359213621930836
adult_underweight,207,Ghana,1996,27,Age-standardized,2,Female,0.254181452443875,0.120732360125119,0.421138197190795
adult_underweight,214,Nigeria,1996,27,Age-standardized,1,Male,0.124032601394319,0.0387104201971712,0.25832387445051
adult_underweight,214,Nigeria,1996,27,Age-standardized,2,Female,0.143402662451267,0.0329322619791498,0.346343603414617
adult_underweight,522,Sudan,1996,27,Age-standardized,1,Male,0.0181306825471579,0.0049626574237895,0.0425048302233898
adult_underweight,522,Sudan,1996,27,Age-standardized,2,Female,0.013051452458002,0.0021223032055402,0.0385507679045571
adult_underweight,6,China,1997,27,Age-standardized,1,Male,0.123015709142114,0.0633210770867004,0.206279135942356
adult_underweight,6,China,1997,27,Age-standardized,2,Female,0.160321139863328,0.0772580581522674,0.275786897001956
adult_underweight,7,Democratic People's Republic of Korea,1997,27,Age-standardized,1,Male,0.0888681983344735,0.0272244977625907,0.192677122887539
adult_underweight,7,Democratic People's Republic of Korea,1997,27,Age-standardized,2,Female,0.108040180573852,0.022342636891731,0.267918822764568
adult_underweight,10,Cambodia,1997,27,Age-standardized,1,Male,0.311311466957173,0.133321099315624,0.524700548798884
adult_underweight,10,Cambodia,1997,27,Age-standardized,2,Female,0.247516314114542,0.0707995403797978,0.50697215678247
adult_underweight,11,Indonesia,1997,27,Age-standardized,1,Male,0.296470267500803,0.211534454020657,0.388042588284462
adult_underweight,11,Indonesia,1997,27,Age-standardized,2,Female,0.287428110799745,0.211292992366011,0.371886992887833
adult_underweight,12,Lao People's Democratic Republic,1997,27,Age-standardized,1,Male,0.304995919680315,0.144006843757244,0.490989164659661
adult_underweight,12,Lao People's Democratic Republic,1997,27,Age-standardized,2,Female,0.225067220617951,0.0699775009344618,0.449369135123649
adult_underweight,15,Myanmar,1997,27,Age-standardized,1,Male,0.375502056115476,0.206444484470797,0.556796301841222
adult_underweight,15,Myanmar,1997,27,Age-standardized,2,Female,0.325281576568984,0.154455367705149,0.509727789239861
adult_underweight,16,Philippines,1997,27,Age-standardized,1,Male,0.236905425360485,0.0915089227916848,0.431938141726674
adult_underweight,16,Philippines,1997,27,Age-standardized,2,Female,0.256622421067333,0.0904278929477289,0.467225029744968
adult_underweight,18,Thailand,1997,27,Age-standardized,1,Male,0.314343114821279,0.143593754116057,0.529095568532105
adult_underweight,18,Thailand,1997,27,Age-standardized,2,Female,0.21912031322973,0.0635484956482139,0.455417079222254
adult_underweight,20,Viet Nam,1997,27,Age-standardized,1,Male,0.40464980904506,0.296224293531638,0.511445829713441
adult_underweight,20,Viet Nam,1997,27,Age-standardized,2,Female,0.420376599994283,0.299585056353435,0.537836779989515
adult_underweight,38,Mongolia,1997,27,Age-standardized,1,Male,0.0207208498880358,0.0070792904890336,0.047528974676249
adult_underweight,38,Mongolia,1997,27,Age-standardized,2,Female,0.0227215726598912,0.0055670210551884,0.062799517881187
adult_underweight,122,Ecuador,1997,27,Age-standardized,1,Male,0.0070791520159405,0.002181191431902,0.0171531918856418
adult_underweight,122,Ecuador,1997,27,Age-standardized,2,Female,0.0188123478899469,0.0041576018597255,0.0532163845400823
adult_underweight,135,Brazil,1997,27,Age-standardized,1,Male,0.0474686196236755,0.0228218373813667,0.0882718550112648
adult_underweight,135,Brazil,1997,27,Age-standardized,2,Female,0.0587495938539574,0.0308410805958818,0.104774613469985
adult_underweight,161,Bangladesh,1997,27,Age-standardized,1,Male,0.342549722180364,0.170829198380099,0.545247001742321
adult_underweight,161,Bangladesh,1997,27,Age-standardized,2,Female,0.270594476965879,0.0912216296291746,0.520488192800798
adult_underweight,163,India,1997,27,Age-standardized,1,Male,0.488317538681381,0.377527488482231,0.59732766798023
adult_underweight,163,India,1997,27,Age-standardized,2,Female,0.534441898995429,0.423886857427826,0.64248044465589
adult_underweight,164,Nepal,1997,27,Age-standardized,1,Male,0.349763615829693,0.179377128869653,0.536678637165064
adult_underweight,164,Nepal,1997,27,Age-standardized,2,Female,0.328374389667647,0.124512193563296,0.583290851888904
adult_underweight,165,Pakistan,1997,27,Age-standardized,1,Male,0.23399674174771,0.102696703229102,0.411409606752378
adult_underweight,165,Pakistan,1997,27,Age-standardized,2,Female,0.212139574318548,0.0834593450899636,0.406865271288758
adult_underweight,178,Eritrea,1997,27,Age-standardized,1,Male,0.437772673669728,0.225548644573582,0.657621752869926
adult_underweight,178,Eritrea,1997,27,Age-standardized,2,Female,0.392851582279642,0.185309499525084,0.620194139705168
adult_underweight,179,Ethiopia,1997,27,Age-standardized,1,Male,0.382430402633558,0.185080070808872,0.605555060751997
adult_underweight,179,Ethiopia,1997,27,Age-standardized,2,Female,0.300778766755481,0.0987741119902444,0.585784563884664
adult_underweight,180,Kenya,1997,27,Age-standardized,1,Male,0.367518114433437,0.176148209700649,0.581862666347547
adult_underweight,180,Kenya,1997,27,Age-standardized,2,Female,0.224897465349657,0.0786095211369963,0.43387941464686
adult_underweight,182,Malawi,1997,27,Age-standardized,1,Male,0.218493887397725,0.0943487616114311,0.383191785291463
adult_underweight,182,Malawi,1997,27,Age-standardized,2,Female,0.162174781049335,0.0545666640562052,0.339158490339455
adult_underweight,185,Rwanda,1997,27,Age-standardized,1,Male,0.246761386133059,0.0967539906399081,0.450240821176997
adult_underweight,185,Rwanda,1997,27,Age-standardized,2,Female,0.143765580799963,0.0329198458366143,0.349432935824379
adult_underweight,189,United Republic of Tanzania,1997,27,Age-standardized,1,Male,0.258431650524919,0.131993010861924,0.412178652490622
adult_underweight,189,United Republic of Tanzania,1997,27,Age-standardized,2,Female,0.228055230036367,0.0966735474597773,0.40348665710039
adult_underweight,190,Uganda,1997,27,Age-standardized,1,Male,0.260964110503492,0.112101706459522,0.46291053203398
adult_underweight,190,Uganda,1997,27,Age-standardized,2,Female,0.171395022986081,0.0537659170463944,0.368464055664792
adult_underweight,191,Zambia,1997,27,Age-standardized,1,Male,0.208087824646407,0.0836104947641866,0.383973473367778
adult_underweight,191,Zambia,1997,27,Age-standardized,2,Female,0.198366498981451,0.0602978825564927,0.412862190621006
adult_underweight,194,Lesotho,1997,27,Age-standardized,1,Male,0.20407606827973299,0.0735365465329337,0.396793165348841
adult_underweight,194,Lesotho,1997,27,Age-standardized,2,Female,0.0772305412409341,0.015495556864084,0.210526091780393
adult_underweight,195,Namibia,1997,27,Age-standardized,1,Male,0.330267365530564,0.157856656814445,0.525523307206339
adult_underweight,195,Namibia,1997,27,Age-standardized,2,Female,0.21651496956681,0.0794655399332436,0.418278231866887
adult_underweight,196,South Africa,1997,27,Age-standardized,1,Male,0.137961318265379,0.0596627697957866,0.263257282887976
adult_underweight,196,South Africa,1997,27,Age-standardized,2,Female,0.0704851313113158,0.028884924676782,0.143785981918455
adult_underweight,197,Eswatini,1997,27,Age-standardized,1,Male,0.0409684091956323,0.0134873816597046,0.091072209136116
adult_underweight,197,Eswatini,1997,27,Age-standardized,2,Female,0.0833912396817583,0.0194753098698152,0.208526957247517
adult_underweight,198,Zimbabwe,1997,27,Age-standardized,1,Male,0.207150571400975,0.0805077715289768,0.381063955177927
adult_underweight,198,Zimbabwe,1997,27,Age-standardized,2,Female,0.0427159819468567,0.0108085820978204,0.113168750991465
adult_underweight,206,Gambia,1997,27,Age-standardized,1,Male,0.184783156356769,0.0645482034486438,0.363517345720368
adult_underweight,206,Gambia,1997,27,Age-standardized,2,Female,0.133028316847856,0.0304914167734511,0.330304085855609
adult_underweight,207,Ghana,1997,27,Age-standardized,1,Male,0.218603035285267,0.115442650270286,0.349172774701896
adult_underweight,207,Ghana,1997,27,Age-standardized,2,Female,0.250067183870033,0.121218854577597,0.40928079295111103
adult_underweight,214,Nigeria,1997,27,Age-standardized,1,Male,0.121391781265614,0.0381767480352568,0.257168792467665
adult_underweight,214,Nigeria,1997,27,Age-standardized,2,Female,0.141466384526768,0.0332170672648284,0.344933454464306
adult_underweight,522,Sudan,1997,27,Age-standardized,1,Male,0.0176318569301714,0.0048760084808185,0.0421449338540737
adult_underweight,522,Sudan,1997,27,Age-standardized,2,Female,0.0129825363899205,0.0021458488945016,0.0392640065286395
adult_underweight,6,China,1998,27,Age-standardized,1,Male,0.121373012281781,0.0635716819758469,0.199484757171238
adult_underweight,6,China,1998,27,Age-standardized,2,Female,0.159595550528248,0.078954992560754,0.268854934536652
adult_underweight,7,Democratic People's Republic of Korea,1998,27,Age-standardized,1,Male,0.0871208806396228,0.0268668499103211,0.194250481057547
adult_underweight,7,Democratic People's Republic of Korea,1998,27,Age-standardized,2,Female,0.10684547495718,0.0223146854573693,0.273247002671043
adult_underweight,10,Cambodia,1998,27,Age-standardized,1,Male,0.307030783354526,0.132333434363966,0.519846598649243
adult_underweight,10,Cambodia,1998,27,Age-standardized,2,Female,0.24616555990605,0.072020400687484,0.506881061135887
adult_underweight,11,Indonesia,1998,27,Age-standardized,1,Male,0.292595697446881,0.209162712089918,0.381394120318931
adult_underweight,11,Indonesia,1998,27,Age-standardized,2,Female,0.284169133432433,0.211067571588839,0.366038510370808
adult_underweight,12,Lao People's Democratic Republic,1998,27,Age-standardized,1,Male,0.301394707027363,0.146030419796797,0.485405285607551
adult_underweight,12,Lao People's Democratic Republic,1998,27,Age-standardized,2,Female,0.22305443885313,0.0717139142531853,0.445563167778102
adult_underweight,15,Myanmar,1998,27,Age-standardized,1,Male,0.371969340053592,0.208186601725822,0.548202882778999
adult_underweight,15,Myanmar,1998,27,Age-standardized,2,Female,0.324015988557638,0.160558745937016,0.498162939673175
adult_underweight,16,Philippines,1998,27,Age-standardized,1,Male,0.234248224230617,0.0916722240109572,0.427712642030831
adult_underweight,16,Philippines,1998,27,Age-standardized,2,Female,0.25712162344049,0.0909808501450934,0.470254756677517
adult_underweight,18,Thailand,1998,27,Age-standardized,1,Male,0.309570871095786,0.140776286093194,0.519540002273043
adult_underweight,18,Thailand,1998,27,Age-standardized,2,Female,0.217064928362417,0.0626901183819132,0.449169583974818
adult_underweight,20,Viet Nam,1998,27,Age-standardized,1,Male,0.396685141901784,0.293040250651092,0.501845322193802
adult_underweight,20,Viet Nam,1998,27,Age-standardized,2,Female,0.412516167095847,0.297023910169209,0.524818461011138
adult_underweight,38,Mongolia,1998,27,Age-standardized,1,Male,0.0204957811816311,0.0071465437122724,0.0465224302992209
adult_underweight,38,Mongolia,1998,27,Age-standardized,2,Female,0.022512875970423,0.0058116096100911,0.0619820966435362
adult_underweight,122,Ecuador,1998,27,Age-standardized,1,Male,0.0069367179511546,0.0021661487580288,0.0166285260897897
adult_underweight,122,Ecuador,1998,27,Age-standardized,2,Female,0.0187035249464722,0.0043302868210567,0.0531844164174509
adult_underweight,135,Brazil,1998,27,Age-standardized,1,Male,0.0465189579773205,0.0227896223578509,0.0852631968733579
adult_underweight,135,Brazil,1998,27,Age-standardized,2,Female,0.0576908876490692,0.0312506336556511,0.100718491031148
adult_underweight,161,Bangladesh,1998,27,Age-standardized,1,Male,0.341037908886163,0.174702947739901,0.537737126030336
adult_underweight,161,Bangladesh,1998,27,Age-standardized,2,Female,0.271324822224339,0.0950802470529732,0.515591719932207
adult_underweight,163,India,1998,27,Age-standardized,1,Male,0.478534178067258,0.371109135184247,0.585063637763967
adult_underweight,163,India,1998,27,Age-standardized,2,Female,0.524403795790906,0.415732194340439,0.629867228425842
adult_underweight,164,Nepal,1998,27,Age-standardized,1,Male,0.343693114132456,0.178712528657592,0.526126726080066
adult_underweight,164,Nepal,1998,27,Age-standardized,2,Female,0.326773568477135,0.128320173157755,0.576919559574587
adult_underweight,165,Pakistan,1998,27,Age-standardized,1,Male,0.230625859506125,0.102852927458909,0.401655525942391
adult_underweight,165,Pakistan,1998,27,Age-standardized,2,Female,0.207833610651582,0.0809689551440862,0.398800398039
adult_underweight,178,Eritrea,1998,27,Age-standardized,1,Male,0.431874840112539,0.225742905510463,0.650947476209463
adult_underweight,178,Eritrea,1998,27,Age-standardized,2,Female,0.391847124014851,0.188798447447523,0.615499465010201
adult_underweight,179,Ethiopia,1998,27,Age-standardized,1,Male,0.378659169360142,0.185570520642812,0.599269128413878
adult_underweight,179,Ethiopia,1998,27,Age-standardized,2,Female,0.300516205191377,0.101804407270792,0.584891490193624
adult_underweight,180,Kenya,1998,27,Age-standardized,1,Male,0.364456886676332,0.178179919464398,0.576287459431095
adult_underweight,180,Kenya,1998,27,Age-standardized,2,Female,0.224506919277587,0.0822077345129989,0.426310570036084
adult_underweight,182,Malawi,1998,27,Age-standardized,1,Male,0.215113922897399,0.0949982861702283,0.375901390088029
adult_underweight,182,Malawi,1998,27,Age-standardized,2,Female,0.160733125962514,0.0564117281927307,0.330399160667347
adult_underweight,185,Rwanda,1998,27,Age-standardized,1,Male,0.243779674338143,0.0964159122372754,0.446600314396621
adult_underweight,185,Rwanda,1998,27,Age-standardized,2,Female,0.142945367229003,0.0334174952949143,0.351145537569772
adult_underweight,189,United Republic of Tanzania,1998,27,Age-standardized,1,Male,0.254831266695338,0.132309994588546,0.403938893917421
adult_underweight,189,United Republic of Tanzania,1998,27,Age-standardized,2,Female,0.226303071885293,0.0985400855248229,0.396815012351996
adult_underweight,190,Uganda,1998,27,Age-standardized,1,Male,0.258029151022825,0.112486016382592,0.458549226552678
adult_underweight,190,Uganda,1998,27,Age-standardized,2,Female,0.169758559234379,0.0549946103688108,0.363196173606106
adult_underweight,191,Zambia,1998,27,Age-standardized,1,Male,0.205370013442912,0.0843167025764884,0.3776064008081
adult_underweight,191,Zambia,1998,27,Age-standardized,2,Female,0.196834758466615,0.0616374943170126,0.406314812450614
adult_underweight,194,Lesotho,1998,27,Age-standardized,1,Male,0.200555751386577,0.0729099883198503,0.392826161116629
adult_underweight,194,Lesotho,1998,27,Age-standardized,2,Female,0.0764882334684513,0.0158161013830778,0.211685277361572
adult_underweight,195,Namibia,1998,27,Age-standardized,1,Male,0.324673500183559,0.158265522465484,0.515732650875391
adult_underweight,195,Namibia,1998,27,Age-standardized,2,Female,0.214253751509361,0.0834595696260624,0.405335979031051
adult_underweight,196,South Africa,1998,27,Age-standardized,1,Male,0.135648347093214,0.059323992613181,0.257648544023605
adult_underweight,196,South Africa,1998,27,Age-standardized,2,Female,0.0700723340678396,0.0291876664219191,0.142209854372335
adult_underweight,197,Eswatini,1998,27,Age-standardized,1,Male,0.0399329306121144,0.0135053452475899,0.0875671684899436
adult_underweight,197,Eswatini,1998,27,Age-standardized,2,Female,0.0825293185047661,0.0200862017513012,0.206853672004117
adult_underweight,198,Zimbabwe,1998,27,Age-standardized,1,Male,0.202970942274284,0.0802161863563484,0.374494610691036
adult_underweight,198,Zimbabwe,1998,27,Age-standardized,2,Female,0.0423950665679038,0.0110828459615309,0.112512959192858
adult_underweight,206,Gambia,1998,27,Age-standardized,1,Male,0.181525953219676,0.0639044752904362,0.360148792600171
adult_underweight,206,Gambia,1998,27,Age-standardized,2,Female,0.131797847110106,0.030730887812138,0.33074731468412
adult_underweight,207,Ghana,1998,27,Age-standardized,1,Male,0.213789421394472,0.114901984046628,0.33865377525577
adult_underweight,207,Ghana,1998,27,Age-standardized,2,Female,0.245320247732922,0.122289911490242,0.396473570464913
adult_underweight,214,Nigeria,1998,27,Age-standardized,1,Male,0.11876959467265,0.0375697408751839,0.258596311146969
adult_underweight,214,Nigeria,1998,27,Age-standardized,2,Female,0.139553960456158,0.0336579609084015,0.345145015938342
adult_underweight,522,Sudan,1998,27,Age-standardized,1,Male,0.0171373570607964,0.0047787718281759,0.0423211632730785
adult_underweight,522,Sudan,1998,27,Age-standardized,2,Female,0.0129067033660043,0.0021622793187111,0.0406592237477543
adult_underweight,6,China,1999,27,Age-standardized,1,Male,0.119864604237195,0.0647340645661495,0.193032869285058
adult_underweight,6,China,1999,27,Age-standardized,2,Female,0.158867276568574,0.0816635457319006,0.262257076254374
adult_underweight,7,Democratic People's Republic of Korea,1999,27,Age-standardized,1,Male,0.0854001592406515,0.0265169599323593,0.192775304201321
adult_underweight,7,Democratic People's Republic of Korea,1999,27,Age-standardized,2,Female,0.105672487798173,0.022293708320233,0.273819801724186
adult_underweight,10,Cambodia,1999,27,Age-standardized,1,Male,0.302715469438444,0.130912080242083,0.514931597317835
adult_underweight,10,Cambodia,1999,27,Age-standardized,2,Female,0.244771592507659,0.072975840880247,0.501214493856499
adult_underweight,11,Indonesia,1999,27,Age-standardized,1,Male,0.288683250188382,0.20733813692958,0.377140216697923
adult_underweight,11,Indonesia,1999,27,Age-standardized,2,Female,0.280574278513817,0.208490662573301,0.36356411262508
adult_underweight,12,Lao People's Democratic Republic,1999,27,Age-standardized,1,Male,0.297648591013559,0.143671651670041,0.477525027327181
adult_underweight,12,Lao People's Democratic Republic,1999,27,Age-standardized,2,Female,0.220934951831318,0.0728547928296234,0.436279641317273
adult_underweight,15,Myanmar,1999,27,Age-standardized,1,Male,0.36845678369739,0.207541080615507,0.539449090455196
adult_underweight,15,Myanmar,1999,27,Age-standardized,2,Female,0.322684319050912,0.166408616005659,0.484639826489548
adult_underweight,16,Philippines,1999,27,Age-standardized,1,Male,0.231619579406214,0.091223729532146,0.423340545057569
adult_underweight,16,Philippines,1999,27,Age-standardized,2,Female,0.257538964546511,0.0918161552022434,0.472383138270761
adult_underweight,18,Thailand,1999,27,Age-standardized,1,Male,0.30483096853858,0.139082913528792,0.511323491033736
adult_underweight,18,Thailand,1999,27,Age-standardized,2,Female,0.215043659798735,0.0637138431672885,0.447910877968015
adult_underweight,20,Viet Nam,1999,27,Age-standardized,1,Male,0.388627601371839,0.289808832633194,0.492360505434348
adult_underweight,20,Viet Nam,1999,27,Age-standardized,2,Female,0.404504698134688,0.294166215414909,0.514171984458273
adult_underweight,38,Mongolia,1999,27,Age-standardized,1,Male,0.0202732330960503,0.0072516057084666,0.0456682870942935
adult_underweight,38,Mongolia,1999,27,Age-standardized,2,Female,0.0223128397050704,0.0060748633275467,0.0607134639087897
adult_underweight,122,Ecuador,1999,27,Age-standardized,1,Male,0.00679203362132,0.002176637835065,0.0162139272058056
adult_underweight,122,Ecuador,1999,27,Age-standardized,2,Female,0.0185649611545893,0.0044007211399408,0.0525433028116246
adult_underweight,135,Brazil,1999,27,Age-standardized,1,Male,0.045526731151325,0.0225879919011629,0.0821777583319943
adult_underweight,135,Brazil,1999,27,Age-standardized,2,Female,0.0565272912774808,0.0312715421382022,0.0970728367747972
adult_underweight,161,Bangladesh,1999,27,Age-standardized,1,Male,0.339318150677602,0.174597629181723,0.529652126514588
adult_underweight,161,Bangladesh,1999,27,Age-standardized,2,Female,0.271943093564987,0.0984338728630035,0.510487446470565
adult_underweight,163,India,1999,27,Age-standardized,1,Male,0.466242633030049,0.362951940446138,0.570617350582715
adult_underweight,163,India,1999,27,Age-standardized,2,Female,0.509994898636786,0.404479042179743,0.612681957715643
adult_underweight,164,Nepal,1999,27,Age-standardized,1,Male,0.337130485180317,0.176346231279682,0.514668755435197
adult_underweight,164,Nepal,1999,27,Age-standardized,2,Female,0.324373826949157,0.132540164455417,0.567616799732741
adult_underweight,165,Pakistan,1999,27,Age-standardized,1,Male,0.227061658212372,0.102085791268574,0.394124533720689
adult_underweight,165,Pakistan,1999,27,Age-standardized,2,Female,0.203428399482036,0.0788218683322643,0.390539978354809
adult_underweight,178,Eritrea,1999,27,Age-standardized,1,Male,0.425931686581995,0.222066930368704,0.640700013567088
adult_underweight,178,Eritrea,1999,27,Age-standardized,2,Female,0.390821565456162,0.191084721561437,0.610519649446289
adult_underweight,179,Ethiopia,1999,27,Age-standardized,1,Male,0.37477509027007,0.185476920573528,0.591916590707713
adult_underweight,179,Ethiopia,1999,27,Age-standardized,2,Female,0.300097570669293,0.104480547770771,0.580754635937817
adult_underweight,180,Kenya,1999,27,Age-standardized,1,Male,0.361248316163436,0.177941500144563,0.569203416854641
adult_underweight,180,Kenya,1999,27,Age-standardized,2,Female,0.223986069217285,0.0859910602780107,0.417100634818231
adult_underweight,182,Malawi,1999,27,Age-standardized,1,Male,0.211739179998284,0.0945887407248038,0.368677209151219
adult_underweight,182,Malawi,1999,27,Age-standardized,2,Female,0.159125636384184,0.0584456054813504,0.320409024311514
adult_underweight,185,Rwanda,1999,27,Age-standardized,1,Male,0.240780082129996,0.0960413493193616,0.441280899225657
adult_underweight,185,Rwanda,1999,27,Age-standardized,2,Female,0.142126264431724,0.0341070861607798,0.348235142623374
adult_underweight,189,United Republic of Tanzania,1999,27,Age-standardized,1,Male,0.251071178117289,0.131394297111104,0.393645978207278
adult_underweight,189,United Republic of Tanzania,1999,27,Age-standardized,2,Female,0.224176183610957,0.100588785433122,0.388970139035432
adult_underweight,190,Uganda,1999,27,Age-standardized,1,Male,0.25515490973175,0.11206059517878,0.452503218155103
adult_underweight,190,Uganda,1999,27,Age-standardized,2,Female,0.16814872724047,0.055347479310756,0.354962916709181
adult_underweight,191,Zambia,1999,27,Age-standardized,1,Male,0.202617006112929,0.08384126168498,0.372730387722813
adult_underweight,191,Zambia,1999,27,Age-standardized,2,Female,0.195147252360107,0.0630368783408772,0.400598617252705
adult_underweight,194,Lesotho,1999,27,Age-standardized,1,Male,0.196863574958744,0.0721986913426932,0.387166106991354
adult_underweight,194,Lesotho,1999,27,Age-standardized,2,Female,0.0755869519610723,0.0159062942225101,0.20966938542357
adult_underweight,195,Namibia,1999,27,Age-standardized,1,Male,0.319182218036452,0.156647170857502,0.507681449065234
adult_underweight,195,Namibia,1999,27,Age-standardized,2,Female,0.212057942846015,0.0858419545272952,0.391759900383193
adult_underweight,196,South Africa,1999,27,Age-standardized,1,Male,0.133668113722254,0.058668250474157,0.252809416886472
adult_underweight,196,South Africa,1999,27,Age-standardized,2,Female,0.0686096754211782,0.0287727607725192,0.138723993365057
adult_underweight,197,Eswatini,1999,27,Age-standardized,1,Male,0.0388771033246388,0.0133609916718692,0.0845297373152172
adult_underweight,197,Eswatini,1999,27,Age-standardized,2,Female,0.0816102143047918,0.0201569471667483,0.203919685594243
adult_underweight,198,Zimbabwe,1999,27,Age-standardized,1,Male,0.199029267989301,0.0790832328662299,0.369737728598329
adult_underweight,198,Zimbabwe,1999,27,Age-standardized,2,Female,0.0419486233831395,0.011326314773117,0.11063659265804
adult_underweight,206,Gambia,1999,27,Age-standardized,1,Male,0.178257423694661,0.063341606726615,0.356158160519158
adult_underweight,206,Gambia,1999,27,Age-standardized,2,Female,0.130599397644332,0.0312183473117329,0.326809037004228
adult_underweight,207,Ghana,1999,27,Age-standardized,1,Male,0.208693379868328,0.112786374636773,0.327535166694675
adult_underweight,207,Ghana,1999,27,Age-standardized,2,Female,0.239890271594752,0.123952209191264,0.382468776747817
adult_underweight,214,Nigeria,1999,27,Age-standardized,1,Male,0.116165750790528,0.0369672060319088,0.256117722579553
adult_underweight,214,Nigeria,1999,27,Age-standardized,2,Female,0.137663232473496,0.034165081129174,0.339999949671753
adult_underweight,522,Sudan,1999,27,Age-standardized,1,Male,0.0166471987928775,0.0046813548605466,0.0416628343239789
adult_underweight,522,Sudan,1999,27,Age-standardized,2,Female,0.0128248754000314,0.0021776806029164,0.041022151339197
adult_underweight,6,China,2000,27,Age-standardized,1,Male,0.118540622302443,0.0666893746736381,0.186167816188476
adult_underweight,6,China,2000,27,Age-standardized,2,Female,0.158215123208489,0.0851710174966141,0.254761645120827
adult_underweight,7,Democratic People's Republic of Korea,2000,27,Age-standardized,1,Male,0.0837253229362744,0.0252382066169071,0.186384228852962
adult_underweight,7,Democratic People's Republic of Korea,2000,27,Age-standardized,2,Female,0.104549273202366,0.021219600395212,0.26656839855827
adult_underweight,10,Cambodia,2000,27,Age-standardized,1,Male,0.298433838319557,0.127050454294373,0.505581787967419
adult_underweight,10,Cambodia,2000,27,Age-standardized,2,Female,0.243388354185798,0.0727895078743162,0.491258856630825
adult_underweight,11,Indonesia,2000,27,Age-standardized,1,Male,0.284805475899669,0.204460735388915,0.373117524214273
adult_underweight,11,Indonesia,2000,27,Age-standardized,2,Female,0.276714291313034,0.206185863109392,0.359831766849583
adult_underweight,12,Lao People's Democratic Republic,2000,27,Age-standardized,1,Male,0.293780099792483,0.142671925143128,0.466978478108361
adult_underweight,12,Lao People's Democratic Republic,2000,27,Age-standardized,2,Female,0.218786586882289,0.0735739276089079,0.423581059196122
adult_underweight,15,Myanmar,2000,27,Age-standardized,1,Male,0.364993938213126,0.20659373266633899,0.530076354871949
adult_underweight,15,Myanmar,2000,27,Age-standardized,2,Female,0.321398527512001,0.171609007017475,0.471980555596827
adult_underweight,16,Philippines,2000,27,Age-standardized,1,Male,0.22907463193182,0.0901765101725332,0.415892058502227
adult_underweight,16,Philippines,2000,27,Age-standardized,2,Female,0.257933630922318,0.0910218795782607,0.472084471955296
adult_underweight,18,Thailand,2000,27,Age-standardized,1,Male,0.300135890887498,0.136336655049597,0.504161828129871
adult_underweight,18,Thailand,2000,27,Age-standardized,2,Female,0.213076835115124,0.0638865224242891,0.44458512103214
adult_underweight,20,Viet Nam,2000,27,Age-standardized,1,Male,0.380626849561511,0.286191128736434,0.480652756424737
adult_underweight,20,Viet Nam,2000,27,Age-standardized,2,Female,0.396563107425454,0.290471603185503,0.502740333318141
adult_underweight,38,Mongolia,2000,27,Age-standardized,1,Male,0.0200579989715528,0.007394814359566,0.044378918755552
adult_underweight,38,Mongolia,2000,27,Age-standardized,2,Female,0.0221315677938825,0.0063372695715021,0.0586218633454081
adult_underweight,122,Ecuador,2000,27,Age-standardized,1,Male,0.0066447359566196,0.002158074230677,0.0155561981071191
adult_underweight,122,Ecuador,2000,27,Age-standardized,2,Female,0.0183968608828969,0.0044861328061272,0.0504826721193558
adult_underweight,135,Brazil,2000,27,Age-standardized,1,Male,0.0445056797977287,0.0226502264150221,0.0792310558883125
adult_underweight,135,Brazil,2000,27,Age-standardized,2,Female,0.0552930708481006,0.0313675322774668,0.093213086413383
adult_underweight,161,Bangladesh,2000,27,Age-standardized,1,Male,0.337577460107683,0.178389968306181,0.520841600809636
adult_underweight,161,Bangladesh,2000,27,Age-standardized,2,Female,0.272770411521117,0.100613292691067,0.502386936799331
adult_underweight,163,India,2000,27,Age-standardized,1,Male,0.453459763578224,0.352420989550603,0.554509066112015
adult_underweight,163,India,2000,27,Age-standardized,2,Female,0.494094046620885,0.390952578517495,0.59510690360491
adult_underweight,164,Nepal,2000,27,Age-standardized,1,Male,0.330390014869071,0.173500915314336,0.498966169077204
adult_underweight,164,Nepal,2000,27,Age-standardized,2,Female,0.321553827438196,0.13471016970101,0.553602151461272
adult_underweight,165,Pakistan,2000,27,Age-standardized,1,Male,0.223596707858359,0.102348072393481,0.383998845659138
adult_underweight,165,Pakistan,2000,27,Age-standardized,2,Female,0.199260167485548,0.0777407554771681,0.379688025454718
adult_underweight,178,Eritrea,2000,27,Age-standardized,1,Male,0.419997179442662,0.218522592219728,0.626619846256052
adult_underweight,178,Eritrea,2000,27,Age-standardized,2,Female,0.38990926994264,0.191828893486145,0.601260492063289
adult_underweight,179,Ethiopia,2000,27,Age-standardized,1,Male,0.3708338596438,0.182637729248093,0.584410909975348
adult_underweight,179,Ethiopia,2000,27,Age-standardized,2,Female,0.299566288649126,0.106354980626317,0.572297926340849
adult_underweight,180,Kenya,2000,27,Age-standardized,1,Male,0.357903168312748,0.177927710983629,0.559758270822402
adult_underweight,180,Kenya,2000,27,Age-standardized,2,Female,0.223394910982341,0.089448101343631,0.406304294199084
adult_underweight,182,Malawi,2000,27,Age-standardized,1,Male,0.208417328807097,0.0937974194149397,0.359420015006352
adult_underweight,182,Malawi,2000,27,Age-standardized,2,Female,0.157416921579546,0.0612740287277971,0.307445398615341
adult_underweight,185,Rwanda,2000,27,Age-standardized,1,Male,0.237806132292481,0.0935366021121237,0.432159397966416
adult_underweight,185,Rwanda,2000,27,Age-standardized,2,Female,0.141341714022652,0.0336770852791801,0.340377271866672
adult_underweight,189,United Republic of Tanzania,2000,27,Age-standardized,1,Male,0.247181444395119,0.131211950393795,0.384249172610603
adult_underweight,189,United Republic of Tanzania,2000,27,Age-standardized,2,Female,0.221692312755197,0.102494390219095,0.379541418738402
adult_underweight,190,Uganda,2000,27,Age-standardized,1,Male,0.252360351805081,0.111778838488456,0.444060685573114
adult_underweight,190,Uganda,2000,27,Age-standardized,2,Female,0.166616505263023,0.0563259141118119,0.348015753938627
adult_underweight,191,Zambia,2000,27,Age-standardized,1,Male,0.199847299765835,0.0832700282095953,0.363147717167642
adult_underweight,191,Zambia,2000,27,Age-standardized,2,Female,0.193356165502067,0.0639948458942701,0.389264242567483
adult_underweight,194,Lesotho,2000,27,Age-standardized,1,Male,0.193182366000445,0.0702747135245396,0.376704201925879
adult_underweight,194,Lesotho,2000,27,Age-standardized,2,Female,0.0747109277946106,0.0154703644146895,0.20277594852974
adult_underweight,195,Namibia,2000,27,Age-standardized,1,Male,0.313700817008674,0.154196068293057,0.496097656369708
adult_underweight,195,Namibia,2000,27,Age-standardized,2,Female,0.209825043644531,0.0882310643160824,0.379622546973485
adult_underweight,196,South Africa,2000,27,Age-standardized,1,Male,0.13185048026107,0.0582346041462077,0.249395707506769
adult_underweight,196,South Africa,2000,27,Age-standardized,2,Female,0.0671556677539303,0.0281097719426029,0.135328951078705
adult_underweight,197,Eswatini,2000,27,Age-standardized,1,Male,0.0378485745039706,0.0133018742582306,0.0815793928475702
adult_underweight,197,Eswatini,2000,27,Age-standardized,2,Female,0.0806972537928646,0.0202652424337317,0.197195244359455
adult_underweight,198,Zimbabwe,2000,27,Age-standardized,1,Male,0.195202993224714,0.0774126589190857,0.358874431238062
adult_underweight,198,Zimbabwe,2000,27,Age-standardized,2,Female,0.0415002170424627,0.0116433063588331,0.105729081943384
adult_underweight,206,Gambia,2000,27,Age-standardized,1,Male,0.175032212227911,0.0615088606320356,0.347258019227692
adult_underweight,206,Gambia,2000,27,Age-standardized,2,Female,0.129470454683327,0.0311114238870016,0.318626693150911
adult_underweight,207,Ghana,2000,27,Age-standardized,1,Male,0.203340895685244,0.112000304197605,0.314695150975269
adult_underweight,207,Ghana,2000,27,Age-standardized,2,Female,0.233826711208819,0.125518080279639,0.364484604622595
adult_underweight,214,Nigeria,2000,27,Age-standardized,1,Male,0.113617092137832,0.0350831276233114,0.2473957169998
adult_underweight,214,Nigeria,2000,27,Age-standardized,2,Female,0.13583186058751,0.0340751305269737,0.329062221664424
adult_underweight,522,Sudan,2000,27,Age-standardized,1,Male,0.0161647179666993,0.0044144413490062,0.0397029946937259
adult_underweight,522,Sudan,2000,27,Age-standardized,2,Female,0.0127405954205205,0.0020840255752102,0.0396797997023982
adult_underweight,6,China,2001,27,Age-standardized,1,Male,0.11753666827144,0.0688871183241588,0.180572395909113
adult_underweight,6,China,2001,27,Age-standardized,2,Female,0.159354169719516,0.0893012727204837,0.249696103036743
adult_underweight,7,Democratic People's Republic of Korea,2001,27,Age-standardized,1,Male,0.0820259274542161,0.0257985795254823,0.182982059398722
adult_underweight,7,Democratic People's Republic of Korea,2001,27,Age-standardized,2,Female,0.104881349438476,0.0225811616922142,0.267580972015366
adult_underweight,10,Cambodia,2001,27,Age-standardized,1,Male,0.29349919156462,0.128545625483972,0.497612745515279
adult_underweight,10,Cambodia,2001,27,Age-standardized,2,Female,0.241231835756143,0.0760181810113642,0.48214537442371
adult_underweight,11,Indonesia,2001,27,Age-standardized,1,Male,0.280169149218037,0.199911027906022,0.36791208700147
adult_underweight,11,Indonesia,2001,27,Age-standardized,2,Female,0.271444134253938,0.200735883723069,0.354445312522337
adult_underweight,12,Lao People's Democratic Republic,2001,27,Age-standardized,1,Male,0.289561035348774,0.144390087232558,0.456964574332765
adult_underweight,12,Lao People's Democratic Republic,2001,27,Age-standardized,2,Female,0.216184989171411,0.0773461321854712,0.413588793685464
adult_underweight,15,Myanmar,2001,27,Age-standardized,1,Male,0.361502747463,0.209058985830182,0.523964973542652
adult_underweight,15,Myanmar,2001,27,Age-standardized,2,Female,0.320175660458218,0.178763913606865,0.461260374406924
adult_underweight,16,Philippines,2001,27,Age-standardized,1,Male,0.226617474690183,0.0919282624043587,0.410095994865203
adult_underweight,16,Philippines,2001,27,Age-standardized,2,Female,0.25827651081617,0.0942069332510736,0.471494504714637
adult_underweight,18,Thailand,2001,27,Age-standardized,1,Male,0.295394359879427,0.13791234619975,0.49736579309785
adult_underweight,18,Thailand,2001,27,Age-standardized,2,Female,0.210813026690872,0.0640554375536268,0.438022333438477
adult_underweight,20,Viet Nam,2001,27,Age-standardized,1,Male,0.372850421622532,0.280693933631813,0.471184209153016
adult_underweight,20,Viet Nam,2001,27,Age-standardized,2,Female,0.388894883258493,0.286217521451029,0.494208424671914
adult_underweight,38,Mongolia,2001,27,Age-standardized,1,Male,0.0198767620391754,0.0076637242237368,0.0433879033610272
adult_underweight,38,Mongolia,2001,27,Age-standardized,2,Female,0.0219890104191641,0.0067392978623058,0.0565983005169308
adult_underweight,122,Ecuador,2001,27,Age-standardized,1,Male,0.0064949791008565,0.0021684272916022,0.0151911691572532
adult_underweight,122,Ecuador,2001,27,Age-standardized,2,Female,0.018203531877672,0.0046494414975139,0.0491066951516324
adult_underweight,135,Brazil,2001,27,Age-standardized,1,Male,0.0434644748327741,0.0227108863325706,0.0761714759585154
adult_underweight,135,Brazil,2001,27,Age-standardized,2,Female,0.0540155321404506,0.031389945939066403,0.0892031221792296
adult_underweight,161,Bangladesh,2001,27,Age-standardized,1,Male,0.335714881348801,0.181564499892094,0.511859302599052
adult_underweight,161,Bangladesh,2001,27,Age-standardized,2,Female,0.273695414853839,0.106567783070277,0.493656858510567
adult_underweight,163,India,2001,27,Age-standardized,1,Male,0.440684144478965,0.341823046137327,0.538766852680422
adult_underweight,163,India,2001,27,Age-standardized,2,Female,0.477295253155139,0.375256708093338,0.577083515366049
adult_underweight,164,Nepal,2001,27,Age-standardized,1,Male,0.323380142071624,0.174042290927595,0.487055261891745
adult_underweight,164,Nepal,2001,27,Age-standardized,2,Female,0.318136515236569,0.139799065505674,0.543086286670977
adult_underweight,165,Pakistan,2001,27,Age-standardized,1,Male,0.22008649359265,0.103207322263314,0.374241939815341
adult_underweight,165,Pakistan,2001,27,Age-standardized,2,Female,0.195200240363517,0.0769323544984049,0.367328077835823
adult_underweight,178,Eritrea,2001,27,Age-standardized,1,Male,0.414104903698499,0.222260725628183,0.614924867260952
adult_underweight,178,Eritrea,2001,27,Age-standardized,2,Female,0.389247766868111,0.196795301161006,0.594748281024554
adult_underweight,179,Ethiopia,2001,27,Age-standardized,1,Male,0.366858708470866,0.185775383838484,0.574083224063356
adult_underweight,179,Ethiopia,2001,27,Age-standardized,2,Female,0.298967759310897,0.110986013858213,0.565872340919392
adult_underweight,180,Kenya,2001,27,Age-standardized,1,Male,0.354384344151741,0.180832658145553,0.552739560781269
adult_underweight,180,Kenya,2001,27,Age-standardized,2,Female,0.22275691444365,0.0928434878252609,0.39825638363188
adult_underweight,182,Malawi,2001,27,Age-standardized,1,Male,0.20517099845491,0.0950495369800139,0.351002287853357
adult_underweight,182,Malawi,2001,27,Age-standardized,2,Female,0.155646408082385,0.0642892321585228,0.29727360315261
adult_underweight,185,Rwanda,2001,27,Age-standardized,1,Male,0.23487090757748,0.0958132395102446,0.425343794724658
adult_underweight,185,Rwanda,2001,27,Age-standardized,2,Female,0.140603217125279,0.0354378770672098,0.333892953819282
adult_underweight,189,United Republic of Tanzania,2001,27,Age-standardized,1,Male,0.243163557123879,0.133588517643713,0.373794971385788
adult_underweight,189,United Republic of Tanzania,2001,27,Age-standardized,2,Female,0.218838798527724,0.105591232167783,0.368448360483091
adult_underweight,190,Uganda,2001,27,Age-standardized,1,Male,0.249655062206291,0.113799498736299,0.436017024551384
adult_underweight,190,Uganda,2001,27,Age-standardized,2,Female,0.165393146885749,0.058026326484215,0.340757790756314
adult_underweight,191,Zambia,2001,27,Age-standardized,1,Male,0.197063280694834,0.0846797502417684,0.356911133677659
adult_underweight,191,Zambia,2001,27,Age-standardized,2,Female,0.191494973316731,0.0672217048151686,0.380642204868517
adult_underweight,194,Lesotho,2001,27,Age-standardized,1,Male,0.189535061496449,0.0713781810017065,0.3691169129747
adult_underweight,194,Lesotho,2001,27,Age-standardized,2,Female,0.073877104769626,0.0162636879989774,0.198312927070842
adult_underweight,195,Namibia,2001,27,Age-standardized,1,Male,0.308262737690322,0.155202136918877,0.487742389314477
adult_underweight,195,Namibia,2001,27,Age-standardized,2,Female,0.207602018609226,0.0914678197020928,0.367711704612412
adult_underweight,196,South Africa,2001,27,Age-standardized,1,Male,0.130181489588799,0.0587197094098127,0.244786965026838
adult_underweight,196,South Africa,2001,27,Age-standardized,2,Female,0.0657141823298205,0.0276864332640712,0.132228612182083
adult_underweight,197,Eswatini,2001,27,Age-standardized,1,Male,0.0368512106021355,0.0133725285540067,0.0786796383678042
adult_underweight,197,Eswatini,2001,27,Age-standardized,2,Female,0.079805554675071,0.0211362361767073,0.193478020411715
adult_underweight,198,Zimbabwe,2001,27,Age-standardized,1,Male,0.191510211634252,0.0780382855574273,0.35262182015777
adult_underweight,198,Zimbabwe,2001,27,Age-standardized,2,Female,0.0410500943275941,0.0120771978609089,0.103216427367942
adult_underweight,206,Gambia,2001,27,Age-standardized,1,Male,0.171877302885052,0.0624421895343793,0.340285664018726
adult_underweight,206,Gambia,2001,27,Age-standardized,2,Female,0.128436249735916,0.0327307718369756,0.311848759913782
adult_underweight,207,Ghana,2001,27,Age-standardized,1,Male,0.19774702676303,0.111581335229799,0.302291950617016
adult_underweight,207,Ghana,2001,27,Age-standardized,2,Female,0.227167669586661,0.127350853071365,0.34686497809394
adult_underweight,214,Nigeria,2001,27,Age-standardized,1,Male,0.111137052484331,0.0357635484365877,0.242671627801164
adult_underweight,214,Nigeria,2001,27,Age-standardized,2,Female,0.134092053747575,0.0358671101129575,0.322102751092309
adult_underweight,522,Sudan,2001,27,Age-standardized,1,Male,0.0158460034398416,0.0045285674784931,0.0389380850492855
adult_underweight,522,Sudan,2001,27,Age-standardized,2,Female,0.0128217617389504,0.0022335725019884,0.0398723390507561
adult_underweight,6,China,2002,27,Age-standardized,1,Male,0.116740353001123,0.0707383018990008,0.175332702014107
adult_underweight,6,China,2002,27,Age-standardized,2,Female,0.160634700133697,0.094317998612275,0.246679253549572
adult_underweight,7,Democratic People's Republic of Korea,2002,27,Age-standardized,1,Male,0.0803638115385544,0.0252603973554057,0.176372471365264
adult_underweight,7,Democratic People's Republic of Korea,2002,27,Age-standardized,2,Female,0.10518370302194,0.022675705276677,0.263094149500764
adult_underweight,10,Cambodia,2002,27,Age-standardized,1,Male,0.287748045190174,0.12610349582247,0.485924471829153
adult_underweight,10,Cambodia,2002,27,Age-standardized,2,Female,0.238395949260487,0.0770330948420034,0.470166501400039
adult_underweight,11,Indonesia,2002,27,Age-standardized,1,Male,0.275599116221925,0.194848176652846,0.364653395227671
adult_underweight,11,Indonesia,2002,27,Age-standardized,2,Female,0.265962847515762,0.192937286736943,0.350769544421773
adult_underweight,12,Lao People's Democratic Republic,2002,27,Age-standardized,1,Male,0.284937175286904,0.143839763550285,0.449274784744944
adult_underweight,12,Lao People's Democratic Republic,2002,27,Age-standardized,2,Female,0.213233462622336,0.0772967135366174,0.401639314795759
adult_underweight,15,Myanmar,2002,27,Age-standardized,1,Male,0.3579195763481,0.208544808530506,0.517473933589907
adult_underweight,15,Myanmar,2002,27,Age-standardized,2,Female,0.31895115800693,0.18249994269157,0.452812170929321
adult_underweight,16,Philippines,2002,27,Age-standardized,1,Male,0.224071630527323,0.0922026128326716,0.401486820327582
adult_underweight,16,Philippines,2002,27,Age-standardized,2,Female,0.258423195560235,0.0948148091720519,0.468914032794997
adult_underweight,18,Thailand,2002,27,Age-standardized,1,Male,0.29049002837872,0.135469180242047,0.487712539584048
adult_underweight,18,Thailand,2002,27,Age-standardized,2,Female,0.208334770105403,0.0647362228607826,0.429657851607605
adult_underweight,20,Viet Nam,2002,27,Age-standardized,1,Male,0.364666731773442,0.271800142057901,0.464268794647144
adult_underweight,20,Viet Nam,2002,27,Age-standardized,2,Female,0.380518035208826,0.278159992146049,0.486621358210407
adult_underweight,38,Mongolia,2002,27,Age-standardized,1,Male,0.0197025751959823,0.0079016410611593,0.0417574156961803
adult_underweight,38,Mongolia,2002,27,Age-standardized,2,Female,0.0218733008333799,0.0071664939801806,0.0541400725791202
adult_underweight,122,Ecuador,2002,27,Age-standardized,1,Male,0.006341800904301,0.0021612198037121,0.0146022748130275
adult_underweight,122,Ecuador,2002,27,Age-standardized,2,Female,0.0179837855694102,0.0047476060956594,0.0477845833295583
adult_underweight,135,Brazil,2002,27,Age-standardized,1,Male,0.0425291083527198,0.022831353754536,0.0735671935382931
adult_underweight,135,Brazil,2002,27,Age-standardized,2,Female,0.0529954262678655,0.0315492663932755,0.0860722085540035
adult_underweight,161,Bangladesh,2002,27,Age-standardized,1,Male,0.333767187714943,0.185735000341721,0.503413048234904
adult_underweight,161,Bangladesh,2002,27,Age-standardized,2,Female,0.274833052250804,0.111961530243607,0.48441604056534
adult_underweight,163,India,2002,27,Age-standardized,1,Male,0.427786565864067,0.331231020100902,0.523673298005746
adult_underweight,163,India,2002,27,Age-standardized,2,Female,0.460019225469726,0.360154897787133,0.558050994933715
adult_underweight,164,Nepal,2002,27,Age-standardized,1,Male,0.316213893038172,0.171041079076191,0.474937562679874
adult_underweight,164,Nepal,2002,27,Age-standardized,2,Female,0.314247650715828,0.141790861860603,0.52863004197249
adult_underweight,165,Pakistan,2002,27,Age-standardized,1,Male,0.216682758043919,0.104725765935873,0.362523334922545
adult_underweight,165,Pakistan,2002,27,Age-standardized,2,Female,0.191413369332129,0.0779962819551831,0.355135214613239
adult_underweight,178,Eritrea,2002,27,Age-standardized,1,Male,0.408256920095368,0.222242498522254,0.603596467330525
adult_underweight,178,Eritrea,2002,27,Age-standardized,2,Female,0.388797594657355,0.198954533333845,0.587141759235885
adult_underweight,179,Ethiopia,2002,27,Age-standardized,1,Male,0.362830519716817,0.186042891550795,0.563259023582875
adult_underweight,179,Ethiopia,2002,27,Age-standardized,2,Female,0.298218319910899,0.113048543405578,0.554522930720334
adult_underweight,180,Kenya,2002,27,Age-standardized,1,Male,0.350608291517599,0.18149436320341,0.546042052632118
adult_underweight,180,Kenya,2002,27,Age-standardized,2,Female,0.222029198727896,0.0970680208954648,0.389195410596513
adult_underweight,182,Malawi,2002,27,Age-standardized,1,Male,0.201995630315679,0.0946519192905715,0.341840210004474
adult_underweight,182,Malawi,2002,27,Age-standardized,2,Female,0.153819203822066,0.0652585245942997,0.287495771401242
adult_underweight,185,Rwanda,2002,27,Age-standardized,1,Male,0.231950347213089,0.0960804638960776,0.415564058430138
adult_underweight,185,Rwanda,2002,27,Age-standardized,2,Female,0.139896878755041,0.0360415463138121,0.324596942453732
adult_underweight,189,United Republic of Tanzania,2002,27,Age-standardized,1,Male,0.238987812129634,0.133846588803424,0.363713512509894
adult_underweight,189,United Republic of Tanzania,2002,27,Age-standardized,2,Female,0.215569653988822,0.107779402782309,0.355807830852219
adult_underweight,190,Uganda,2002,27,Age-standardized,1,Male,0.247034725347104,0.114854747828722,0.426764354043071
adult_underweight,190,Uganda,2002,27,Age-standardized,2,Female,0.164257517633288,0.0586269118512461,0.333844985867752
adult_underweight,191,Zambia,2002,27,Age-standardized,1,Male,0.19424492277821,0.0843009309380084,0.34986132019185
adult_underweight,191,Zambia,2002,27,Age-standardized,2,Female,0.189543699870796,0.068022659350634,0.370546407463418
adult_underweight,194,Lesotho,2002,27,Age-standardized,1,Male,0.185916596382444,0.0713889478743104,0.357830657928547
adult_underweight,194,Lesotho,2002,27,Age-standardized,2,Female,0.0730909099828416,0.0165482312216873,0.191472890204433
adult_underweight,195,Namibia,2002,27,Age-standardized,1,Male,0.302861393124329,0.153469055150373,0.479172380889566
adult_underweight,195,Namibia,2002,27,Age-standardized,2,Female,0.205404726635779,0.0933418825850508,0.359125734854723
adult_underweight,196,South Africa,2002,27,Age-standardized,1,Male,0.128638367744859,0.0585027743997277,0.238602734622465
adult_underweight,196,South Africa,2002,27,Age-standardized,2,Female,0.0642803218331557,0.0269030603314857,0.129409415476502
adult_underweight,197,Eswatini,2002,27,Age-standardized,1,Male,0.0358844356383894,0.0133874079212728,0.075953944022554
adult_underweight,197,Eswatini,2002,27,Age-standardized,2,Female,0.0789361135301954,0.0213446220209562,0.188651577395849
adult_underweight,198,Zimbabwe,2002,27,Age-standardized,1,Male,0.187936709987504,0.0770508782788732,0.343904381439636
adult_underweight,198,Zimbabwe,2002,27,Age-standardized,2,Female,0.0405928296898692,0.0123327441113689,0.0999085548535575
adult_underweight,206,Gambia,2002,27,Age-standardized,1,Male,0.168788089648051,0.0619614393666127,0.329856078673633
adult_underweight,206,Gambia,2002,27,Age-standardized,2,Female,0.127490082837041,0.0333236828096588,0.30300477872965
adult_underweight,207,Ghana,2002,27,Age-standardized,1,Male,0.191919878813835,0.110545445765003,0.289532827281107
adult_underweight,207,Ghana,2002,27,Age-standardized,2,Female,0.219942741805321,0.127831255289148,0.328717482889143
adult_underweight,214,Nigeria,2002,27,Age-standardized,1,Male,0.108719248843459,0.0349388511911512,0.233888398902711
adult_underweight,214,Nigeria,2002,27,Age-standardized,2,Female,0.132426121414474,0.0364001681033611,0.311069793308892
adult_underweight,522,Sudan,2002,27,Age-standardized,1,Male,0.0155200136913748,0.0044390244957985,0.0373116253343088
adult_underweight,522,Sudan,2002,27,Age-standardized,2,Female,0.0128969653936538,0.0022529364899722,0.0388953679712695
adult_underweight,6,China,2003,27,Age-standardized,1,Male,0.116100719788408,0.0734418271674602,0.171166156297953
adult_underweight,6,China,2003,27,Age-standardized,2,Female,0.16174017225812,0.0991608017101408,0.242438894605295
adult_underweight,7,Democratic People's Republic of Korea,2003,27,Age-standardized,1,Male,0.0786527416700254,0.0254943477586014,0.173852719607803
adult_underweight,7,Democratic People's Republic of Korea,2003,27,Age-standardized,2,Female,0.105155541371493,0.023639154894864,0.264941027329016
adult_underweight,10,Cambodia,2003,27,Age-standardized,1,Male,0.281062488570119,0.126035984136549,0.477657802675103
adult_underweight,10,Cambodia,2003,27,Age-standardized,2,Female,0.235108242996872,0.0793829291823501,0.460561977017495
adult_underweight,11,Indonesia,2003,27,Age-standardized,1,Male,0.271032732945695,0.189260170148017,0.362138054993342
adult_underweight,11,Indonesia,2003,27,Age-standardized,2,Female,0.260321529109585,0.18571065220278,0.347841073962233
adult_underweight,12,Lao People's Democratic Republic,2003,27,Age-standardized,1,Male,0.279902469651745,0.142913464522228,0.441025666444293
adult_underweight,12,Lao People's Democratic Republic,2003,27,Age-standardized,2,Female,0.210081083880856,0.0787686656791705,0.396072763786509
adult_underweight,15,Myanmar,2003,27,Age-standardized,1,Male,0.354175466741244,0.20802923036772,0.511707884340069
adult_underweight,15,Myanmar,2003,27,Age-standardized,2,Female,0.317628629613247,0.185730781787402,0.447687083740787
adult_underweight,16,Philippines,2003,27,Age-standardized,1,Male,0.221370890654669,0.094480712667961,0.396662885819267
adult_underweight,16,Philippines,2003,27,Age-standardized,2,Female,0.258341322811852,0.097803708552366,0.46777525631953
adult_underweight,18,Thailand,2003,27,Age-standardized,1,Male,0.285282027151838,0.132509501227498,0.480178585894794
adult_underweight,18,Thailand,2003,27,Age-standardized,2,Female,0.205694422842922,0.0651697017832632,0.423017947071125
adult_underweight,20,Viet Nam,2003,27,Age-standardized,1,Male,0.354823393670458,0.259400632219529,0.456693290407216
adult_underweight,20,Viet Nam,2003,27,Age-standardized,2,Female,0.37057004476302,0.264473015355583,0.480652670442531
adult_underweight,38,Mongolia,2003,27,Age-standardized,1,Male,0.0195530303970459,0.0081453714840298,0.0410012629971187
adult_underweight,38,Mongolia,2003,27,Age-standardized,2,Female,0.0218270783641507,0.0076820666432666,0.0527304838068792
adult_underweight,122,Ecuador,2003,27,Age-standardized,1,Male,0.0061833745597381,0.0021550016760502,0.0141020044344896
adult_underweight,122,Ecuador,2003,27,Age-standardized,2,Female,0.0177268372893315,0.004847605331179,0.0467883519519278
adult_underweight,135,Brazil,2003,27,Age-standardized,1,Male,0.0415447955463933,0.0226853319010925,0.0709860954507421
adult_underweight,135,Brazil,2003,27,Age-standardized,2,Female,0.0519176587154794,0.0315481322251464,0.0830067596705013
adult_underweight,161,Bangladesh,2003,27,Age-standardized,1,Male,0.33166776031639,0.189514288679477,0.491665582245158
adult_underweight,161,Bangladesh,2003,27,Age-standardized,2,Female,0.27607675018646,0.118276870814329,0.477281037672769
adult_underweight,163,India,2003,27,Age-standardized,1,Male,0.414860164073233,0.319892406304316,0.507450495033672
adult_underweight,163,India,2003,27,Age-standardized,2,Female,0.442589151289054,0.345455107049827,0.538669709621555
adult_underweight,164,Nepal,2003,27,Age-standardized,1,Male,0.308873411952081,0.168630504906099,0.464314695349328
adult_underweight,164,Nepal,2003,27,Age-standardized,2,Female,0.309782934201009,0.143484933946111,0.517687767286151
adult_underweight,165,Pakistan,2003,27,Age-standardized,1,Male,0.213341221341599,0.106395333156616,0.354600185114103
adult_underweight,165,Pakistan,2003,27,Age-standardized,2,Female,0.187845511259406,0.0802327095254648,0.343943057518203
adult_underweight,178,Eritrea,2003,27,Age-standardized,1,Male,0.40244637066359,0.223202193125363,0.592339397452518
adult_underweight,178,Eritrea,2003,27,Age-standardized,2,Female,0.388560714964427,0.203543721548508,0.584733217546364
adult_underweight,179,Ethiopia,2003,27,Age-standardized,1,Male,0.35871005143389,0.187593773215381,0.556426285751231
adult_underweight,179,Ethiopia,2003,27,Age-standardized,2,Female,0.297212751988313,0.117366802229023,0.548412841617233
adult_underweight,180,Kenya,2003,27,Age-standardized,1,Male,0.34647180953461,0.181906083863247,0.539570306253308
adult_underweight,180,Kenya,2003,27,Age-standardized,2,Female,0.221092278467935,0.0998275755141258,0.382659862987137
adult_underweight,182,Malawi,2003,27,Age-standardized,1,Male,0.198870563043186,0.0950540328344859,0.334534288416433
adult_underweight,182,Malawi,2003,27,Age-standardized,2,Female,0.151860704685588,0.0667659351381191,0.280702969209803
adult_underweight,185,Rwanda,2003,27,Age-standardized,1,Male,0.228982615860837,0.097873374912444,0.408345719534818
adult_underweight,185,Rwanda,2003,27,Age-standardized,2,Female,0.139153139943947,0.0378696237008062,0.320301176269664
adult_underweight,189,United Republic of Tanzania,2003,27,Age-standardized,1,Male,0.234586949103591,0.134007794371759,0.354854187233011
adult_underweight,189,United Republic of Tanzania,2003,27,Age-standardized,2,Female,0.211788632278869,0.110324972827098,0.345550735126301
adult_underweight,190,Uganda,2003,27,Age-standardized,1,Male,0.244494939025829,0.116698920074852,0.416985066319896
adult_underweight,190,Uganda,2003,27,Age-standardized,2,Female,0.163165146317767,0.0593052137115334,0.329766695078097
adult_underweight,191,Zambia,2003,27,Age-standardized,1,Male,0.191350390834405,0.0843348803359223,0.345557239640675
adult_underweight,191,Zambia,2003,27,Age-standardized,2,Female,0.187425414924003,0.069010732269349,0.364650006488426
adult_underweight,194,Lesotho,2003,27,Age-standardized,1,Male,0.182269064093239,0.0721306255325789,0.351079262744689
adult_underweight,194,Lesotho,2003,27,Age-standardized,2,Female,0.0723476658236171,0.0172056458653851,0.18807098136694
adult_underweight,195,Namibia,2003,27,Age-standardized,1,Male,0.29745858297405,0.152363797327386,0.471823720206085
adult_underweight,195,Namibia,2003,27,Age-standardized,2,Female,0.203297287579439,0.0938057869675768,0.352273567861455
adult_underweight,196,South Africa,2003,27,Age-standardized,1,Male,0.127135990493919,0.0581450729502112,0.234953652624069
adult_underweight,196,South Africa,2003,27,Age-standardized,2,Female,0.0628351663864267,0.026000962389921,0.126639485467918
adult_underweight,197,Eswatini,2003,27,Age-standardized,1,Male,0.0349224044932898,0.0134541954151732,0.0738839572531307
adult_underweight,197,Eswatini,2003,27,Age-standardized,2,Female,0.0780663557853002,0.0218703867930224,0.185591698317542
adult_underweight,198,Zimbabwe,2003,27,Age-standardized,1,Male,0.18444038083825,0.07707571414417,0.338050020011116
adult_underweight,198,Zimbabwe,2003,27,Age-standardized,2,Female,0.0401109780818653,0.0124768371197417,0.0980332255234766
adult_underweight,206,Gambia,2003,27,Age-standardized,1,Male,0.166134151822779,0.0633064046503862,0.325638732306343
adult_underweight,206,Gambia,2003,27,Age-standardized,2,Female,0.126557520576262,0.0349869659750999,0.298138137116349
adult_underweight,207,Ghana,2003,27,Age-standardized,1,Male,0.185912434488009,0.109837335930904,0.27647734729497
adult_underweight,207,Ghana,2003,27,Age-standardized,2,Female,0.212181767936901,0.127929493070249,0.310354474002119
adult_underweight,214,Nigeria,2003,27,Age-standardized,1,Male,0.106917585231233,0.0354192788536448,0.231629897604749
adult_underweight,214,Nigeria,2003,27,Age-standardized,2,Female,0.130766405909329,0.0378576069675853,0.304117756427451
adult_underweight,522,Sudan,2003,27,Age-standardized,1,Male,0.0151810158993902,0.0044874526652595,0.0367402179192535
adult_underweight,522,Sudan,2003,27,Age-standardized,2,Female,0.0129588713036435,0.0023697390979238,0.0393305067674428
adult_underweight,6,China,2004,27,Age-standardized,1,Male,0.115602371353645,0.0759489899764612,0.166716593516609
adult_underweight,6,China,2004,27,Age-standardized,2,Female,0.163002510475128,0.104318434268352,0.239146010566059
adult_underweight,7,Democratic People's Republic of Korea,2004,27,Age-standardized,1,Male,0.0769480479547176,0.0250867467617201,0.170964902173814
adult_underweight,7,Democratic People's Republic of Korea,2004,27,Age-standardized,2,Female,0.105080723740494,0.0238263729050181,0.266105766478722
adult_underweight,10,Cambodia,2004,27,Age-standardized,1,Male,0.274517980518733,0.12353840375218,0.47163917025878
adult_underweight,10,Cambodia,2004,27,Age-standardized,2,Female,0.232132597203066,0.0814206120604016,0.449235429837095
adult_underweight,11,Indonesia,2004,27,Age-standardized,1,Male,0.266607480412052,0.184030680411025,0.359097716492358
adult_underweight,11,Indonesia,2004,27,Age-standardized,2,Female,0.254825133618953,0.17894035670921,0.34586429627107
adult_underweight,12,Lao People's Democratic Republic,2004,27,Age-standardized,1,Male,0.271435008731082,0.138793726658057,0.428355552857223
adult_underweight,12,Lao People's Democratic Republic,2004,27,Age-standardized,2,Female,0.205132465069875,0.0783400162764725,0.387485741880461
adult_underweight,15,Myanmar,2004,27,Age-standardized,1,Male,0.350441130245944,0.206425901193412,0.505197986921978
adult_underweight,15,Myanmar,2004,27,Age-standardized,2,Female,0.314479885184313,0.184328377639551,0.445456475134536
adult_underweight,16,Philippines,2004,27,Age-standardized,1,Male,0.219148194929868,0.0949002357451309,0.395325853709402
adult_underweight,16,Philippines,2004,27,Age-standardized,2,Female,0.258693426246797,0.0994656410885294,0.469067736496217
adult_underweight,18,Thailand,2004,27,Age-standardized,1,Male,0.280547132736802,0.13133255197538,0.473023928597593
adult_underweight,18,Thailand,2004,27,Age-standardized,2,Female,0.203392164596491,0.066050634703427,0.41555882426728
adult_underweight,20,Viet Nam,2004,27,Age-standardized,1,Male,0.345217350448741,0.246849956804256,0.450697227887659
adult_underweight,20,Viet Nam,2004,27,Age-standardized,2,Female,0.360978755290181,0.249636849071867,0.478142620644757
adult_underweight,38,Mongolia,2004,27,Age-standardized,1,Male,0.0194096672890309,0.0082879375219662,0.0402178983424354
adult_underweight,38,Mongolia,2004,27,Age-standardized,2,Female,0.0217999725558029,0.0080333955224997,0.0517186808325121
adult_underweight,122,Ecuador,2004,27,Age-standardized,1,Male,0.0061924395774437,0.0022002903440591,0.014122260430472
adult_underweight,122,Ecuador,2004,27,Age-standardized,2,Female,0.0170235198892049,0.0047562814787735,0.0454483688520525
adult_underweight,135,Brazil,2004,27,Age-standardized,1,Male,0.0404235382876078,0.0224786862020575,0.067497325991883
adult_underweight,135,Brazil,2004,27,Age-standardized,2,Female,0.0506657981047679,0.0314592935830207,0.0795756278020833
adult_underweight,161,Bangladesh,2004,27,Age-standardized,1,Male,0.329809701324537,0.193752464289895,0.483681777153312
adult_underweight,161,Bangladesh,2004,27,Age-standardized,2,Female,0.277504122621248,0.124659972871032,0.470989603003209
adult_underweight,163,India,2004,27,Age-standardized,1,Male,0.402351070559997,0.309982385292736,0.493459872777481
adult_underweight,163,India,2004,27,Age-standardized,2,Female,0.424712144198434,0.331514266460814,0.519022291773965
adult_underweight,164,Nepal,2004,27,Age-standardized,1,Male,0.298994726668987,0.163940785325401,0.451034602688722
adult_underweight,164,Nepal,2004,27,Age-standardized,2,Female,0.301359899741878,0.140008322953691,0.502848334159115
adult_underweight,165,Pakistan,2004,27,Age-standardized,1,Male,0.213152081306591,0.108946629148003,0.352204538346642
adult_underweight,165,Pakistan,2004,27,Age-standardized,2,Female,0.189024913072554,0.0848428504534336,0.339004957450827
adult_underweight,178,Eritrea,2004,27,Age-standardized,1,Male,0.397289850122931,0.223267319025385,0.583030799773286
adult_underweight,178,Eritrea,2004,27,Age-standardized,2,Female,0.389181736622634,0.206460431968572,0.582844305528105
adult_underweight,179,Ethiopia,2004,27,Age-standardized,1,Male,0.355758662432991,0.188317710724889,0.550536582764097
adult_underweight,179,Ethiopia,2004,27,Age-standardized,2,Female,0.294729517221076,0.118548972153369,0.537745731823836
adult_underweight,180,Kenya,2004,27,Age-standardized,1,Male,0.342827876802072,0.181130210148723,0.533559100410566
adult_underweight,180,Kenya,2004,27,Age-standardized,2,Female,0.220238862681069,0.101367318475646,0.379462267279221
adult_underweight,182,Malawi,2004,27,Age-standardized,1,Male,0.195054066275162,0.0945824777527956,0.327134108785025
adult_underweight,182,Malawi,2004,27,Age-standardized,2,Female,0.149069082893796,0.0667977640140001,0.275625410236465
adult_underweight,185,Rwanda,2004,27,Age-standardized,1,Male,0.225818270963011,0.098186410495179,0.401510830477638
adult_underweight,185,Rwanda,2004,27,Age-standardized,2,Female,0.138174609666977,0.039026797280424,0.313278929455784
adult_underweight,189,United Republic of Tanzania,2004,27,Age-standardized,1,Male,0.232660758863778,0.136247076493984,0.348176498889654
adult_underweight,189,United Republic of Tanzania,2004,27,Age-standardized,2,Female,0.208732045296551,0.112119376808317,0.336615710395032
adult_underweight,190,Uganda,2004,27,Age-standardized,1,Male,0.242191482332542,0.117780064539116,0.409012348471129
adult_underweight,190,Uganda,2004,27,Age-standardized,2,Female,0.162127597995911,0.0598501680171653,0.322299240035835
adult_underweight,191,Zambia,2004,27,Age-standardized,1,Male,0.186883975667029,0.0823481274779539,0.338217703399604
adult_underweight,191,Zambia,2004,27,Age-standardized,2,Female,0.183076306619625,0.0685909831287241,0.357304673045667
adult_underweight,194,Lesotho,2004,27,Age-standardized,1,Male,0.179135409818896,0.07190230210971,0.345301681018283
adult_underweight,194,Lesotho,2004,27,Age-standardized,2,Female,0.0714125576935644,0.0175510634620682,0.185309711884898
adult_underweight,195,Namibia,2004,27,Age-standardized,1,Male,0.291356225864972,0.149759423339365,0.46445025682179
adult_underweight,195,Namibia,2004,27,Age-standardized,2,Female,0.199224402732577,0.0921515161472513,0.347011704807676
adult_underweight,196,South Africa,2004,27,Age-standardized,1,Male,0.125758737613172,0.0583593019459302,0.231709435579629
adult_underweight,196,South Africa,2004,27,Age-standardized,2,Female,0.0613632576238572,0.0254651862113551,0.123461636410839
adult_underweight,197,Eswatini,2004,27,Age-standardized,1,Male,0.0349170216085157,0.0136322789133188,0.0740809823792062
adult_underweight,197,Eswatini,2004,27,Age-standardized,2,Female,0.076251700017633,0.0217551716459525,0.181726307377517
adult_underweight,198,Zimbabwe,2004,27,Age-standardized,1,Male,0.180082861673983,0.075773857379557,0.331959626702191
adult_underweight,198,Zimbabwe,2004,27,Age-standardized,2,Female,0.0400598730123409,0.0127166437038041,0.097490098185053
adult_underweight,206,Gambia,2004,27,Age-standardized,1,Male,0.163158417479117,0.0629251501111865,0.322170222047194
adult_underweight,206,Gambia,2004,27,Age-standardized,2,Female,0.125054038629874,0.0361655370729963,0.291179251712385
adult_underweight,207,Ghana,2004,27,Age-standardized,1,Male,0.177334312904915,0.10746418465387,0.262482284926532
adult_underweight,207,Ghana,2004,27,Age-standardized,2,Female,0.201931861412242,0.126127219915884,0.29124583902852
adult_underweight,214,Nigeria,2004,27,Age-standardized,1,Male,0.104630304419811,0.0348349197892308,0.227979022690058
adult_underweight,214,Nigeria,2004,27,Age-standardized,2,Female,0.128570312471023,0.0390823402716855,0.29559161631381
adult_underweight,522,Sudan,2004,27,Age-standardized,1,Male,0.014718132896235,0.0043827021592017,0.0357647233392463
adult_underweight,522,Sudan,2004,27,Age-standardized,2,Female,0.0130356133541577,0.0024111664080506,0.0396805947070506
adult_underweight,6,China,2005,27,Age-standardized,1,Male,0.115218015103066,0.0785121565550261,0.16249231370912
adult_underweight,6,China,2005,27,Age-standardized,2,Female,0.164411326263239,0.109627033006268,0.234547830126977
adult_underweight,7,Democratic People's Republic of Korea,2005,27,Age-standardized,1,Male,0.0752705056466346,0.0244607142021593,0.171403582373331
adult_underweight,7,Democratic People's Republic of Korea,2005,27,Age-standardized,2,Female,0.104974885548899,0.0237211796861692,0.273002057569234
adult_underweight,10,Cambodia,2005,27,Age-standardized,1,Male,0.268096827275831,0.11956773167322,0.465405639768883
adult_underweight,10,Cambodia,2005,27,Age-standardized,2,Female,0.229264118242846,0.0834069076517732,0.441274598572826
adult_underweight,11,Indonesia,2005,27,Age-standardized,1,Male,0.262290902238951,0.179678870349884,0.355571102623852
adult_underweight,11,Indonesia,2005,27,Age-standardized,2,Female,0.24955304642039,0.170864330490929,0.343247346405137
adult_underweight,12,Lao People's Democratic Republic,2005,27,Age-standardized,1,Male,0.26286598420785,0.134652296165288,0.42051363039414
adult_underweight,12,Lao People's Democratic Republic,2005,27,Age-standardized,2,Female,0.20031239366592,0.0772630369502369,0.382974591393951
adult_underweight,15,Myanmar,2005,27,Age-standardized,1,Male,0.346695388157933,0.204679233733467,0.50076607504729
adult_underweight,15,Myanmar,2005,27,Age-standardized,2,Female,0.311298104615359,0.181089861125883,0.445918910167521
adult_underweight,16,Philippines,2005,27,Age-standardized,1,Male,0.216946195659163,0.0941882563928238,0.392872358214485
adult_underweight,16,Philippines,2005,27,Age-standardized,2,Female,0.259022127395693,0.100700335711489,0.466277450165948
adult_underweight,18,Thailand,2005,27,Age-standardized,1,Male,0.275921124336778,0.131482151946952,0.467528572475724
adult_underweight,18,Thailand,2005,27,Age-standardized,2,Female,0.201318684138733,0.0662555835846707,0.40845907838768
adult_underweight,20,Viet Nam,2005,27,Age-standardized,1,Male,0.335662500072631,0.233548126386228,0.443709538888034
adult_underweight,20,Viet Nam,2005,27,Age-standardized,2,Female,0.35154190818915,0.233006303976117,0.476010935308122
adult_underweight,38,Mongolia,2005,27,Age-standardized,1,Male,0.0192546246051588,0.0084218211137582,0.0396852924941883
adult_underweight,38,Mongolia,2005,27,Age-standardized,2,Female,0.0217738082599995,0.008417543094481,0.051499984362322
adult_underweight,122,Ecuador,2005,27,Age-standardized,1,Male,0.0061890003802971,0.0022310562887865,0.0141181340853341
adult_underweight,122,Ecuador,2005,27,Age-standardized,2,Female,0.0163063018196124,0.0046144725055845,0.0437101336160722
adult_underweight,135,Brazil,2005,27,Age-standardized,1,Male,0.0392601211611967,0.0223671671186874,0.064458745275938
adult_underweight,135,Brazil,2005,27,Age-standardized,2,Female,0.0492863233115306,0.0313196091146743,0.0758847991956605
adult_underweight,161,Bangladesh,2005,27,Age-standardized,1,Male,0.327582048088147,0.197242119844143,0.47558362974004
adult_underweight,161,Bangladesh,2005,27,Age-standardized,2,Female,0.278816332390324,0.132008845313152,0.465737390200827
adult_underweight,163,India,2005,27,Age-standardized,1,Male,0.390673600239864,0.302262326429212,0.480138964728642
adult_underweight,163,India,2005,27,Age-standardized,2,Female,0.407790718454094,0.318933267078502,0.49968343875286
adult_underweight,164,Nepal,2005,27,Age-standardized,1,Male,0.288988478111643,0.157600937049676,0.441258685938999
adult_underweight,164,Nepal,2005,27,Age-standardized,2,Female,0.292612367660638,0.136045427679924,0.492893148029359
adult_underweight,165,Pakistan,2005,27,Age-standardized,1,Male,0.212777544229866,0.112531492504898,0.345325873620231
adult_underweight,165,Pakistan,2005,27,Age-standardized,2,Female,0.190160316832393,0.0896961222037931,0.33067202925763
adult_underweight,178,Eritrea,2005,27,Age-standardized,1,Male,0.394893201340955,0.22596856442246,0.579851190173635
adult_underweight,178,Eritrea,2005,27,Age-standardized,2,Female,0.390707493574209,0.209478613954193,0.585411964018725
adult_underweight,179,Ethiopia,2005,27,Age-standardized,1,Male,0.352780762678124,0.188394871930919,0.545855997061329
adult_underweight,179,Ethiopia,2005,27,Age-standardized,2,Female,0.293535425400586,0.119866753269455,0.534160569968373
adult_underweight,180,Kenya,2005,27,Age-standardized,1,Male,0.332726399916107,0.17581146116579,0.52255249728765
adult_underweight,180,Kenya,2005,27,Age-standardized,2,Female,0.215606078492709,0.0996317323180464,0.373008889588989
adult_underweight,182,Malawi,2005,27,Age-standardized,1,Male,0.191103599030463,0.0931872503545815,0.322024510360451
adult_underweight,182,Malawi,2005,27,Age-standardized,2,Female,0.146098952157363,0.0663010088375004,0.272279672157131
adult_underweight,185,Rwanda,2005,27,Age-standardized,1,Male,0.221826964197967,0.0980448927332107,0.395427790198067
adult_underweight,185,Rwanda,2005,27,Age-standardized,2,Female,0.136501648971825,0.040006530137081,0.309797668473812
adult_underweight,189,United Republic of Tanzania,2005,27,Age-standardized,1,Male,0.228317987711504,0.136750743808498,0.340077124825147
adult_underweight,189,United Republic of Tanzania,2005,27,Age-standardized,2,Female,0.203176117524506,0.112708608123395,0.324290258966106
adult_underweight,190,Uganda,2005,27,Age-standardized,1,Male,0.239794734759425,0.119492941036369,0.399394659022992
adult_underweight,190,Uganda,2005,27,Age-standardized,2,Female,0.161023411067868,0.0608596921509735,0.316975826319713
adult_underweight,191,Zambia,2005,27,Age-standardized,1,Male,0.182364056091655,0.0806524266167426,0.333918440724548
adult_underweight,191,Zambia,2005,27,Age-standardized,2,Female,0.178398316714526,0.067409141384338,0.351854586080407
adult_underweight,194,Lesotho,2005,27,Age-standardized,1,Male,0.175906192902295,0.071787021338902,0.340179046310957
adult_underweight,194,Lesotho,2005,27,Age-standardized,2,Female,0.0704730381350363,0.0179718705203028,0.184495160009981
adult_underweight,195,Namibia,2005,27,Age-standardized,1,Male,0.28551100649743,0.146322658658999,0.458564828090078
adult_underweight,195,Namibia,2005,27,Age-standardized,2,Female,0.195158673213184,0.0885833386720584,0.345596730708544
adult_underweight,196,South Africa,2005,27,Age-standardized,1,Male,0.124437855616171,0.058898451915696703,0.226541327604509
adult_underweight,196,South Africa,2005,27,Age-standardized,2,Female,0.0599032945791958,0.0247489765660646,0.120663109083879
adult_underweight,197,Eswatini,2005,27,Age-standardized,1,Male,0.0349151765996875,0.0137934067576541,0.0740194508711962
adult_underweight,197,Eswatini,2005,27,Age-standardized,2,Female,0.0744169975949131,0.0214962352421921,0.180387208692539
adult_underweight,198,Zimbabwe,2005,27,Age-standardized,1,Male,0.175742560291486,0.0739348417475181,0.328266660282334
adult_underweight,198,Zimbabwe,2005,27,Age-standardized,2,Female,0.0399712808927329,0.0129345088658379,0.0987655235200744
adult_underweight,206,Gambia,2005,27,Age-standardized,1,Male,0.160140088608899,0.0618879182820515,0.319346750056435
adult_underweight,206,Gambia,2005,27,Age-standardized,2,Female,0.123557368212448,0.0372585692097428,0.286994154629931
adult_underweight,207,Ghana,2005,27,Age-standardized,1,Male,0.168910944884711,0.104121373060251,0.249636203049415
adult_underweight,207,Ghana,2005,27,Age-standardized,2,Female,0.191713117801418,0.12323297918455,0.274739793804939
adult_underweight,214,Nigeria,2005,27,Age-standardized,1,Male,0.102307949512408,0.0339265132612253,0.228432936646752
adult_underweight,214,Nigeria,2005,27,Age-standardized,2,Female,0.1263458931038,0.039998356364671,0.293054864699121
adult_underweight,522,Sudan,2005,27,Age-standardized,1,Male,0.0142102779930722,0.0042226590283699,0.0354965166689121
adult_underweight,522,Sudan,2005,27,Age-standardized,2,Female,0.013075799016535,0.0024157399801559,0.0411500369691585
adult_underweight,6,China,2006,27,Age-standardized,1,Male,0.114950201705324,0.0810674567610028,0.15896741927517
adult_underweight,6,China,2006,27,Age-standardized,2,Female,0.16600839566192,0.115067684726026,0.231328644892691
adult_underweight,7,Democratic People's Republic of Korea,2006,27,Age-standardized,1,Male,0.0736621750640242,0.0241818522256894,0.168362054158404
adult_underweight,7,Democratic People's Republic of Korea,2006,27,Age-standardized,2,Female,0.104885313565751,0.0240456246687232,0.273729589552346
adult_underweight,10,Cambodia,2006,27,Age-standardized,1,Male,0.26184174980652,0.117765890527539,0.458617451794795
adult_underweight,10,Cambodia,2006,27,Age-standardized,2,Female,0.226298489629843,0.0856977343199335,0.430964514650198
adult_underweight,11,Indonesia,2006,27,Age-standardized,1,Male,0.258157968463378,0.174350710442974,0.352880673635744
adult_underweight,11,Indonesia,2006,27,Age-standardized,2,Female,0.244670444483426,0.163166811082448,0.340287031444921
adult_underweight,12,Lao People's Democratic Republic,2006,27,Age-standardized,1,Male,0.254263288386845,0.130211535652092,0.409137134201646
adult_underweight,12,Lao People's Democratic Republic,2006,27,Age-standardized,2,Female,0.195626453738908,0.0759529060887748,0.37495245202455
adult_underweight,15,Myanmar,2006,27,Age-standardized,1,Male,0.342904378199591,0.202558543268903,0.496908168545357
adult_underweight,15,Myanmar,2006,27,Age-standardized,2,Female,0.307983236356773,0.175159748157497,0.446345010547562
adult_underweight,16,Philippines,2006,27,Age-standardized,1,Male,0.214780958474118,0.0950098509345175,0.389673603714636
adult_underweight,16,Philippines,2006,27,Age-standardized,2,Female,0.25924138950752,0.103462277691674,0.463599482481239
adult_underweight,18,Thailand,2006,27,Age-standardized,1,Male,0.271357706037886,0.129878733483878,0.462364255135256
adult_underweight,18,Thailand,2006,27,Age-standardized,2,Female,0.199308769665746,0.0674451256903398,0.405558227785955
adult_underweight,20,Viet Nam,2006,27,Age-standardized,1,Male,0.32620482072447,0.221823047594302,0.437143193835352
adult_underweight,20,Viet Nam,2006,27,Age-standardized,2,Female,0.342271086041175,0.219253199963944,0.474056004329453
adult_underweight,38,Mongolia,2006,27,Age-standardized,1,Male,0.018770696959525,0.0085165763592505,0.0380494259780304
adult_underweight,38,Mongolia,2006,27,Age-standardized,2,Female,0.0218686648547614,0.0088873563632573,0.0508444818210831
adult_underweight,122,Ecuador,2006,27,Age-standardized,1,Male,0.0061739718727698,0.0022779400731311,0.0141883302237618
adult_underweight,122,Ecuador,2006,27,Age-standardized,2,Female,0.0155940533056395,0.0045057588503734,0.0421054224331442
adult_underweight,135,Brazil,2006,27,Age-standardized,1,Male,0.03808960460735,0.0221186453341474,0.0617257814677087
adult_underweight,135,Brazil,2006,27,Age-standardized,2,Female,0.0479568682546489,0.031127461719481,0.0725169473213141
adult_underweight,161,Bangladesh,2006,27,Age-standardized,1,Male,0.324822000337432,0.200304249360343,0.467179514816003
adult_underweight,161,Bangladesh,2006,27,Age-standardized,2,Female,0.279818752396795,0.138876012174816,0.45968244789326
adult_underweight,163,India,2006,27,Age-standardized,1,Male,0.378743469952171,0.293385736213654,0.469191034329479
adult_underweight,163,India,2006,27,Age-standardized,2,Female,0.391395199495756,0.307010270231892,0.479748088868999
adult_underweight,164,Nepal,2006,27,Age-standardized,1,Male,0.27878238981331,0.151013549847631,0.429228523525741
adult_underweight,164,Nepal,2006,27,Age-standardized,2,Female,0.283580775610486,0.131394711592279,0.480502798345519
adult_underweight,165,Pakistan,2006,27,Age-standardized,1,Male,0.212083248104308,0.116591724328049,0.338733830128325
adult_underweight,165,Pakistan,2006,27,Age-standardized,2,Female,0.191108178847837,0.0959507306655909,0.321541758249563
adult_underweight,178,Eritrea,2006,27,Age-standardized,1,Male,0.392504323108193,0.227990417496616,0.572551396219323
adult_underweight,178,Eritrea,2006,27,Age-standardized,2,Female,0.392423121904465,0.212755371256584,0.586414874893899
adult_underweight,179,Ethiopia,2006,27,Age-standardized,1,Male,0.349699860123315,0.189425488124064,0.539414931374593
adult_underweight,179,Ethiopia,2006,27,Age-standardized,2,Female,0.292148492175542,0.121360394838672,0.528418317367453
adult_underweight,180,Kenya,2006,27,Age-standardized,1,Male,0.322330139622865,0.170026277004716,0.51038869274812
adult_underweight,180,Kenya,2006,27,Age-standardized,2,Female,0.210736427930136,0.0974777716296523,0.36699695815417
adult_underweight,182,Malawi,2006,27,Age-standardized,1,Male,0.187226260829631,0.0925808053781298,0.315900194169768
adult_underweight,182,Malawi,2006,27,Age-standardized,2,Female,0.14315288102061,0.0648676009193605,0.267836032931648
adult_underweight,185,Rwanda,2006,27,Age-standardized,1,Male,0.217872877004015,0.0985410433075372,0.387380419635534
adult_underweight,185,Rwanda,2006,27,Age-standardized,2,Female,0.13485441071347,0.0415968576632286,0.303147705914732
adult_underweight,189,United Republic of Tanzania,2006,27,Age-standardized,1,Male,0.223818341315917,0.136191037914783,0.332024962074362
adult_underweight,189,United Republic of Tanzania,2006,27,Age-standardized,2,Female,0.19739587289252,0.112448885746868,0.311799013635223
adult_underweight,190,Uganda,2006,27,Age-standardized,1,Male,0.237482531848569,0.121951377868525,0.392089214687372
adult_underweight,190,Uganda,2006,27,Age-standardized,2,Female,0.160032687354637,0.0617305566654076,0.312267217172802
adult_underweight,191,Zambia,2006,27,Age-standardized,1,Male,0.177818474724587,0.0787234567011893,0.328732602882115
adult_underweight,191,Zambia,2006,27,Age-standardized,2,Female,0.173692902568071,0.0662516342113842,0.345311175104591
adult_underweight,194,Lesotho,2006,27,Age-standardized,1,Male,0.172651426104471,0.0722545648922594,0.332831902106859
adult_underweight,194,Lesotho,2006,27,Age-standardized,2,Female,0.069583145684145,0.0185702373252873,0.180554981744138
adult_underweight,195,Namibia,2006,27,Age-standardized,1,Male,0.279647136145316,0.143283648511883,0.451297695038026
adult_underweight,195,Namibia,2006,27,Age-standardized,2,Female,0.191062292789776,0.0853055115199459,0.346058580040473
adult_underweight,196,South Africa,2006,27,Age-standardized,1,Male,0.123160394653667,0.0595519936678321,0.222064576514082
adult_underweight,196,South Africa,2006,27,Age-standardized,2,Female,0.0584902679923923,0.0242171888596776,0.118240761253088
adult_underweight,197,Eswatini,2006,27,Age-standardized,1,Male,0.0349309885653274,0.0139652110024056,0.0742674136086726
adult_underweight,197,Eswatini,2006,27,Age-standardized,2,Female,0.0726081713624865,0.0212331446324595,0.176580251469831
adult_underweight,198,Zimbabwe,2006,27,Age-standardized,1,Male,0.171462224352648,0.0724254332724475,0.323429010210865
adult_underweight,198,Zimbabwe,2006,27,Age-standardized,2,Female,0.0398643789797058,0.0130383779114864,0.0986934684247633
adult_underweight,206,Gambia,2006,27,Age-standardized,1,Male,0.157086817304691,0.0619573034312371,0.313894277513722
adult_underweight,206,Gambia,2006,27,Age-standardized,2,Female,0.122340183192391,0.0391107180744171,0.280441550042224
adult_underweight,207,Ghana,2006,27,Age-standardized,1,Male,0.160444994138793,0.0996057381303299,0.237091924125196
adult_underweight,207,Ghana,2006,27,Age-standardized,2,Female,0.182213383711373,0.118625393818498,0.260449549671708
adult_underweight,214,Nigeria,2006,27,Age-standardized,1,Male,0.0999161015478808,0.0334430735363308,0.224077508704522
adult_underweight,214,Nigeria,2006,27,Age-standardized,2,Female,0.124544013739886,0.0411301983448794,0.287616379891642
adult_underweight,522,Sudan,2006,27,Age-standardized,1,Male,0.0137039625388904,0.0041193925265364,0.0343134492598583
adult_underweight,522,Sudan,2006,27,Age-standardized,2,Female,0.0130374898464496,0.0024502742545507,0.0410519386064917
adult_underweight,6,China,2007,27,Age-standardized,1,Male,0.114772652141502,0.0822375536752948,0.156227615504079
adult_underweight,6,China,2007,27,Age-standardized,2,Female,0.167784624835729,0.119178442747823,0.228768446441594
adult_underweight,7,Democratic People's Republic of Korea,2007,27,Age-standardized,1,Male,0.0720834815269261,0.0240499157904504,0.167413951148729
adult_underweight,7,Democratic People's Republic of Korea,2007,27,Age-standardized,2,Female,0.104770561525533,0.0245669866575797,0.278113747208075
adult_underweight,10,Cambodia,2007,27,Age-standardized,1,Male,0.25563607868552,0.115763958388358,0.45110847594361
adult_underweight,10,Cambodia,2007,27,Age-standardized,2,Female,0.223209246621621,0.0886626984722021,0.42411829537566
adult_underweight,11,Indonesia,2007,27,Age-standardized,1,Male,0.254236217728153,0.170152871725127,0.349935699961457
adult_underweight,11,Indonesia,2007,27,Age-standardized,2,Female,0.240325272669723,0.157573995197545,0.339687665266628
adult_underweight,12,Lao People's Democratic Republic,2007,27,Age-standardized,1,Male,0.245663563055706,0.125311339497466,0.401577857765989
adult_underweight,12,Lao People's Democratic Republic,2007,27,Age-standardized,2,Female,0.191113810504747,0.0745894765172705,0.3706783318196
adult_underweight,15,Myanmar,2007,27,Age-standardized,1,Male,0.339006667371523,0.199376226697172,0.497332733819159
adult_underweight,15,Myanmar,2007,27,Age-standardized,2,Female,0.304532470468479,0.170300160203061,0.447311261398737
adult_underweight,16,Philippines,2007,27,Age-standardized,1,Male,0.212639220298215,0.0955905378093305,0.385061901090451
adult_underweight,16,Philippines,2007,27,Age-standardized,2,Female,0.259387561019377,0.105771084455541,0.4613677474809
adult_underweight,18,Thailand,2007,27,Age-standardized,1,Male,0.266773374975386,0.128541776361356,0.45306539807991
adult_underweight,18,Thailand,2007,27,Age-standardized,2,Female,0.197303058282383,0.0686546419149527,0.400279388733589
adult_underweight,20,Viet Nam,2007,27,Age-standardized,1,Male,0.31687237297589,0.209326249263987,0.432931556498217
adult_underweight,20,Viet Nam,2007,27,Age-standardized,2,Female,0.333229149693856,0.205456727819341,0.472789764649914
adult_underweight,38,Mongolia,2007,27,Age-standardized,1,Male,0.0183152804408032,0.0085011242209911,0.0370044963592137
adult_underweight,38,Mongolia,2007,27,Age-standardized,2,Female,0.0219673629589226,0.0092713289302318,0.0505958076410252
adult_underweight,122,Ecuador,2007,27,Age-standardized,1,Male,0.0061485567617777,0.0023015503668528,0.0141299485003921
adult_underweight,122,Ecuador,2007,27,Age-standardized,2,Female,0.0148985775921841,0.0043826780037136,0.0406939408136723
adult_underweight,135,Brazil,2007,27,Age-standardized,1,Male,0.0368528408140514,0.021579756108656,0.0594452922997399
adult_underweight,135,Brazil,2007,27,Age-standardized,2,Female,0.0466164281783822,0.0306175991884632,0.0697513016557725
adult_underweight,161,Bangladesh,2007,27,Age-standardized,1,Male,0.321608836183311,0.202364895672394,0.459994020510128
adult_underweight,161,Bangladesh,2007,27,Age-standardized,2,Female,0.280636444299291,0.144875894483013,0.454707121294885
adult_underweight,163,India,2007,27,Age-standardized,1,Male,0.367000220800858,0.283082016477786,0.456238996613279
adult_underweight,163,India,2007,27,Age-standardized,2,Female,0.375652035033665,0.295539313149573,0.461260560818901
adult_underweight,164,Nepal,2007,27,Age-standardized,1,Male,0.268671418196846,0.144379850508072,0.420132217952011
adult_underweight,164,Nepal,2007,27,Age-standardized,2,Female,0.274632468773091,0.126983476409673,0.471157269401486
adult_underweight,165,Pakistan,2007,27,Age-standardized,1,Male,0.211266460938718,0.11965315283326,0.332645835926013
adult_underweight,165,Pakistan,2007,27,Age-standardized,2,Female,0.192006191913492,0.101709925448581,0.31583143396608
adult_underweight,178,Eritrea,2007,27,Age-standardized,1,Male,0.389988478541457,0.229154342494381,0.570655041285021
adult_underweight,178,Eritrea,2007,27,Age-standardized,2,Female,0.394205348536356,0.215709559109069,0.589851564339073
adult_underweight,179,Ethiopia,2007,27,Age-standardized,1,Male,0.346465484172119,0.190314077906898,0.536421427769569
adult_underweight,179,Ethiopia,2007,27,Age-standardized,2,Female,0.290561918866399,0.123185762919943,0.524864078437232
adult_underweight,180,Kenya,2007,27,Age-standardized,1,Male,0.31167330500847,0.16336665612522,0.501800838911231
adult_underweight,180,Kenya,2007,27,Age-standardized,2,Female,0.205683307561569,0.0944039031702632,0.362137403867585
adult_underweight,182,Malawi,2007,27,Age-standardized,1,Male,0.183429695996535,0.0916463595913538,0.312047961290024
adult_underweight,182,Malawi,2007,27,Age-standardized,2,Female,0.140273393653407,0.0633286135905401,0.265414582010695
adult_underweight,185,Rwanda,2007,27,Age-standardized,1,Male,0.213947077957768,0.0993942800729581,0.380922803597921
adult_underweight,185,Rwanda,2007,27,Age-standardized,2,Female,0.133258400430811,0.0433068931413979,0.299148928872127
adult_underweight,189,United Republic of Tanzania,2007,27,Age-standardized,1,Male,0.219246564042979,0.134706282862995,0.322697441195384
adult_underweight,189,United Republic of Tanzania,2007,27,Age-standardized,2,Female,0.191576282394797,0.111110314630794,0.298610973721648
adult_underweight,190,Uganda,2007,27,Age-standardized,1,Male,0.235227128875615,0.124068599245614,0.384640199272578
adult_underweight,190,Uganda,2007,27,Age-standardized,2,Female,0.159184938665965,0.0626546616364089,0.308780499629894
adult_underweight,191,Zambia,2007,27,Age-standardized,1,Male,0.173251814110217,0.0766996116686083,0.325596670249804
adult_underweight,191,Zambia,2007,27,Age-standardized,2,Female,0.169021478214369,0.0645296418282714,0.339588708656158
adult_underweight,194,Lesotho,2007,27,Age-standardized,1,Male,0.169397661134567,0.0726060764243131,0.327340952883817
adult_underweight,194,Lesotho,2007,27,Age-standardized,2,Female,0.0687564992202142,0.0190766222493771,0.179764253430715
adult_underweight,195,Namibia,2007,27,Age-standardized,1,Male,0.27378002456437,0.139984143928471,0.448322830562671
adult_underweight,195,Namibia,2007,27,Age-standardized,2,Female,0.186955311696312,0.0810121694778625,0.347076447155194
adult_underweight,196,South Africa,2007,27,Age-standardized,1,Male,0.121916963013809,0.0599236043949451,0.217783002136219
adult_underweight,196,South Africa,2007,27,Age-standardized,2,Female,0.0571527366889737,0.0240802796107485,0.115783323923691
adult_underweight,197,Eswatini,2007,27,Age-standardized,1,Male,0.034966935581088,0.0140875885911122,0.0740280586468536
adult_underweight,197,Eswatini,2007,27,Age-standardized,2,Female,0.0708456603466078,0.0208610866921565,0.175577757569083
adult_underweight,198,Zimbabwe,2007,27,Age-standardized,1,Male,0.167250421627911,0.0708088177742872,0.319991870243766
adult_underweight,198,Zimbabwe,2007,27,Age-standardized,2,Female,0.0397472310343331,0.0129937678316158,0.100440266580642
adult_underweight,206,Gambia,2007,27,Age-standardized,1,Male,0.154251575509242,0.0619037031265508,0.30928817792194
adult_underweight,206,Gambia,2007,27,Age-standardized,2,Female,0.121219879210242,0.0408562058029959,0.276393043934917
adult_underweight,207,Ghana,2007,27,Age-standardized,1,Male,0.154396592411833,0.0965398894875511,0.229938201552197
adult_underweight,207,Ghana,2007,27,Age-standardized,2,Female,0.17369830561098001,0.112377277630035,0.250708059643985
adult_underweight,214,Nigeria,2007,27,Age-standardized,1,Male,0.0977629582208025,0.0332355137337527,0.222797303777366
adult_underweight,214,Nigeria,2007,27,Age-standardized,2,Female,0.122833171368754,0.0423462246207925,0.2841303307239
adult_underweight,522,Sudan,2007,27,Age-standardized,1,Male,0.0131941123191849,0.0040366032917437,0.0336131217503893
adult_underweight,522,Sudan,2007,27,Age-standardized,2,Female,0.0130409095262458,0.0025142677190073,0.0418625259041873
adult_underweight,6,China,2008,27,Age-standardized,1,Male,0.11390749822749,0.081965991328055,0.153782353717957
adult_underweight,6,China,2008,27,Age-standardized,2,Female,0.168783266420433,0.121075692743542,0.226850011181787
adult_underweight,7,Democratic People's Republic of Korea,2008,27,Age-standardized,1,Male,0.0700197279760934,0.0228420966390087,0.164942697818008
adult_underweight,7,Democratic People's Republic of Korea,2008,27,Age-standardized,2,Female,0.103925382362067,0.0236544780770836,0.280236787338623
adult_underweight,10,Cambodia,2008,27,Age-standardized,1,Male,0.249381720249481,0.11091669651945,0.444956113885945
adult_underweight,10,Cambodia,2008,27,Age-standardized,2,Female,0.219869272560761,0.0891053449079927,0.415809881864339
adult_underweight,11,Indonesia,2008,27,Age-standardized,1,Male,0.250885701724521,0.165837373915394,0.348149377667984
adult_underweight,11,Indonesia,2008,27,Age-standardized,2,Female,0.237620335263015,0.15268057755684,0.342397039041324
adult_underweight,12,Lao People's Democratic Republic,2008,27,Age-standardized,1,Male,0.237092899859331,0.118050698876569,0.394752473400267
adult_underweight,12,Lao People's Democratic Republic,2008,27,Age-standardized,2,Female,0.18669388836691,0.0720372058775018,0.365981636104323
adult_underweight,15,Myanmar,2008,27,Age-standardized,1,Male,0.335348894356706,0.193693699005282,0.497870951499321
adult_underweight,15,Myanmar,2008,27,Age-standardized,2,Female,0.30109632119484,0.163029469964188,0.448268873824498
adult_underweight,16,Philippines,2008,27,Age-standardized,1,Male,0.210683774547656,0.0940779770190318,0.383728761325683
adult_underweight,16,Philippines,2008,27,Age-standardized,2,Female,0.259636142697858,0.105870107101709,0.462089279496936
adult_underweight,18,Thailand,2008,27,Age-standardized,1,Male,0.262312265276566,0.126993290969341,0.444076016273406
adult_underweight,18,Thailand,2008,27,Age-standardized,2,Female,0.195365771604564,0.0694964531594537,0.391264934491137
adult_underweight,20,Viet Nam,2008,27,Age-standardized,1,Male,0.307741225935963,0.198406870663905,0.429593872098071
adult_underweight,20,Viet Nam,2008,27,Age-standardized,2,Female,0.324478337311482,0.191793324492171,0.471405175999447
adult_underweight,38,Mongolia,2008,27,Age-standardized,1,Male,0.017879541786428,0.0083706481664074,0.0358618958788527
adult_underweight,38,Mongolia,2008,27,Age-standardized,2,Female,0.0220656585902298,0.0095348494443147,0.0505464831550733
adult_underweight,122,Ecuador,2008,27,Age-standardized,1,Male,0.0061140811751544,0.0023208747073011,0.0139419774253341
adult_underweight,122,Ecuador,2008,27,Age-standardized,2,Female,0.0142294302873368,0.0040901896956199,0.0394196840847143
adult_underweight,135,Brazil,2008,27,Age-standardized,1,Male,0.0355329255349179,0.0210423380299908,0.056909447945895
adult_underweight,135,Brazil,2008,27,Age-standardized,2,Female,0.0452223196747859,0.0299265203810967,0.0669363250149563
adult_underweight,161,Bangladesh,2008,27,Age-standardized,1,Male,0.317971969033273,0.201313405274293,0.456110589057317
adult_underweight,161,Bangladesh,2008,27,Age-standardized,2,Female,0.280877319498061,0.147703596293202,0.451325046569937
adult_underweight,163,India,2008,27,Age-standardized,1,Male,0.355490556565195,0.274102363785714,0.44569205980981
adult_underweight,163,India,2008,27,Age-standardized,2,Female,0.360683060239209,0.284535441284688,0.442946946489408
adult_underweight,164,Nepal,2008,27,Age-standardized,1,Male,0.258724253120892,0.135350764553156,0.411200505476682
adult_underweight,164,Nepal,2008,27,Age-standardized,2,Female,0.265797045611392,0.120889902715789,0.460466112746377
adult_underweight,165,Pakistan,2008,27,Age-standardized,1,Male,0.210297593605222,0.121826542029939,0.32852633491048
adult_underweight,165,Pakistan,2008,27,Age-standardized,2,Female,0.192727446152517,0.106664713018553,0.30776187733554
adult_underweight,178,Eritrea,2008,27,Age-standardized,1,Male,0.387377549689904,0.226739744759591,0.568524866748121
adult_underweight,178,Eritrea,2008,27,Age-standardized,2,Female,0.395982005857663,0.215980396965915,0.593611948653172
adult_underweight,179,Ethiopia,2008,27,Age-standardized,1,Male,0.343094745706484,0.187488872634705,0.531623977964023
adult_underweight,179,Ethiopia,2008,27,Age-standardized,2,Female,0.288806816715387,0.122950927576284,0.518827780417962
adult_underweight,180,Kenya,2008,27,Age-standardized,1,Male,0.30088062444276,0.154613473375,0.4916240663722
adult_underweight,180,Kenya,2008,27,Age-standardized,2,Female,0.200471253200778,0.0899181327397336,0.35863637680673
adult_underweight,182,Malawi,2008,27,Age-standardized,1,Male,0.179731229217408,0.0887234526692493,0.308171706100346
adult_underweight,182,Malawi,2008,27,Age-standardized,2,Female,0.137468866931764,0.0609160732063596,0.262374918982743
adult_underweight,185,Rwanda,2008,27,Age-standardized,1,Male,0.210055378597177,0.0979031034208322,0.374372302834352
adult_underweight,185,Rwanda,2008,27,Age-standardized,2,Female,0.131705128999983,0.0439695024602427,0.294519349970533
adult_underweight,189,United Republic of Tanzania,2008,27,Age-standardized,1,Male,0.214653287201207,0.132314210454101,0.315119675869118
adult_underweight,189,United Republic of Tanzania,2008,27,Age-standardized,2,Female,0.185851982659128,0.109010018229162,0.287966548911691
adult_underweight,190,Uganda,2008,27,Age-standardized,1,Male,0.234480506146705,0.125310816490851,0.38123698898362
adult_underweight,190,Uganda,2008,27,Age-standardized,2,Female,0.158648761163735,0.0638327928885288,0.305486495150758
adult_underweight,191,Zambia,2008,27,Age-standardized,1,Male,0.168716948720342,0.0730131504898139,0.321095894860631
adult_underweight,191,Zambia,2008,27,Age-standardized,2,Female,0.164431280550597,0.0616196233322566,0.333617147767412
adult_underweight,194,Lesotho,2008,27,Age-standardized,1,Male,0.165918222528103,0.0711246099204305,0.321952207652185
adult_underweight,194,Lesotho,2008,27,Age-standardized,2,Female,0.0677798624217372,0.0190122349725409,0.17816369746933
adult_underweight,195,Namibia,2008,27,Age-standardized,1,Male,0.268296722786828,0.135267587256244,0.443840482356281
adult_underweight,195,Namibia,2008,27,Age-standardized,2,Female,0.183237040915852,0.0763357893058257,0.347256352693413
adult_underweight,196,South Africa,2008,27,Age-standardized,1,Male,0.122696238257558,0.0608265158833152,0.217797292212178
adult_underweight,196,South Africa,2008,27,Age-standardized,2,Female,0.0565368032452819,0.0240093231621188,0.113811052999381
adult_underweight,197,Eswatini,2008,27,Age-standardized,1,Male,0.0345914710547011,0.0138383714803757,0.0742619296792589
adult_underweight,197,Eswatini,2008,27,Age-standardized,2,Female,0.0694117757474022,0.0199861564848729,0.174884163622831
adult_underweight,198,Zimbabwe,2008,27,Age-standardized,1,Male,0.163440664263368,0.0680692302773412,0.314946712364892
adult_underweight,198,Zimbabwe,2008,27,Age-standardized,2,Female,0.0394214331089242,0.0126752199570256,0.101160257250958
adult_underweight,206,Gambia,2008,27,Age-standardized,1,Male,0.151177032224872,0.0602826171522962,0.305544635123281
adult_underweight,206,Gambia,2008,27,Age-standardized,2,Female,0.11986799978728,0.0418429492528469,0.271324988537235
adult_underweight,207,Ghana,2008,27,Age-standardized,1,Male,0.148820464444747,0.0924977722490648,0.224547581536319
adult_underweight,207,Ghana,2008,27,Age-standardized,2,Female,0.165885819782238,0.105589679265283,0.243295965423499
adult_underweight,214,Nigeria,2008,27,Age-standardized,1,Male,0.0952246229260427,0.0316553952193797,0.220045056869762
adult_underweight,214,Nigeria,2008,27,Age-standardized,2,Female,0.120836220502397,0.0420773822745412,0.279547825041697
adult_underweight,522,Sudan,2008,27,Age-standardized,1,Male,0.0127696273592523,0.0038273601424715,0.0329589463046085
adult_underweight,522,Sudan,2008,27,Age-standardized,2,Female,0.0131123905356919,0.002464960173496,0.0426627244841672
adult_underweight,6,China,2009,27,Age-standardized,1,Male,0.114708667028285,0.0826176801194945,0.15474904095294
adult_underweight,6,China,2009,27,Age-standardized,2,Female,0.170028438649171,0.121987887537139,0.228590063217092
adult_underweight,7,Democratic People's Republic of Korea,2009,27,Age-standardized,1,Male,0.0688827817586992,0.0220165116447937,0.161816171441445
adult_underweight,7,Democratic People's Republic of Korea,2009,27,Age-standardized,2,Female,0.103142876004222,0.0227922049713461,0.277939682468174
adult_underweight,10,Cambodia,2009,27,Age-standardized,1,Male,0.243349038325511,0.105894104989432,0.436180516660566
adult_underweight,10,Cambodia,2009,27,Age-standardized,2,Female,0.216454206495813,0.0885852487975142,0.405215093982837
adult_underweight,11,Indonesia,2009,27,Age-standardized,1,Male,0.247782969386272,0.161693449202259,0.347637712650426
adult_underweight,11,Indonesia,2009,27,Age-standardized,2,Female,0.235551783888014,0.147529879792766,0.346614489530957
adult_underweight,12,Lao People's Democratic Republic,2009,27,Age-standardized,1,Male,0.231214166392056,0.112234158472591,0.388185249008986
adult_underweight,12,Lao People's Democratic Republic,2009,27,Age-standardized,2,Female,0.18496294388029,0.0706086824467876,0.364075873751341
adult_underweight,15,Myanmar,2009,27,Age-standardized,1,Male,0.331679948082993,0.188119178298024,0.494539833078645
adult_underweight,15,Myanmar,2009,27,Age-standardized,2,Female,0.297561712754766,0.156170233594346,0.44842136387696
adult_underweight,16,Philippines,2009,27,Age-standardized,1,Male,0.210108412942325,0.0933242249910939,0.38062161520846
adult_underweight,16,Philippines,2009,27,Age-standardized,2,Female,0.260698999995907,0.106298329884917,0.461244698848394
adult_underweight,18,Thailand,2009,27,Age-standardized,1,Male,0.25848057913894,0.125697694178465,0.436055750153864
adult_underweight,18,Thailand,2009,27,Age-standardized,2,Female,0.193647291604988,0.069372224664504,0.380409873752768
adult_underweight,20,Viet Nam,2009,27,Age-standardized,1,Male,0.298852224141553,0.18584162994692,0.424426640938123
adult_underweight,20,Viet Nam,2009,27,Age-standardized,2,Female,0.316040236431356,0.178262734194764,0.469455259396313
adult_underweight,38,Mongolia,2009,27,Age-standardized,1,Male,0.0174639852452177,0.0082449121203991,0.034693164110944
adult_underweight,38,Mongolia,2009,27,Age-standardized,2,Female,0.0221613153863786,0.0097067802958178,0.0498241215233468
adult_underweight,122,Ecuador,2009,27,Age-standardized,1,Male,0.006073573215584,0.0023067846509606,0.0137798525074636
adult_underweight,122,Ecuador,2009,27,Age-standardized,2,Female,0.0135874003380805,0.0038523863377806,0.0375694528383987
adult_underweight,135,Brazil,2009,27,Age-standardized,1,Male,0.0340916461278444,0.0203407061892291,0.0545998069232671
adult_underweight,135,Brazil,2009,27,Age-standardized,2,Female,0.0438139240589794,0.0291369488622001,0.0648002206734882
adult_underweight,161,Bangladesh,2009,27,Age-standardized,1,Male,0.313822361957589,0.198150490835862,0.450112616760036
adult_underweight,161,Bangladesh,2009,27,Age-standardized,2,Female,0.280445414249166,0.148678382365367,0.447256580459745
adult_underweight,163,India,2009,27,Age-standardized,1,Male,0.344181934439934,0.264307338768638,0.435031268381715
adult_underweight,163,India,2009,27,Age-standardized,2,Female,0.346265189386647,0.272198326904399,0.428901160591001
adult_underweight,164,Nepal,2009,27,Age-standardized,1,Male,0.249013439181769,0.126658818520142,0.400701921263382
adult_underweight,164,Nepal,2009,27,Age-standardized,2,Female,0.25729334511845,0.114564170470971,0.446419481166376
adult_underweight,165,Pakistan,2009,27,Age-standardized,1,Male,0.209201109854965,0.12234955949379,0.323617633047341
adult_underweight,165,Pakistan,2009,27,Age-standardized,2,Female,0.193355450506477,0.11167569040488701,0.300766705933538
adult_underweight,178,Eritrea,2009,27,Age-standardized,1,Male,0.384628552731093,0.223014870869605,0.567813026061356
adult_underweight,178,Eritrea,2009,27,Age-standardized,2,Female,0.397937353150911,0.214025217373696,0.597614664506933
adult_underweight,179,Ethiopia,2009,27,Age-standardized,1,Male,0.339545888258546,0.184455839157514,0.5255133734709
adult_underweight,179,Ethiopia,2009,27,Age-standardized,2,Female,0.287063389532328,0.122946213518741,0.512050891682432
adult_underweight,180,Kenya,2009,27,Age-standardized,1,Male,0.290081082352119,0.145230213685572,0.478940239699043
adult_underweight,180,Kenya,2009,27,Age-standardized,2,Female,0.195219292394448,0.0844553026148906,0.353212159966276
adult_underweight,182,Malawi,2009,27,Age-standardized,1,Male,0.176110172034083,0.0853653724503396,0.302761089119688
adult_underweight,182,Malawi,2009,27,Age-standardized,2,Female,0.134734667714283,0.0582030205773653,0.25901654155711
adult_underweight,185,Rwanda,2009,27,Age-standardized,1,Male,0.206157276618722,0.0957375254613833,0.365733169165997
adult_underweight,185,Rwanda,2009,27,Age-standardized,2,Female,0.130111146331929,0.0440779291839699,0.28764012972781
adult_underweight,189,United Republic of Tanzania,2009,27,Age-standardized,1,Male,0.210207740635039,0.129710516159758,0.308957433453964
adult_underweight,189,United Republic of Tanzania,2009,27,Age-standardized,2,Female,0.180726974206134,0.106785950727952,0.280538033368801
adult_underweight,190,Uganda,2009,27,Age-standardized,1,Male,0.233708298218448,0.126050477430177,0.372320345932542
adult_underweight,190,Uganda,2009,27,Age-standardized,2,Female,0.158248720859092,0.0650055065825596,0.300933041283725
adult_underweight,191,Zambia,2009,27,Age-standardized,1,Male,0.164212393885942,0.0692346664912368,0.3158281865288
adult_underweight,191,Zambia,2009,27,Age-standardized,2,Female,0.159968162079659,0.0587016095182113,0.3258607070309
adult_underweight,194,Lesotho,2009,27,Age-standardized,1,Male,0.16249584924734,0.0693424712469016,0.3137520363492
adult_underweight,194,Lesotho,2009,27,Age-standardized,2,Female,0.0668823310070937,0.018819594414095,0.174211429506973
adult_underweight,195,Namibia,2009,27,Age-standardized,1,Male,0.262830579625836,0.129599232237151,0.436872913985981
adult_underweight,195,Namibia,2009,27,Age-standardized,2,Female,0.179544074370099,0.0716736742454661,0.347844266785108
adult_underweight,196,South Africa,2009,27,Age-standardized,1,Male,0.123434987436535,0.0621875738707358,0.216115611644293
adult_underweight,196,South Africa,2009,27,Age-standardized,2,Female,0.0559563103245903,0.0241508110613026,0.111861579466324
adult_underweight,197,Eswatini,2009,27,Age-standardized,1,Male,0.0342531326715571,0.0135296478059615,0.0734084323356501
adult_underweight,197,Eswatini,2009,27,Age-standardized,2,Female,0.0680009894607168,0.0191503277890671,0.171537523884793
adult_underweight,198,Zimbabwe,2009,27,Age-standardized,1,Male,0.159696408802092,0.0650691162120127,0.309619317996388
adult_underweight,198,Zimbabwe,2009,27,Age-standardized,2,Female,0.0390866412549917,0.0123077098387571,0.100208982120386
adult_underweight,206,Gambia,2009,27,Age-standardized,1,Male,0.148391741829516,0.0585142595661707,0.299033668620121
adult_underweight,206,Gambia,2009,27,Age-standardized,2,Female,0.118572310848867,0.0425800023215089,0.264147096121518
adult_underweight,207,Ghana,2009,27,Age-standardized,1,Male,0.143574243251378,0.0879436830557393,0.219248163695891
adult_underweight,207,Ghana,2009,27,Age-standardized,2,Female,0.158750040746813,0.0977646921112117,0.237686863598224
adult_underweight,214,Nigeria,2009,27,Age-standardized,1,Male,0.0930248940830881,0.0302374744021843,0.214874578430117
adult_underweight,214,Nigeria,2009,27,Age-standardized,2,Female,0.11886496243236,0.0416313927255299,0.272505109499648
adult_underweight,522,Sudan,2009,27,Age-standardized,1,Male,0.0124201440179739,0.0036451974879228,0.0319234962108177
adult_underweight,522,Sudan,2009,27,Age-standardized,2,Female,0.0132041594728148,0.0024188358922934,0.0426040111095579
adult_underweight,6,China,2010,27,Age-standardized,1,Male,0.11630940949209,0.0831716525837742,0.158005808735124
adult_underweight,6,China,2010,27,Age-standardized,2,Female,0.173255211940457,0.123243428601863,0.234723897629082
adult_underweight,7,Democratic People's Republic of Korea,2010,27,Age-standardized,1,Male,0.0680813066938693,0.0216631830645002,0.160314238478118
adult_underweight,7,Democratic People's Republic of Korea,2010,27,Age-standardized,2,Female,0.103412351970412,0.0227540880449562,0.279069654568268
adult_underweight,10,Cambodia,2010,27,Age-standardized,1,Male,0.237474462306565,0.102004757817873,0.429992188756856
adult_underweight,10,Cambodia,2010,27,Age-standardized,2,Female,0.212956629872545,0.0886880217754088,0.397789214660089
adult_underweight,11,Indonesia,2010,27,Age-standardized,1,Male,0.244878285220949,0.156821897366042,0.346415089426891
adult_underweight,11,Indonesia,2010,27,Age-standardized,2,Female,0.234059543939389,0.141100310680613,0.350726337237831
adult_underweight,12,Lao People's Democratic Republic,2010,27,Age-standardized,1,Male,0.225363728685247,0.107313788024499,0.381485247725388
adult_underweight,12,Lao People's Democratic Republic,2010,27,Age-standardized,2,Female,0.18336427730234,0.0697425991620876,0.363432255983107
adult_underweight,15,Myanmar,2010,27,Age-standardized,1,Male,0.327925543766037,0.181927474563844,0.491154469975639
adult_underweight,15,Myanmar,2010,27,Age-standardized,2,Female,0.293899858632999,0.150659008194777,0.448453067688454
adult_underweight,16,Philippines,2010,27,Age-standardized,1,Male,0.209578764553312,0.09258111942487,0.380171217413862
adult_underweight,16,Philippines,2010,27,Age-standardized,2,Female,0.261760706141608,0.105734149743845,0.461789405290913
adult_underweight,18,Thailand,2010,27,Age-standardized,1,Male,0.254650926913024,0.124736651628925,0.429057441968748
adult_underweight,18,Thailand,2010,27,Age-standardized,2,Female,0.191978621445345,0.0716369017403022,0.369669787983343
adult_underweight,20,Viet Nam,2010,27,Age-standardized,1,Male,0.290268685916004,0.173956624946349,0.419318187241908
adult_underweight,20,Viet Nam,2010,27,Age-standardized,2,Female,0.308095593727323,0.165763435969349,0.466450652250112
adult_underweight,38,Mongolia,2010,27,Age-standardized,1,Male,0.0172510163075297,0.0081401197280819,0.033902176563053
adult_underweight,38,Mongolia,2010,27,Age-standardized,2,Female,0.0225338704864082,0.0099025498910024,0.0505204932906484
adult_underweight,122,Ecuador,2010,27,Age-standardized,1,Male,0.0060271219245972,0.0022560137934286,0.0136894969358101
adult_underweight,122,Ecuador,2010,27,Age-standardized,2,Female,0.0129754234149688,0.0036150301500936,0.0361840209867582
adult_underweight,135,Brazil,2010,27,Age-standardized,1,Male,0.0328185271935934,0.019590016127972,0.0524252911384887
adult_underweight,135,Brazil,2010,27,Age-standardized,2,Female,0.0426451136750309,0.0283812995285682,0.0625474764618879
adult_underweight,161,Bangladesh,2010,27,Age-standardized,1,Male,0.305752890475265,0.1913712463273,0.439213939121041
adult_underweight,161,Bangladesh,2010,27,Age-standardized,2,Female,0.274256714155929,0.145090851224414,0.438998354865509
adult_underweight,163,India,2010,27,Age-standardized,1,Male,0.33314041115434,0.25240922990352,0.424718819552018
adult_underweight,163,India,2010,27,Age-standardized,2,Female,0.332441486774196,0.258561340079704,0.41470367553769
adult_underweight,164,Nepal,2010,27,Age-standardized,1,Male,0.239518476540178,0.119303520876401,0.392339844250646
adult_underweight,164,Nepal,2010,27,Age-standardized,2,Female,0.249225699060202,0.11008896038807,0.434258679545818
adult_underweight,165,Pakistan,2010,27,Age-standardized,1,Male,0.208135136776064,0.122142000084787,0.319118488085454
adult_underweight,165,Pakistan,2010,27,Age-standardized,2,Female,0.193780789427973,0.115011210177294,0.295903824536363
adult_underweight,178,Eritrea,2010,27,Age-standardized,1,Male,0.381692243765273,0.219166975329734,0.563686956670641
adult_underweight,178,Eritrea,2010,27,Age-standardized,2,Female,0.399997362267053,0.21218880376002,0.605693506111642
adult_underweight,179,Ethiopia,2010,27,Age-standardized,1,Male,0.335774852645151,0.182104721510376,0.518931907347513
adult_underweight,179,Ethiopia,2010,27,Age-standardized,2,Female,0.285442228033627,0.123757351865281,0.505212233550114
adult_underweight,180,Kenya,2010,27,Age-standardized,1,Male,0.279365957404309,0.136094877201451,0.466433074635508
adult_underweight,180,Kenya,2010,27,Age-standardized,2,Female,0.189884099957657,0.0803160670899393,0.348620867418151
adult_underweight,182,Malawi,2010,27,Age-standardized,1,Male,0.173516307792973,0.083068215334513,0.299512172815371
adult_underweight,182,Malawi,2010,27,Age-standardized,2,Female,0.131911630016757,0.0562209790116641,0.25735518154894
adult_underweight,185,Rwanda,2010,27,Age-standardized,1,Male,0.20218878633724,0.0940716175275215,0.358012797151007
adult_underweight,185,Rwanda,2010,27,Age-standardized,2,Female,0.128549632286725,0.0448073398528678,0.28168505200023
adult_underweight,189,United Republic of Tanzania,2010,27,Age-standardized,1,Male,0.205805629308021,0.127102041227943,0.306303108108288
adult_underweight,189,United Republic of Tanzania,2010,27,Age-standardized,2,Female,0.175936242971154,0.103526926676069,0.275036004075845
adult_underweight,190,Uganda,2010,27,Age-standardized,1,Male,0.232700098381059,0.127775128073459,0.369226401973753
adult_underweight,190,Uganda,2010,27,Age-standardized,2,Female,0.159117889359544,0.0673650426053499,0.296949189096692
adult_underweight,191,Zambia,2010,27,Age-standardized,1,Male,0.159724277427804,0.0661144544861633,0.308810307691891
adult_underweight,191,Zambia,2010,27,Age-standardized,2,Female,0.156377979094474,0.056867436008041,0.322974570485241
adult_underweight,194,Lesotho,2010,27,Age-standardized,1,Male,0.158619047573666,0.0671573339213125,0.306155025112246
adult_underweight,194,Lesotho,2010,27,Age-standardized,2,Female,0.0663662996153071,0.0187011819925655,0.172881159592714
adult_underweight,195,Namibia,2010,27,Age-standardized,1,Male,0.257417989062911,0.123721953861378,0.431956082316443
adult_underweight,195,Namibia,2010,27,Age-standardized,2,Female,0.175943227960904,0.0673755091328166,0.349609992350317
adult_underweight,196,South Africa,2010,27,Age-standardized,1,Male,0.124109142062948,0.0637510638551154,0.21594795018731
adult_underweight,196,South Africa,2010,27,Age-standardized,2,Female,0.0554069619474358,0.0244737029120369,0.108868037415366
adult_underweight,197,Eswatini,2010,27,Age-standardized,1,Male,0.0339393472217535,0.0132761917411223,0.0733781691454898
adult_underweight,197,Eswatini,2010,27,Age-standardized,2,Female,0.066609356063371,0.0184158321983757,0.169996737475872
adult_underweight,198,Zimbabwe,2010,27,Age-standardized,1,Male,0.156030958522382,0.0625656132419505,0.304979888861057
adult_underweight,198,Zimbabwe,2010,27,Age-standardized,2,Female,0.0387423760680498,0.0121250670321803,0.0993486584387717
adult_underweight,206,Gambia,2010,27,Age-standardized,1,Male,0.145350425329788,0.056794098023747,0.293663495034304
adult_underweight,206,Gambia,2010,27,Age-standardized,2,Female,0.11703762459977,0.0436092278943384,0.257948884335782
adult_underweight,207,Ghana,2010,27,Age-standardized,1,Male,0.138978659949367,0.0825783541745996,0.214609597389205
adult_underweight,207,Ghana,2010,27,Age-standardized,2,Female,0.152972085975064,0.0899526355558459,0.235842236447281
adult_underweight,214,Nigeria,2010,27,Age-standardized,1,Male,0.0903474485490879,0.0291236753643051,0.209989408393679
adult_underweight,214,Nigeria,2010,27,Age-standardized,2,Female,0.116382754149907,0.0413422321073915,0.26712582859052
adult_underweight,522,Sudan,2010,27,Age-standardized,1,Male,0.0120576034007647,0.0035198215505157,0.0310876897339187
adult_underweight,522,Sudan,2010,27,Age-standardized,2,Female,0.0132986604659466,0.0024243772215117,0.0429566230358507
adult_underweight,6,China,2011,27,Age-standardized,1,Male,0.117729315421722,0.08265021431174,0.161833023364291
adult_underweight,6,China,2011,27,Age-standardized,2,Female,0.176350733156746,0.123218518889803,0.240688254655866
adult_underweight,7,Democratic People's Republic of Korea,2011,27,Age-standardized,1,Male,0.0672887020390057,0.0213611390796045,0.16016520179629
adult_underweight,7,Democratic People's Republic of Korea,2011,27,Age-standardized,2,Female,0.103709432538224,0.0227885719552895,0.282823182899494
adult_underweight,10,Cambodia,2011,27,Age-standardized,1,Male,0.234475117240708,0.100337755876792,0.426873958036062
adult_underweight,10,Cambodia,2011,27,Age-standardized,2,Female,0.207085927081172,0.0860298891639299,0.3906451226976
adult_underweight,11,Indonesia,2011,27,Age-standardized,1,Male,0.242155183070312,0.151922163457925,0.345861171630201
adult_underweight,11,Indonesia,2011,27,Age-standardized,2,Female,0.233064724461927,0.133964349864044,0.355930504967801
adult_underweight,12,Lao People's Democratic Republic,2011,27,Age-standardized,1,Male,0.219596524870581,0.102561220780648,0.376862362077574
adult_underweight,12,Lao People's Democratic Republic,2011,27,Age-standardized,2,Female,0.181877303643975,0.0684795864262688,0.363566612572151
adult_underweight,15,Myanmar,2011,27,Age-standardized,1,Male,0.324126463981706,0.176838438582157,0.489167404942853
adult_underweight,15,Myanmar,2011,27,Age-standardized,2,Female,0.290105986572029,0.146049198157909,0.446430944898659
adult_underweight,16,Philippines,2011,27,Age-standardized,1,Male,0.209086120299588,0.0923554436360542,0.378541616528667
adult_underweight,16,Philippines,2011,27,Age-standardized,2,Female,0.262767108121261,0.104888818082027,0.463523546861629
adult_underweight,18,Thailand,2011,27,Age-standardized,1,Male,0.250874225467109,0.125802201212614,0.417599043621286
adult_underweight,18,Thailand,2011,27,Age-standardized,2,Female,0.190342193502589,0.0738775146200812,0.358436475956843
adult_underweight,20,Viet Nam,2011,27,Age-standardized,1,Male,0.281853996946828,0.163416455038884,0.413337617793324
adult_underweight,20,Viet Nam,2011,27,Age-standardized,2,Female,0.300381302183351,0.154595463753354,0.462456243499873
adult_underweight,38,Mongolia,2011,27,Age-standardized,1,Male,0.0170866719716453,0.0081523962622999,0.0334559649917032
adult_underweight,38,Mongolia,2011,27,Age-standardized,2,Female,0.0229711491492659,0.0101834677077056,0.051695076141295
adult_underweight,122,Ecuador,2011,27,Age-standardized,1,Male,0.0059748454571619,0.0022549546713467,0.0135331174343611
adult_underweight,122,Ecuador,2011,27,Age-standardized,2,Female,0.0123958666877795,0.0034164735918214,0.0346448874350266
adult_underweight,135,Brazil,2011,27,Age-standardized,1,Male,0.0317858798889102,0.0189855010362029,0.050457271447708
adult_underweight,135,Brazil,2011,27,Age-standardized,2,Female,0.0417087257678208,0.0277898680008083,0.0607486840969727
adult_underweight,161,Bangladesh,2011,27,Age-standardized,1,Male,0.297292232577781,0.182999682421604,0.428608211940351
adult_underweight,161,Bangladesh,2011,27,Age-standardized,2,Female,0.267199483376213,0.139727721399817,0.431512075554529
adult_underweight,163,India,2011,27,Age-standardized,1,Male,0.322436232131081,0.238548443944448,0.416957494434393
adult_underweight,163,India,2011,27,Age-standardized,2,Female,0.319301769754742,0.245368224722589,0.401737551358933
adult_underweight,164,Nepal,2011,27,Age-standardized,1,Male,0.230364890248957,0.11245451096282,0.382568544992491
adult_underweight,164,Nepal,2011,27,Age-standardized,2,Female,0.241670544997057,0.106415278928177,0.423651663189313
adult_underweight,165,Pakistan,2011,27,Age-standardized,1,Male,0.206925100065202,0.121557608002384,0.315032493720418
adult_underweight,165,Pakistan,2011,27,Age-standardized,2,Female,0.194056218684164,0.116316545556365,0.292583701398654
adult_underweight,178,Eritrea,2011,27,Age-standardized,1,Male,0.37371473981051,0.210711512244547,0.557843584403786
adult_underweight,178,Eritrea,2011,27,Age-standardized,2,Female,0.397406919863076,0.203558302532927,0.607699126343956
adult_underweight,179,Ethiopia,2011,27,Age-standardized,1,Male,0.331749495124607,0.179758654719481,0.512394090554857
adult_underweight,179,Ethiopia,2011,27,Age-standardized,2,Female,0.28364203872205,0.126134197291502,0.498138431641735
adult_underweight,180,Kenya,2011,27,Age-standardized,1,Male,0.268830642130558,0.128877592361719,0.454761696330972
adult_underweight,180,Kenya,2011,27,Age-standardized,2,Female,0.184397300988634,0.0760852077126706,0.342149360516576
adult_underweight,182,Malawi,2011,27,Age-standardized,1,Male,0.170908342909906,0.081764102911582,0.296319222675554
adult_underweight,182,Malawi,2011,27,Age-standardized,2,Female,0.129103215838785,0.0538533943767064,0.254816615894135
adult_underweight,185,Rwanda,2011,27,Age-standardized,1,Male,0.1978580387578,0.0927595874318037,0.351848798964964
adult_underweight,185,Rwanda,2011,27,Age-standardized,2,Female,0.127222306190936,0.0455251156116299,0.278325534735711
adult_underweight,189,United Republic of Tanzania,2011,27,Age-standardized,1,Male,0.201626435605519,0.122952876464139,0.300947540551084
adult_underweight,189,United Republic of Tanzania,2011,27,Age-standardized,2,Female,0.171254115709538,0.0989188105849979,0.270020308811981
adult_underweight,190,Uganda,2011,27,Age-standardized,1,Male,0.23162583647118,0.128905298609287,0.361199106538635
adult_underweight,190,Uganda,2011,27,Age-standardized,2,Female,0.160074970704442,0.0694356478063198,0.292201880705111
adult_underweight,191,Zambia,2011,27,Age-standardized,1,Male,0.15524256929721,0.0632588124083819,0.303998297578181
adult_underweight,191,Zambia,2011,27,Age-standardized,2,Female,0.152755010601961,0.0549486494733713,0.319126829207335
adult_underweight,194,Lesotho,2011,27,Age-standardized,1,Male,0.154837540617863,0.0654316665163236,0.300772960859047
adult_underweight,194,Lesotho,2011,27,Age-standardized,2,Female,0.0658847925984477,0.0184614837067042,0.172401566356535
adult_underweight,195,Namibia,2011,27,Age-standardized,1,Male,0.252028348614091,0.119547925169658,0.426531635273212
adult_underweight,195,Namibia,2011,27,Age-standardized,2,Female,0.17240935404611,0.0633929556464738,0.350459276820206
adult_underweight,196,South Africa,2011,27,Age-standardized,1,Male,0.124688004681616,0.0655684612185704,0.212601472350508
adult_underweight,196,South Africa,2011,27,Age-standardized,2,Female,0.0548879720117496,0.0249808768955823,0.106090615615938
adult_underweight,197,Eswatini,2011,27,Age-standardized,1,Male,0.0336566133199202,0.0130497656189285,0.0725696665125639
adult_underweight,197,Eswatini,2011,27,Age-standardized,2,Female,0.0652323665411587,0.0177337446572654,0.168349137977973
adult_underweight,198,Zimbabwe,2011,27,Age-standardized,1,Male,0.152417136020249,0.0607785280649481,0.301245605071801
adult_underweight,198,Zimbabwe,2011,27,Age-standardized,2,Female,0.038396238792353,0.0119118787020324,0.0997429267740781
adult_underweight,206,Gambia,2011,27,Age-standardized,1,Male,0.142177714383065,0.0552881404411204,0.289251556919639
adult_underweight,206,Gambia,2011,27,Age-standardized,2,Female,0.113805576067521,0.0437514180940289,0.251054378542987
adult_underweight,207,Ghana,2011,27,Age-standardized,1,Male,0.134702383858721,0.0773604661687674,0.21133051966342
adult_underweight,207,Ghana,2011,27,Age-standardized,2,Female,0.147875907393403,0.0817012878009635,0.234905528873536
adult_underweight,214,Nigeria,2011,27,Age-standardized,1,Male,0.0875615212867736,0.0280509917277382,0.206480696146515
adult_underweight,214,Nigeria,2011,27,Age-standardized,2,Female,0.113821309067546,0.0405735762247324,0.264291374171236
adult_underweight,522,Sudan,2011,27,Age-standardized,1,Male,0.0116956787611991,0.0034037948062348,0.0305586110074194
adult_underweight,522,Sudan,2011,27,Age-standardized,2,Female,0.01337423889869,0.0024343704825229,0.0438155547317821
adult_underweight,6,China,2012,27,Age-standardized,1,Male,0.117069107468463,0.0796724766024823,0.163936748798468
adult_underweight,6,China,2012,27,Age-standardized,2,Female,0.177183844514249,0.118692942397276,0.247221612169712
adult_underweight,7,Democratic People's Republic of Korea,2012,27,Age-standardized,1,Male,0.0659455377069803,0.0205437143934257,0.153720226331749
adult_underweight,7,Democratic People's Republic of Korea,2012,27,Age-standardized,2,Female,0.102976270023707,0.0221067164944311,0.274211514314879
adult_underweight,10,Cambodia,2012,27,Age-standardized,1,Male,0.231708799364868,0.0977509020508205,0.420773814778689
adult_underweight,10,Cambodia,2012,27,Age-standardized,2,Female,0.20115585750173,0.0820759039008648,0.379103693322784
adult_underweight,11,Indonesia,2012,27,Age-standardized,1,Male,0.239636289349004,0.148021477074131,0.346432084011791
adult_underweight,11,Indonesia,2012,27,Age-standardized,2,Female,0.232540982055716,0.127746826526535,0.362364471618344
adult_underweight,12,Lao People's Democratic Republic,2012,27,Age-standardized,1,Male,0.213943622357979,0.0977207843288908,0.370389635089115
adult_underweight,12,Lao People's Democratic Republic,2012,27,Age-standardized,2,Female,0.18052453643704,0.0664740753940933,0.35956849734346
adult_underweight,15,Myanmar,2012,27,Age-standardized,1,Male,0.320360463997661,0.171942246084934,0.489585790054081
adult_underweight,15,Myanmar,2012,27,Age-standardized,2,Female,0.286349960988192,0.141755739190635,0.443606869345062
adult_underweight,16,Philippines,2012,27,Age-standardized,1,Male,0.206453059626118,0.0897269359045534,0.37531825311414
adult_underweight,16,Philippines,2012,27,Age-standardized,2,Female,0.261322370855741,0.101450728184155,0.465451514917712
adult_underweight,18,Thailand,2012,27,Age-standardized,1,Male,0.247235459956532,0.124230193565048,0.405871251703046
adult_underweight,18,Thailand,2012,27,Age-standardized,2,Female,0.188764788344757,0.0769780824046098,0.344442749868855
adult_underweight,20,Viet Nam,2012,27,Age-standardized,1,Male,0.273708296928196,0.153294036649917,0.407817652765807
adult_underweight,20,Viet Nam,2012,27,Age-standardized,2,Female,0.293020810750679,0.145033692663833,0.457787491382399
adult_underweight,38,Mongolia,2012,27,Age-standardized,1,Male,0.0169205419325357,0.0080044741180977,0.0329927823981931
adult_underweight,38,Mongolia,2012,27,Age-standardized,2,Female,0.0234192071473427,0.0103605855714475,0.0516660094304692
adult_underweight,122,Ecuador,2012,27,Age-standardized,1,Male,0.0059164866016932,0.0022356859628559,0.0131944836609206
adult_underweight,122,Ecuador,2012,27,Age-standardized,2,Female,0.0118510669752959,0.0032491060081423,0.0329077768825585
adult_underweight,135,Brazil,2012,27,Age-standardized,1,Male,0.0305939046356079,0.018181463531722,0.0482508119142833
adult_underweight,135,Brazil,2012,27,Age-standardized,2,Female,0.0408960724495123,0.0272936306004713,0.0591254781436484
adult_underweight,161,Bangladesh,2012,27,Age-standardized,1,Male,0.288157830773879,0.173807072586391,0.419187355067281
adult_underweight,161,Bangladesh,2012,27,Age-standardized,2,Female,0.258408407124156,0.132278687194245,0.419132783801484
adult_underweight,163,India,2012,27,Age-standardized,1,Male,0.311783543189299,0.223637682353114,0.408663667124692
adult_underweight,163,India,2012,27,Age-standardized,2,Female,0.30759989020965,0.231681700046584,0.392825184281509
adult_underweight,164,Nepal,2012,27,Age-standardized,1,Male,0.221183164437608,0.105295372502526,0.370435402770337
adult_underweight,164,Nepal,2012,27,Age-standardized,2,Female,0.234497861799457,0.102766321107527,0.409984841037473
adult_underweight,165,Pakistan,2012,27,Age-standardized,1,Male,0.203377198955858,0.118390943094661,0.314603408096136
adult_underweight,165,Pakistan,2012,27,Age-standardized,2,Female,0.191259396205514,0.11354772458804,0.289991306103375
adult_underweight,178,Eritrea,2012,27,Age-standardized,1,Male,0.365634628424038,0.201545486921543,0.551673493762699
adult_underweight,178,Eritrea,2012,27,Age-standardized,2,Female,0.394576133565686,0.194761576014367,0.613764606204953
adult_underweight,179,Ethiopia,2012,27,Age-standardized,1,Male,0.327601388846867,0.177869392236504,0.50116253618758
adult_underweight,179,Ethiopia,2012,27,Age-standardized,2,Female,0.281900364710152,0.127402792298576,0.486355510608433
adult_underweight,180,Kenya,2012,27,Age-standardized,1,Male,0.258492693441855,0.121328106224898,0.445187417358969
adult_underweight,180,Kenya,2012,27,Age-standardized,2,Female,0.178870624094078,0.0725014472095683,0.335173085413541
adult_underweight,182,Malawi,2012,27,Age-standardized,1,Male,0.168307199787884,0.0796979916701197,0.290590525725186
adult_underweight,182,Malawi,2012,27,Age-standardized,2,Female,0.12642148367189401,0.0518621943117395,0.250129997685117
adult_underweight,185,Rwanda,2012,27,Age-standardized,1,Male,0.193583444957414,0.0894264285795421,0.343505618233881
adult_underweight,185,Rwanda,2012,27,Age-standardized,2,Female,0.125876104888264,0.0451871750016907,0.2709674997892
adult_underweight,189,United Republic of Tanzania,2012,27,Age-standardized,1,Male,0.197901086860499,0.118336174371632,0.29831980580289
adult_underweight,189,United Republic of Tanzania,2012,27,Age-standardized,2,Female,0.166994225659453,0.093629735443778,0.266889810773521
adult_underweight,190,Uganda,2012,27,Age-standardized,1,Male,0.230469981626897,0.12982428160368,0.353205878771701
adult_underweight,190,Uganda,2012,27,Age-standardized,2,Female,0.161168043269744,0.0717085648129633,0.28670469574645
adult_underweight,191,Zambia,2012,27,Age-standardized,1,Male,0.150854213088929,0.0599794219333346,0.296480426822976
adult_underweight,191,Zambia,2012,27,Age-standardized,2,Female,0.149275735690328,0.0530428245108731,0.310025788570733
adult_underweight,194,Lesotho,2012,27,Age-standardized,1,Male,0.151157811704769,0.0628811335808604,0.29355601947381
adult_underweight,194,Lesotho,2012,27,Age-standardized,2,Female,0.0654378758397964,0.0180051695324464,0.168943690920974
adult_underweight,195,Namibia,2012,27,Age-standardized,1,Male,0.246671892832705,0.11475094002626,0.425494193384011
adult_underweight,195,Namibia,2012,27,Age-standardized,2,Female,0.16895095070586,0.0602125778097033,0.350395236479954
adult_underweight,196,South Africa,2012,27,Age-standardized,1,Male,0.12512987534133,0.067309262663778,0.208660656452253
adult_underweight,196,South Africa,2012,27,Age-standardized,2,Female,0.0544057328783678,0.025474694272824,0.102856182118995
adult_underweight,197,Eswatini,2012,27,Age-standardized,1,Male,0.033404269275658,0.0128489818910939,0.0724219850171677
adult_underweight,197,Eswatini,2012,27,Age-standardized,2,Female,0.0638692533879042,0.0169885377103013,0.164333148675348
adult_underweight,198,Zimbabwe,2012,27,Age-standardized,1,Male,0.14885224026779,0.058373817002395,0.293736884376549
adult_underweight,198,Zimbabwe,2012,27,Age-standardized,2,Female,0.0380591816579395,0.0115505276490944,0.0977016663678807
adult_underweight,206,Gambia,2012,27,Age-standardized,1,Male,0.139123642445879,0.0530255387125711,0.28375323348887
adult_underweight,206,Gambia,2012,27,Age-standardized,2,Female,0.110556049070787,0.0433094242262047,0.240019170864697
adult_underweight,207,Ghana,2012,27,Age-standardized,1,Male,0.130743267504689,0.0726176344398165,0.208848078487289
adult_underweight,207,Ghana,2012,27,Age-standardized,2,Female,0.143456318505171,0.0746151257854751,0.237008907250751
adult_underweight,214,Nigeria,2012,27,Age-standardized,1,Male,0.0849164463720637,0.0266364277327063,0.196613881038966
adult_underweight,214,Nigeria,2012,27,Age-standardized,2,Female,0.111281463648357,0.0392132757106052,0.25442071166033
adult_underweight,522,Sudan,2012,27,Age-standardized,1,Male,0.0112286652078043,0.0032049522217227,0.0286060707067314
adult_underweight,522,Sudan,2012,27,Age-standardized,2,Female,0.0132293143713975,0.0023495640198493,0.0419432641902287
adult_underweight,6,China,2013,27,Age-standardized,1,Male,0.115680046012319,0.0751878133599924,0.167004633925977
adult_underweight,6,China,2013,27,Age-standardized,2,Female,0.176660726482603,0.11180268992341,0.255422129544177
adult_underweight,7,Democratic People's Republic of Korea,2013,27,Age-standardized,1,Male,0.0642601541549665,0.0200183275320776,0.152468805073685
adult_underweight,7,Democratic People's Republic of Korea,2013,27,Age-standardized,2,Female,0.101487045173958,0.0218120852529084,0.275384712825163
adult_underweight,10,Cambodia,2013,27,Age-standardized,1,Male,0.228712421530971,0.0958484096920821,0.419488696781099
adult_underweight,10,Cambodia,2013,27,Age-standardized,2,Female,0.194949063393403,0.0778750440210288,0.375282045516205
adult_underweight,11,Indonesia,2013,27,Age-standardized,1,Male,0.237350286354262,0.144401890951816,0.348210601865355
adult_underweight,11,Indonesia,2013,27,Age-standardized,2,Female,0.232197047942506,0.120655636855649,0.370433942083277
adult_underweight,12,Lao People's Democratic Republic,2013,27,Age-standardized,1,Male,0.208639620618092,0.0937222446576195,0.367593040509872
adult_underweight,12,Lao People's Democratic Republic,2013,27,Age-standardized,2,Female,0.179852755281761,0.0652066026206985,0.365885982154844
adult_underweight,15,Myanmar,2013,27,Age-standardized,1,Male,0.31645492722355,0.167409488250252,0.491329359459562
adult_underweight,15,Myanmar,2013,27,Age-standardized,2,Female,0.282544141197531,0.138461442856924,0.441813621842464
adult_underweight,16,Philippines,2013,27,Age-standardized,1,Male,0.20375303790445,0.0877334370647951,0.375349686853958
adult_underweight,16,Philippines,2013,27,Age-standardized,2,Female,0.259823747426008,0.099625401088588,0.46965326046371503
adult_underweight,18,Thailand,2013,27,Age-standardized,1,Male,0.243548143281893,0.123554434521832,0.397672871599308
adult_underweight,18,Thailand,2013,27,Age-standardized,2,Female,0.18711905709694,0.081157258181083,0.33417060314941
adult_underweight,20,Viet Nam,2013,27,Age-standardized,1,Male,0.265840735121067,0.144251135137005,0.402543293897027
adult_underweight,20,Viet Nam,2013,27,Age-standardized,2,Female,0.285985212790599,0.135737317939857,0.453206099540801
adult_underweight,38,Mongolia,2013,27,Age-standardized,1,Male,0.0167414322704063,0.0079632012837597,0.0328090749095027
adult_underweight,38,Mongolia,2013,27,Age-standardized,2,Female,0.0238485250468075,0.0104218913969835,0.0536713728473561
adult_underweight,122,Ecuador,2013,27,Age-standardized,1,Male,0.00571462387168,0.0021613918161183,0.0128697823675903
adult_underweight,122,Ecuador,2013,27,Age-standardized,2,Female,0.0113477820018899,0.0031112327399158,0.0319646750055067
adult_underweight,135,Brazil,2013,27,Age-standardized,1,Male,0.0298177896369643,0.0176213997723361,0.0474726085669078
adult_underweight,135,Brazil,2013,27,Age-standardized,2,Female,0.0406868833291435,0.0271713686659299,0.0588927944362136
adult_underweight,161,Bangladesh,2013,27,Age-standardized,1,Male,0.278783502058103,0.16447983510627,0.414637479397406
adult_underweight,161,Bangladesh,2013,27,Age-standardized,2,Female,0.248894913724017,0.123880066301887,0.41198333271344
adult_underweight,163,India,2013,27,Age-standardized,1,Male,0.301576235190453,0.20880016454101,0.404494146441355
adult_underweight,163,India,2013,27,Age-standardized,2,Female,0.29671572324214,0.216262712549727,0.387012674447472
adult_underweight,164,Nepal,2013,27,Age-standardized,1,Male,0.214536146278596,0.100796806599367,0.364773269683499
adult_underweight,164,Nepal,2013,27,Age-standardized,2,Female,0.228400506523173,0.100314238697812,0.402703378529602
adult_underweight,165,Pakistan,2013,27,Age-standardized,1,Male,0.199765615632511,0.114144470449665,0.31512258812960797
adult_underweight,165,Pakistan,2013,27,Age-standardized,2,Female,0.188368789175197,0.108151901520238,0.290152699993615
adult_underweight,178,Eritrea,2013,27,Age-standardized,1,Male,0.357575890510465,0.191833601069026,0.549974960212666
adult_underweight,178,Eritrea,2013,27,Age-standardized,2,Female,0.391772827218778,0.185810595185368,0.625594889689189
adult_underweight,179,Ethiopia,2013,27,Age-standardized,1,Male,0.323183153153285,0.176041594123853,0.496552597005094
adult_underweight,179,Ethiopia,2013,27,Age-standardized,2,Female,0.280336230676636,0.129197094352297,0.482677146176007
adult_underweight,180,Kenya,2013,27,Age-standardized,1,Male,0.248397742580639,0.114013092010617,0.43597977255665
adult_underweight,180,Kenya,2013,27,Age-standardized,2,Female,0.173290831866526,0.0687862042336551,0.332352168738547
adult_underweight,182,Malawi,2013,27,Age-standardized,1,Male,0.165623435566408,0.078146178127372,0.288566887534442
adult_underweight,182,Malawi,2013,27,Age-standardized,2,Female,0.123831572256528,0.049788687042688,0.248038352123249
adult_underweight,185,Rwanda,2013,27,Age-standardized,1,Male,0.190353121946089,0.0873366772347612,0.341943386343118
adult_underweight,185,Rwanda,2013,27,Age-standardized,2,Female,0.123293970990655,0.0439873452951531,0.269669226722228
adult_underweight,189,United Republic of Tanzania,2013,27,Age-standardized,1,Male,0.193252902534069,0.11260750949895,0.298002591075342
adult_underweight,189,United Republic of Tanzania,2013,27,Age-standardized,2,Female,0.163410490571448,0.0884477604726366,0.267376683517484
adult_underweight,190,Uganda,2013,27,Age-standardized,1,Male,0.229165531395398,0.131220345004191,0.348824499488418
adult_underweight,190,Uganda,2013,27,Age-standardized,2,Female,0.16234618896109,0.074439494752962,0.284524942659364
adult_underweight,191,Zambia,2013,27,Age-standardized,1,Male,0.146464746699503,0.0576132649718303,0.292674404291438
adult_underweight,191,Zambia,2013,27,Age-standardized,2,Female,0.145893406951328,0.0511392051500891,0.307306541625134
adult_underweight,194,Lesotho,2013,27,Age-standardized,1,Male,0.148120511436765,0.0611778716827507,0.292399844935055
adult_underweight,194,Lesotho,2013,27,Age-standardized,2,Female,0.0648582968172523,0.0175134438297755,0.171077172197595
adult_underweight,195,Namibia,2013,27,Age-standardized,1,Male,0.241369665465913,0.110589127494934,0.421913870742973
adult_underweight,195,Namibia,2013,27,Age-standardized,2,Female,0.165610451909473,0.0571554355137941,0.349240458933649
adult_underweight,196,South Africa,2013,27,Age-standardized,1,Male,0.125479238003982,0.0681795367813725,0.207044401556458
adult_underweight,196,South Africa,2013,27,Age-standardized,2,Female,0.0539496804799411,0.0259672904968394,0.101422370458147
adult_underweight,197,Eswatini,2013,27,Age-standardized,1,Male,0.0331665380710047,0.0126812523433818,0.0728629941995003
adult_underweight,197,Eswatini,2013,27,Age-standardized,2,Female,0.0624971739459969,0.0163883703920655,0.164171921125326
adult_underweight,198,Zimbabwe,2013,27,Age-standardized,1,Male,0.145342142623012,0.0567551317004487,0.29050246644794
adult_underweight,198,Zimbabwe,2013,27,Age-standardized,2,Female,0.0377225582320197,0.0113669937424846,0.0983612269543944
adult_underweight,206,Gambia,2013,27,Age-standardized,1,Male,0.136055192124559,0.0513900092030625,0.281992610509893
adult_underweight,206,Gambia,2013,27,Age-standardized,2,Female,0.107211830846278,0.0427564960871524,0.236544229543423
adult_underweight,207,Ghana,2013,27,Age-standardized,1,Male,0.12708998768875,0.0679826894945813,0.208283794292148
adult_underweight,207,Ghana,2013,27,Age-standardized,2,Female,0.139627161307374,0.0672577765248138,0.237737993804891
adult_underweight,214,Nigeria,2013,27,Age-standardized,1,Male,0.0822377277099308,0.025754625626357,0.194071964407871
adult_underweight,214,Nigeria,2013,27,Age-standardized,2,Female,0.108680930880766,0.0384758970104644,0.253048953891855
adult_underweight,522,Sudan,2013,27,Age-standardized,1,Male,0.0107815324741,0.003080519940409,0.0280256010315761
adult_underweight,522,Sudan,2013,27,Age-standardized,2,Female,0.0130783667751386,0.0023298565491302,0.0424889681835992
adult_underweight,6,China,2014,27,Age-standardized,1,Male,0.113834513059747,0.0701896994907911,0.17019544688277
adult_underweight,6,China,2014,27,Age-standardized,2,Female,0.17563680357145,0.103863514752538,0.264367986957363
adult_underweight,7,Democratic People's Republic of Korea,2014,27,Age-standardized,1,Male,0.0625968785654985,0.0194222635535239,0.14968515771989
adult_underweight,7,Democratic People's Republic of Korea,2014,27,Age-standardized,2,Female,0.0999788957503504,0.0213970958553527,0.273503690086218
adult_underweight,10,Cambodia,2014,27,Age-standardized,1,Male,0.226192263132467,0.094253197295049,0.41788955468038
adult_underweight,10,Cambodia,2014,27,Age-standardized,2,Female,0.188755652076572,0.0731794077120309,0.369981531485335
adult_underweight,11,Indonesia,2014,27,Age-standardized,1,Male,0.235149789763832,0.139585748865069,0.35010489816116
adult_underweight,11,Indonesia,2014,27,Age-standardized,2,Female,0.232062790637532,0.114557357447295,0.380171587326168
adult_underweight,12,Lao People's Democratic Republic,2014,27,Age-standardized,1,Male,0.204775350261087,0.0907623823358096,0.367228914555577
adult_underweight,12,Lao People's Democratic Republic,2014,27,Age-standardized,2,Female,0.178771377094484,0.0630628060461428,0.366885508980181
adult_underweight,15,Myanmar,2014,27,Age-standardized,1,Male,0.312482231383088,0.162936768985509,0.491539281003402
adult_underweight,15,Myanmar,2014,27,Age-standardized,2,Female,0.278710091995465,0.134109203001296,0.44087771428995
adult_underweight,16,Philippines,2014,27,Age-standardized,1,Male,0.201017483464343,0.0860858022982022,0.373045413941438
adult_underweight,16,Philippines,2014,27,Age-standardized,2,Female,0.258235888069002,0.0968681429003156,0.472700389846106
adult_underweight,18,Thailand,2014,27,Age-standardized,1,Male,0.23986808996602,0.124553789041787,0.385857072944399
adult_underweight,18,Thailand,2014,27,Age-standardized,2,Female,0.185476227191144,0.0846755445506029,0.323388877792732
adult_underweight,20,Viet Nam,2014,27,Age-standardized,1,Male,0.258155413935996,0.136791879503291,0.396010801421368
adult_underweight,20,Viet Nam,2014,27,Age-standardized,2,Female,0.279204473514323,0.128099986862438,0.448892457671571
adult_underweight,38,Mongolia,2014,27,Age-standardized,1,Male,0.0167802801900281,0.0079925528864991,0.0331351631636511
adult_underweight,38,Mongolia,2014,27,Age-standardized,2,Female,0.0239587629274873,0.0104236068656864,0.0544256885405768
adult_underweight,122,Ecuador,2014,27,Age-standardized,1,Male,0.0055208035549483,0.0021040750000139,0.0123824687950925
adult_underweight,122,Ecuador,2014,27,Age-standardized,2,Female,0.0108737061923554,0.0029803823699855,0.0310785494388654
adult_underweight,135,Brazil,2014,27,Age-standardized,1,Male,0.0290787774267441,0.017058085839527,0.0466349431939769
adult_underweight,135,Brazil,2014,27,Age-standardized,2,Female,0.0404544439254603,0.0270683797095957,0.058626004782105
adult_underweight,161,Bangladesh,2014,27,Age-standardized,1,Male,0.269245085837224,0.156681458036528,0.408760752447648
adult_underweight,161,Bangladesh,2014,27,Age-standardized,2,Female,0.238819701819642,0.11484433722665,0.405111841105411
adult_underweight,163,India,2014,27,Age-standardized,1,Male,0.293997261304183,0.195751946786112,0.405613775613594
adult_underweight,163,India,2014,27,Age-standardized,2,Female,0.288437221589684,0.200188300580169,0.388581593079184
adult_underweight,164,Nepal,2014,27,Age-standardized,1,Male,0.208068765633634,0.0963778532225312,0.359634816761687
adult_underweight,164,Nepal,2014,27,Age-standardized,2,Female,0.222591496647757,0.0980501883353642,0.395422933898353
adult_underweight,165,Pakistan,2014,27,Age-standardized,1,Male,0.196034250984199,0.109811339848034,0.315551592211779
adult_underweight,165,Pakistan,2014,27,Age-standardized,2,Female,0.185336541498706,0.102606369908893,0.295224733914811
adult_underweight,178,Eritrea,2014,27,Age-standardized,1,Male,0.349383808369762,0.183148274335643,0.550289225192973
adult_underweight,178,Eritrea,2014,27,Age-standardized,2,Female,0.388781283462005,0.177224931125237,0.627842954484516
adult_underweight,179,Ethiopia,2014,27,Age-standardized,1,Male,0.318562278637612,0.174026521506976,0.49170301427338
adult_underweight,179,Ethiopia,2014,27,Age-standardized,2,Female,0.278936223412512,0.130167303348957,0.478920753182586
adult_underweight,180,Kenya,2014,27,Age-standardized,1,Male,0.243135077592978,0.11062298518257,0.431756343636105
adult_underweight,180,Kenya,2014,27,Age-standardized,2,Female,0.171315861090322,0.0669972787281183,0.332440322369211
adult_underweight,182,Malawi,2014,27,Age-standardized,1,Male,0.162867109199834,0.0766289437614463,0.287243052730844
adult_underweight,182,Malawi,2014,27,Age-standardized,2,Female,0.121403184171399,0.0483420072427106,0.246938924116687
adult_underweight,185,Rwanda,2014,27,Age-standardized,1,Male,0.187088684643509,0.0846475742639694,0.339942396299634
adult_underweight,185,Rwanda,2014,27,Age-standardized,2,Female,0.120693174348431,0.0423522602993163,0.267051916945201
adult_underweight,189,United Republic of Tanzania,2014,27,Age-standardized,1,Male,0.1886341686357,0.106559746482349,0.296022996285278
adult_underweight,189,United Republic of Tanzania,2014,27,Age-standardized,2,Female,0.160265568579975,0.0827322145598623,0.269915452088219
adult_underweight,190,Uganda,2014,27,Age-standardized,1,Male,0.227634240173161,0.132270999915521,0.34573947940948
adult_underweight,190,Uganda,2014,27,Age-standardized,2,Female,0.163594449114167,0.0780281315928525,0.283192277863516
adult_underweight,191,Zambia,2014,27,Age-standardized,1,Male,0.14213362439495,0.0553147250229335,0.286707016340607
adult_underweight,191,Zambia,2014,27,Age-standardized,2,Female,0.143076671836972,0.0497751071070913,0.304728495450056
adult_underweight,194,Lesotho,2014,27,Age-standardized,1,Male,0.145115332467552,0.0594305114524072,0.289836517337681
adult_underweight,194,Lesotho,2014,27,Age-standardized,2,Female,0.0642756212990779,0.0171271466083819,0.172334127932087
adult_underweight,195,Namibia,2014,27,Age-standardized,1,Male,0.236449254936911,0.107378702922611,0.418665801350843
adult_underweight,195,Namibia,2014,27,Age-standardized,2,Female,0.163183674573244,0.0536845663694517,0.348875553976913
adult_underweight,196,South Africa,2014,27,Age-standardized,1,Male,0.125620450886395,0.0695056295832816,0.206551539916787
adult_underweight,196,South Africa,2014,27,Age-standardized,2,Female,0.053515168659543,0.0262635880545408,0.100221143242926
adult_underweight,197,Eswatini,2014,27,Age-standardized,1,Male,0.0329377528794112,0.0126016363168723,0.0725703889197862
adult_underweight,197,Eswatini,2014,27,Age-standardized,2,Female,0.0611319680379308,0.0157573428236088,0.16291488633536
adult_underweight,198,Zimbabwe,2014,27,Age-standardized,1,Male,0.14185717215188,0.0549009595609666,0.286090543490126
adult_underweight,198,Zimbabwe,2014,27,Age-standardized,2,Female,0.0374064708835527,0.0112536494737779,0.0996120917734868
adult_underweight,206,Gambia,2014,27,Age-standardized,1,Male,0.133331926281463,0.0500886872970291,0.27938554553388
adult_underweight,206,Gambia,2014,27,Age-standardized,2,Female,0.103306173356976,0.0411398101135816,0.230142702202585
adult_underweight,207,Ghana,2014,27,Age-standardized,1,Male,0.123847039910486,0.063777289563153,0.209620076087367
adult_underweight,207,Ghana,2014,27,Age-standardized,2,Female,0.136557988685932,0.0615681222738516,0.242008922564641
adult_underweight,214,Nigeria,2014,27,Age-standardized,1,Male,0.0800109835325622,0.0249390341533629,0.190416952597736
adult_underweight,214,Nigeria,2014,27,Age-standardized,2,Female,0.106796382687298,0.0376982065461737,0.250483418484211
adult_underweight,522,Sudan,2014,27,Age-standardized,1,Male,0.0103036096565984,0.0029352070203834,0.02700632457894
adult_underweight,522,Sudan,2014,27,Age-standardized,2,Female,0.0128427125850995,0.0022824586385077,0.0421333264669491
adult_underweight,6,China,2015,27,Age-standardized,1,Male,0.111563928751798,0.06507603985264,0.173939103395427
adult_underweight,6,China,2015,27,Age-standardized,2,Female,0.174140779274199,0.0954614374661685,0.275576665116894
adult_underweight,7,Democratic People's Republic of Korea,2015,27,Age-standardized,1,Male,0.0609735805181085,0.0193460674949393,0.143214164276813
adult_underweight,7,Democratic People's Republic of Korea,2015,27,Age-standardized,2,Female,0.0985365622629657,0.0217468882513776,0.26427418274303
adult_underweight,10,Cambodia,2015,27,Age-standardized,1,Male,0.223293408444176,0.0937712498062983,0.412222736265148
adult_underweight,10,Cambodia,2015,27,Age-standardized,2,Female,0.183486609556478,0.0699636626421484,0.363871096222646
adult_underweight,11,Indonesia,2015,27,Age-standardized,1,Male,0.232457181482259,0.135222070421633,0.351792824903161
adult_underweight,11,Indonesia,2015,27,Age-standardized,2,Female,0.232105515797369,0.109434338323538,0.390561082309126
adult_underweight,12,Lao People's Democratic Republic,2015,27,Age-standardized,1,Male,0.200848303940186,0.088040977248088,0.363965690268877
adult_underweight,12,Lao People's Democratic Republic,2015,27,Age-standardized,2,Female,0.177735699494383,0.0612477216258069,0.367643554118732
adult_underweight,15,Myanmar,2015,27,Age-standardized,1,Male,0.308562861658272,0.158920597637395,0.490804523873991
adult_underweight,15,Myanmar,2015,27,Age-standardized,2,Female,0.275380733266623,0.129980434557911,0.441418495386085
adult_underweight,16,Philippines,2015,27,Age-standardized,1,Male,0.198285225442439,0.0845070294381607,0.370877470392456
adult_underweight,16,Philippines,2015,27,Age-standardized,2,Female,0.256654602310941,0.0951212516904373,0.476003423506405
adult_underweight,18,Thailand,2015,27,Age-standardized,1,Male,0.236110552634185,0.124934269528563,0.376420859887453
adult_underweight,18,Thailand,2015,27,Age-standardized,2,Female,0.183781865509424,0.0881582453343485,0.313997115813532
adult_underweight,20,Viet Nam,2015,27,Age-standardized,1,Male,0.250703296410947,0.130496221112938,0.39021460016913
adult_underweight,20,Viet Nam,2015,27,Age-standardized,2,Female,0.272744451492721,0.12300483298331,0.44762820981882
adult_underweight,38,Mongolia,2015,27,Age-standardized,1,Male,0.0168290858438256,0.0079662189796714,0.0332986599448006
adult_underweight,38,Mongolia,2015,27,Age-standardized,2,Female,0.024072665377047,0.0103318487584256,0.0543254605332162
adult_underweight,122,Ecuador,2015,27,Age-standardized,1,Male,0.005335988022537,0.0020523492739833,0.011858651897866
adult_underweight,122,Ecuador,2015,27,Age-standardized,2,Female,0.0104366509210305,0.0028460308668614,0.0296817230799717
adult_underweight,135,Brazil,2015,27,Age-standardized,1,Male,0.0282754137404922,0.01629139981294,0.0456722018243196
adult_underweight,135,Brazil,2015,27,Age-standardized,2,Female,0.0401658134222447,0.0265983754163946,0.0584477442742702
adult_underweight,161,Bangladesh,2015,27,Age-standardized,1,Male,0.259946348638229,0.147055686258688,0.4024813503573
adult_underweight,161,Bangladesh,2015,27,Age-standardized,2,Female,0.228170293189366,0.105813907152008,0.394125402629776
adult_underweight,163,India,2015,27,Age-standardized,1,Male,0.287083987464996,0.184139732845764,0.408437984029832
adult_underweight,163,India,2015,27,Age-standardized,2,Female,0.281292183304717,0.184997345753503,0.395558987430485
adult_underweight,164,Nepal,2015,27,Age-standardized,1,Male,0.201929850700782,0.0933475690596764,0.352568380251675
adult_underweight,164,Nepal,2015,27,Age-standardized,2,Female,0.217256958232261,0.096489492326479,0.385507338179209
adult_underweight,165,Pakistan,2015,27,Age-standardized,1,Male,0.192354310207839,0.104361608016713,0.31686451037074
adult_underweight,165,Pakistan,2015,27,Age-standardized,2,Female,0.182331949703659,0.0946079389367411,0.30215894651541
adult_underweight,178,Eritrea,2015,27,Age-standardized,1,Male,0.341134525246539,0.173782409259065,0.547000989113585
adult_underweight,178,Eritrea,2015,27,Age-standardized,2,Female,0.385594953779908,0.170411886459914,0.634164731469464
adult_underweight,179,Ethiopia,2015,27,Age-standardized,1,Male,0.313721998058026,0.172664599803974,0.486006866105228
adult_underweight,179,Ethiopia,2015,27,Age-standardized,2,Female,0.277718570630672,0.13167445610448,0.474428699914661
adult_underweight,180,Kenya,2015,27,Age-standardized,1,Male,0.237933167605866,0.106762047823706,0.426749661805082
adult_underweight,180,Kenya,2015,27,Age-standardized,2,Female,0.169292701499808,0.0655927538024341,0.332381992609494
adult_underweight,182,Malawi,2015,27,Age-standardized,1,Male,0.16000941473683,0.0756616377995778,0.282599633558999
adult_underweight,182,Malawi,2015,27,Age-standardized,2,Female,0.11916812463689,0.0461973886272472,0.244015173175068
adult_underweight,185,Rwanda,2015,27,Age-standardized,1,Male,0.183866000853234,0.0827186360969444,0.33427985044427
adult_underweight,185,Rwanda,2015,27,Age-standardized,2,Female,0.118560149177405,0.0412343776519634,0.261530612825826
adult_underweight,189,United Republic of Tanzania,2015,27,Age-standardized,1,Male,0.18405890318696,0.100084240370436,0.297508032381485
adult_underweight,189,United Republic of Tanzania,2015,27,Age-standardized,2,Female,0.157533776353435,0.0766647943131277,0.273401106624992
adult_underweight,190,Uganda,2015,27,Age-standardized,1,Male,0.225710709716137,0.133457307685461,0.341373464970546
adult_underweight,190,Uganda,2015,27,Age-standardized,2,Female,0.165032493175882,0.0807160767061039,0.281961805200378
adult_underweight,191,Zambia,2015,27,Age-standardized,1,Male,0.137861810933092,0.0536458697624819,0.279544567290583
adult_underweight,191,Zambia,2015,27,Age-standardized,2,Female,0.140405943882283,0.0484015144675354,0.298663156493729
adult_underweight,194,Lesotho,2015,27,Age-standardized,1,Male,0.142322634012313,0.0578763198034129,0.283686821370498
adult_underweight,194,Lesotho,2015,27,Age-standardized,2,Female,0.063722913315039,0.0166676477920542,0.169860221386261
adult_underweight,195,Namibia,2015,27,Age-standardized,1,Male,0.231883952575395,0.103840387484593,0.414850924659795
adult_underweight,195,Namibia,2015,27,Age-standardized,2,Female,0.161304731102943,0.0515512979344733,0.349501107203793
adult_underweight,196,South Africa,2015,27,Age-standardized,1,Male,0.124535059864477,0.0698798958745531,0.20436555747036
adult_underweight,196,South Africa,2015,27,Age-standardized,2,Female,0.0527719152362516,0.0262410781640972,0.0986327683141984
adult_underweight,197,Eswatini,2015,27,Age-standardized,1,Male,0.0320653189800988,0.0120526675701587,0.0712085862646374
adult_underweight,197,Eswatini,2015,27,Age-standardized,2,Female,0.0604322536068314,0.0154573112638195,0.160739009067832
adult_underweight,198,Zimbabwe,2015,27,Age-standardized,1,Male,0.138586994196442,0.0539507480467244,0.279600512872926
adult_underweight,198,Zimbabwe,2015,27,Age-standardized,2,Female,0.0369825853736496,0.0110263146073179,0.0977284451988817
adult_underweight,206,Gambia,2015,27,Age-standardized,1,Male,0.13061867247455,0.0488990379764422,0.273615439034784
adult_underweight,206,Gambia,2015,27,Age-standardized,2,Female,0.0993136610332015,0.0396626581773321,0.219838510209308
adult_underweight,207,Ghana,2015,27,Age-standardized,1,Male,0.120706833362434,0.0600402008217836,0.20927235934444
adult_underweight,207,Ghana,2015,27,Age-standardized,2,Female,0.134219399830441,0.0565711405661776,0.244729993089628
adult_underweight,214,Nigeria,2015,27,Age-standardized,1,Male,0.0777267463559373,0.0247543690539669,0.181867522954129
adult_underweight,214,Nigeria,2015,27,Age-standardized,2,Female,0.104934394352842,0.0373018454017632,0.242992243803095
adult_underweight,522,Sudan,2015,27,Age-standardized,1,Male,0.0098858999413167,0.0028851068107576,0.0253344167559613
adult_underweight,522,Sudan,2015,27,Age-standardized,2,Female,0.0126794509217424,0.0023316005211188,0.0404105757170986
adult_underweight,6,China,2016,27,Age-standardized,1,Male,0.108848226955382,0.0601919909231232,0.176670811715036
adult_underweight,6,China,2016,27,Age-standardized,2,Female,0.172074777144517,0.0881653066452886,0.28503204396286
adult_underweight,7,Democratic People's Republic of Korea,2016,27,Age-standardized,1,Male,0.059399913131507,0.018813730982255802,0.140470446294057
adult_underweight,7,Democratic People's Republic of Korea,2016,27,Age-standardized,2,Female,0.0971362765122001,0.0214074537926663,0.262344900734691
adult_underweight,10,Cambodia,2016,27,Age-standardized,1,Male,0.220456775603049,0.0914443228014557,0.409515054630761
adult_underweight,10,Cambodia,2016,27,Age-standardized,2,Female,0.178151919123073,0.0659560727070252,0.359336929005772
adult_underweight,11,Indonesia,2016,27,Age-standardized,1,Male,0.229772402405593,0.12963276456675,0.353971753751195
adult_underweight,11,Indonesia,2016,27,Age-standardized,2,Female,0.232201652005406,0.104692370195088,0.402470908704966
adult_underweight,12,Lao People's Democratic Republic,2016,27,Age-standardized,1,Male,0.19718199304058,0.084163345556147,0.363970292694944
adult_underweight,12,Lao People's Democratic Republic,2016,27,Age-standardized,2,Female,0.176787565312773,0.0595682425511874,0.371335776140019
adult_underweight,15,Myanmar,2016,27,Age-standardized,1,Male,0.304590676911096,0.154193868207676,0.490870517954839
adult_underweight,15,Myanmar,2016,27,Age-standardized,2,Female,0.272707332779264,0.124484064773554,0.444392874860032
adult_underweight,16,Philippines,2016,27,Age-standardized,1,Male,0.195649130881634,0.082153290956258,0.368312026271176
adult_underweight,16,Philippines,2016,27,Age-standardized,2,Female,0.255050332280277,0.0921753404730064,0.480577443741905
adult_underweight,18,Thailand,2016,27,Age-standardized,1,Male,0.232641807846902,0.125207852138895,0.368355537683847
adult_underweight,18,Thailand,2016,27,Age-standardized,2,Female,0.182101533453642,0.0916248002053125,0.306086164338466
adult_underweight,20,Viet Nam,2016,27,Age-standardized,1,Male,0.24518625272452,0.125563966016733,0.388628364619556
adult_underweight,20,Viet Nam,2016,27,Age-standardized,2,Female,0.268267261967831,0.119185047543311,0.445454941679443
adult_underweight,38,Mongolia,2016,27,Age-standardized,1,Male,0.0168812360468746,0.0078842200182731,0.0337836429414832
adult_underweight,38,Mongolia,2016,27,Age-standardized,2,Female,0.0241766439080315,0.0103146319848308,0.0552998192864061
adult_underweight,122,Ecuador,2016,27,Age-standardized,1,Male,0.0051601297530657,0.0019962706571777,0.0114952615440695
adult_underweight,122,Ecuador,2016,27,Age-standardized,2,Female,0.0100320099580391,0.0026816658041856,0.0287272384458546
adult_underweight,135,Brazil,2016,27,Age-standardized,1,Male,0.0273158658846187,0.01553141417075,0.0449612168578157
adult_underweight,135,Brazil,2016,27,Age-standardized,2,Female,0.0398975435300429,0.0262683356032009,0.0588894971115427
adult_underweight,161,Bangladesh,2016,27,Age-standardized,1,Male,0.254053376887468,0.139060203481622,0.403272086913925
adult_underweight,161,Bangladesh,2016,27,Age-standardized,2,Female,0.224105532002776,0.100850076422091,0.394898718117644
adult_underweight,163,India,2016,27,Age-standardized,1,Male,0.280686028811783,0.172991602209959,0.412700962055587
adult_underweight,163,India,2016,27,Age-standardized,2,Female,0.275620489835196,0.171608413429723,0.407176494883872
adult_underweight,164,Nepal,2016,27,Age-standardized,1,Male,0.196016822976516,0.0891989866574667,0.347691854077273
adult_underweight,164,Nepal,2016,27,Age-standardized,2,Female,0.212223334778523,0.0937162398594572,0.379978516736817
adult_underweight,165,Pakistan,2016,27,Age-standardized,1,Male,0.188655168127527,0.098492651016638,0.31831723711444
adult_underweight,165,Pakistan,2016,27,Age-standardized,2,Female,0.179331806049874,0.0875619153182296,0.308878671163976
adult_underweight,178,Eritrea,2016,27,Age-standardized,1,Male,0.332914876105044,0.163804842727506,0.545974557511308
adult_underweight,178,Eritrea,2016,27,Age-standardized,2,Female,0.382470816174262,0.162963402581532,0.638187353410831
adult_underweight,179,Ethiopia,2016,27,Age-standardized,1,Male,0.307858619212856,0.16757070761971,0.481522923281228
adult_underweight,179,Ethiopia,2016,27,Age-standardized,2,Female,0.274463356433232,0.128195290132298,0.471008536898699
adult_underweight,180,Kenya,2016,27,Age-standardized,1,Male,0.231756670059034,0.10189112187378,0.421025379489279
adult_underweight,180,Kenya,2016,27,Age-standardized,2,Female,0.166378927168737,0.0632350770703872,0.332342652734226
adult_underweight,182,Malawi,2016,27,Age-standardized,1,Male,0.157458548365263,0.0736068844933757,0.282085484589378
adult_underweight,182,Malawi,2016,27,Age-standardized,2,Female,0.11746827906127,0.0443576871885382,0.24582042255196
adult_underweight,185,Rwanda,2016,27,Age-standardized,1,Male,0.18047037603833,0.0795915760395735,0.333712697534596
adult_underweight,185,Rwanda,2016,27,Age-standardized,2,Female,0.116958883046285,0.0393984019756302,0.26335298550299
adult_underweight,189,United Republic of Tanzania,2016,27,Age-standardized,1,Male,0.179422828341986,0.0935445072194063,0.29759530654637
adult_underweight,189,United Republic of Tanzania,2016,27,Age-standardized,2,Female,0.15528404956165,0.0720390299597062,0.277002343715502
adult_underweight,190,Uganda,2016,27,Age-standardized,1,Male,0.223538301809615,0.132227966501666,0.338031598359793
adult_underweight,190,Uganda,2016,27,Age-standardized,2,Female,0.166437557612763,0.0836699327392045,0.283104671942589
adult_underweight,191,Zambia,2016,27,Age-standardized,1,Male,0.13360646554947,0.0513372909590483,0.274254672997214
adult_underweight,191,Zambia,2016,27,Age-standardized,2,Female,0.137836935795391,0.0468342566133444,0.297713669068853
adult_underweight,194,Lesotho,2016,27,Age-standardized,1,Male,0.139599638388085,0.0556555314517356,0.281983847647503
adult_underweight,194,Lesotho,2016,27,Age-standardized,2,Female,0.0631685622907825,0.0159497307291154,0.17159923656247
adult_underweight,195,Namibia,2016,27,Age-standardized,1,Male,0.227367696833034,0.0998067259546565,0.410979864948559
adult_underweight,195,Namibia,2016,27,Age-standardized,2,Female,0.159489280712511,0.0493678937329277,0.351262940976079
adult_underweight,196,South Africa,2016,27,Age-standardized,1,Male,0.123324193755612,0.0689404565214849,0.203254921537786
adult_underweight,196,South Africa,2016,27,Age-standardized,2,Female,0.0520249693454447,0.0255940774671913,0.0985657802607914
adult_underweight,197,Eswatini,2016,27,Age-standardized,1,Male,0.0312059248631653,0.0114839370828498,0.0698795654563089
adult_underweight,197,Eswatini,2016,27,Age-standardized,2,Female,0.0597497257906165,0.0148779046402838,0.161811230053711
adult_underweight,198,Zimbabwe,2016,27,Age-standardized,1,Male,0.135808610078827,0.0522636890095484,0.276859591525671
adult_underweight,198,Zimbabwe,2016,27,Age-standardized,2,Female,0.0364261618085674,0.0105665520307658,0.0983354707994792
adult_underweight,206,Gambia,2016,27,Age-standardized,1,Male,0.127892634187159,0.0471940154131531,0.270155018988572
adult_underweight,206,Gambia,2016,27,Age-standardized,2,Female,0.095171325416028,0.037660346402208,0.213354535391357
adult_underweight,207,Ghana,2016,27,Age-standardized,1,Male,0.117707048840407,0.0564535329983416,0.20966475858299
adult_underweight,207,Ghana,2016,27,Age-standardized,2,Female,0.132145015111039,0.0524801502677482,0.249082147026295
adult_underweight,214,Nigeria,2016,27,Age-standardized,1,Male,0.0754182887146234,0.0239575144015345,0.177806706640038
adult_underweight,214,Nigeria,2016,27,Age-standardized,2,Female,0.103028949695399,0.0364514031383332,0.240799209482482
adult_underweight,522,Sudan,2016,27,Age-standardized,1,Male,0.0095003091908216,0.0027704530997421,0.0245214795672678
adult_underweight,522,Sudan,2016,27,Age-standardized,2,Female,0.0125414203867934,0.0023081254341594,0.0402851992032877
adult_underweight,6,China,2017,27,Age-standardized,1,Male,0.105766655808363,0.0552380625223408,0.177346872217991
adult_underweight,6,China,2017,27,Age-standardized,2,Female,0.169490340725397,0.0802681113634766,0.292383867759705
adult_underweight,7,Democratic People's Republic of Korea,2017,27,Age-standardized,1,Male,0.0578823251231634,0.0179414833489432,0.137604196438971
adult_underweight,7,Democratic People's Republic of Korea,2017,27,Age-standardized,2,Female,0.0958247428789212,0.0205403950205061,0.260149246292361
adult_underweight,10,Cambodia,2017,27,Age-standardized,1,Male,0.217662221883412,0.0884727403941913,0.406642270897927
adult_underweight,10,Cambodia,2017,27,Age-standardized,2,Female,0.1728183897672,0.0611648740257596,0.355474189589166
adult_underweight,11,Indonesia,2017,27,Age-standardized,1,Male,0.226996630113537,0.123885069933683,0.356073862540381
adult_underweight,11,Indonesia,2017,27,Age-standardized,2,Female,0.232251406132411,0.100512001325408,0.413448944470164
adult_underweight,12,Lao People's Democratic Republic,2017,27,Age-standardized,1,Male,0.193622523947133,0.0798788492475135,0.362470084023078
adult_underweight,12,Lao People's Democratic Republic,2017,27,Age-standardized,2,Female,0.175825276783902,0.056851915585882797,0.373947867241607
adult_underweight,15,Myanmar,2017,27,Age-standardized,1,Male,0.300552302938496,0.147668099478496,0.491453947055858
adult_underweight,15,Myanmar,2017,27,Age-standardized,2,Female,0.269963561580702,0.118843110791498,0.447130533917229
adult_underweight,16,Philippines,2017,27,Age-standardized,1,Male,0.192942341336203,0.0790064341954681,0.36619052590406
adult_underweight,16,Philippines,2017,27,Age-standardized,2,Female,0.253323554339787,0.0886488891782678,0.484557734523981
adult_underweight,18,Thailand,2017,27,Age-standardized,1,Male,0.229141642911702,0.125051514174847,0.365204464426465
adult_underweight,18,Thailand,2017,27,Age-standardized,2,Female,0.18046859629692,0.093619438764627,0.298328182356432
adult_underweight,20,Viet Nam,2017,27,Age-standardized,1,Male,0.239729981071165,0.120934157415578,0.386434288615771
adult_underweight,20,Viet Nam,2017,27,Age-standardized,2,Female,0.263864928967578,0.11422496477675,0.445372956714603
adult_underweight,38,Mongolia,2017,27,Age-standardized,1,Male,0.0169346981340606,0.007808601065373,0.0342572530380813
adult_underweight,38,Mongolia,2017,27,Age-standardized,2,Female,0.0242428482982706,0.0100795641891982,0.0560923559465738
adult_underweight,122,Ecuador,2017,27,Age-standardized,1,Male,0.0049933770132046,0.0019052043940862,0.0113167117361128
adult_underweight,122,Ecuador,2017,27,Age-standardized,2,Female,0.0096620443429535,0.0025257713141329,0.0278887693443252
adult_underweight,135,Brazil,2017,27,Age-standardized,1,Male,0.0265391281980453,0.0148419986716973,0.0447633837378225
adult_underweight,135,Brazil,2017,27,Age-standardized,2,Female,0.0395295239029924,0.0258046847682193,0.0591537353899844
adult_underweight,161,Bangladesh,2017,27,Age-standardized,1,Male,0.248104156778843,0.131102375035734,0.403983631262475
adult_underweight,161,Bangladesh,2017,27,Age-standardized,2,Female,0.219813659697994,0.0944319866528053,0.395844123587221
adult_underweight,163,India,2017,27,Age-standardized,1,Male,0.274730489151244,0.16230784678334,0.41752356524596
adult_underweight,163,India,2017,27,Age-standardized,2,Female,0.270833212786598,0.15851646833317,0.416398037072505
adult_underweight,164,Nepal,2017,27,Age-standardized,1,Male,0.190291473432528,0.0844780373489324,0.343309541281153
adult_underweight,164,Nepal,2017,27,Age-standardized,2,Female,0.207818532710754,0.0900464781663545,0.375424400572188
adult_underweight,165,Pakistan,2017,27,Age-standardized,1,Male,0.184899910615489,0.0925079027187038,0.318524568510814
adult_underweight,165,Pakistan,2017,27,Age-standardized,2,Female,0.176297627265235,0.0808215413819733,0.316916875139425
adult_underweight,178,Eritrea,2017,27,Age-standardized,1,Male,0.324671390581354,0.153373176911782,0.543774261219506
adult_underweight,178,Eritrea,2017,27,Age-standardized,2,Female,0.378984678825482,0.15374377882215,0.644316862995977
adult_underweight,179,Ethiopia,2017,27,Age-standardized,1,Male,0.301550819579988,0.161306339423823,0.478989928564284
adult_underweight,179,Ethiopia,2017,27,Age-standardized,2,Female,0.271625908743518,0.123466269549358,0.471156550079994
adult_underweight,180,Kenya,2017,27,Age-standardized,1,Male,0.22560529152141,0.0965258779332247,0.415621964570207
adult_underweight,180,Kenya,2017,27,Age-standardized,2,Female,0.16332914679341,0.0599470230805647,0.330676282669618
adult_underweight,182,Malawi,2017,27,Age-standardized,1,Male,0.154784230354611,0.070937394039882,0.282167798769303
adult_underweight,182,Malawi,2017,27,Age-standardized,2,Female,0.11586046025131,0.0421194284420663,0.245697900141525
adult_underweight,185,Rwanda,2017,27,Age-standardized,1,Male,0.176971678376897,0.0754594919613299,0.332474773891697
adult_underweight,185,Rwanda,2017,27,Age-standardized,2,Female,0.115270945589234,0.0369700047609678,0.263817589942342
adult_underweight,189,United Republic of Tanzania,2017,27,Age-standardized,1,Male,0.174733551016608,0.0869519408246682,0.295649893346122
adult_underweight,189,United Republic of Tanzania,2017,27,Age-standardized,2,Female,0.153219383815786,0.0673231921654727,0.278919705651984
adult_underweight,190,Uganda,2017,27,Age-standardized,1,Male,0.221178126839854,0.131843039950343,0.336532204723438
adult_underweight,190,Uganda,2017,27,Age-standardized,2,Female,0.168102246751958,0.085399362002803,0.285015521162771
adult_underweight,191,Zambia,2017,27,Age-standardized,1,Male,0.12939636748336,0.0485651039425131,0.269719645950713
adult_underweight,191,Zambia,2017,27,Age-standardized,2,Female,0.135368538884593,0.044587778582551,0.296561900036323
adult_underweight,194,Lesotho,2017,27,Age-standardized,1,Male,0.136930142015737,0.0530778487869387,0.280044152942436
adult_underweight,194,Lesotho,2017,27,Age-standardized,2,Female,0.0626193022267306,0.0150306730279098,0.173355787096155
adult_underweight,195,Namibia,2017,27,Age-standardized,1,Male,0.223009626175252,0.0950299523071225,0.408727310308409
adult_underweight,195,Namibia,2017,27,Age-standardized,2,Female,0.157761738642976,0.0472227731652597,0.35426331982199
adult_underweight,196,South Africa,2017,27,Age-standardized,1,Male,0.122380270272685,0.0679673327228795,0.204614456288274
adult_underweight,196,South Africa,2017,27,Age-standardized,2,Female,0.0513548774645335,0.0246806836421509,0.0996416678652057
adult_underweight,197,Eswatini,2017,27,Age-standardized,1,Male,0.0303400598168835,0.0109068316571938,0.0689003390650706
adult_underweight,197,Eswatini,2017,27,Age-standardized,2,Female,0.0590868130241326,0.0141178387634473,0.161990922926956
adult_underweight,198,Zimbabwe,2017,27,Age-standardized,1,Male,0.133181580124299,0.0501379917981098,0.275015523388384
adult_underweight,198,Zimbabwe,2017,27,Age-standardized,2,Female,0.0359363568958007,0.0099901614591422,0.0987046525456818
adult_underweight,206,Gambia,2017,27,Age-standardized,1,Male,0.125146978979264,0.0449608423938299,0.266766376273004
adult_underweight,206,Gambia,2017,27,Age-standardized,2,Female,0.0909444749511353,0.0353651151062081,0.206519989181319
adult_underweight,207,Ghana,2017,27,Age-standardized,1,Male,0.114810604260104,0.0531794782279872,0.210047392533052
adult_underweight,207,Ghana,2017,27,Age-standardized,2,Female,0.130267022364801,0.0494640666451689,0.25290279138482
adult_underweight,214,Nigeria,2017,27,Age-standardized,1,Male,0.073123631020361,0.0227135007563046,0.173451365657849
adult_underweight,214,Nigeria,2017,27,Age-standardized,2,Female,0.10112342864326,0.0351931384733715,0.238015503899583
adult_underweight,522,Sudan,2017,27,Age-standardized,1,Male,0.0091940668258034,0.0026265002926747,0.0238412878443746
adult_underweight,522,Sudan,2017,27,Age-standardized,2,Female,0.0123999267217542,0.0022223412060826,0.0400412633464375
adult_underweight,6,China,2018,27,Age-standardized,1,Male,0.102410348614428,0.050587023822024,0.177553805989593
adult_underweight,6,China,2018,27,Age-standardized,2,Female,0.166514138755284,0.0732511892415999,0.298923733296512
adult_underweight,7,Democratic People's Republic of Korea,2018,27,Age-standardized,1,Male,0.0564340218826231,0.017543233995278,0.132206898568373
adult_underweight,7,Democratic People's Republic of Korea,2018,27,Age-standardized,2,Female,0.0945938751919897,0.0203722471640304,0.252622179583867
adult_underweight,10,Cambodia,2018,27,Age-standardized,1,Male,0.214977890306133,0.0869682573800706,0.402675996870552
adult_underweight,10,Cambodia,2018,27,Age-standardized,2,Female,0.167543983417505,0.0578512583825712,0.348370609798592
adult_underweight,11,Indonesia,2018,27,Age-standardized,1,Male,0.22418326150139,0.1189296562581,0.358799872676671
adult_underweight,11,Indonesia,2018,27,Age-standardized,2,Female,0.232263650369815,0.0957570435870441,0.422786865948306
adult_underweight,12,Lao People's Democratic Republic,2018,27,Age-standardized,1,Male,0.190192728736336,0.0772221570354462,0.360660127376021
adult_underweight,12,Lao People's Democratic Republic,2018,27,Age-standardized,2,Female,0.174877334487971,0.0548863362099569,0.375459557785705
adult_underweight,15,Myanmar,2018,27,Age-standardized,1,Male,0.2971277579848,0.143314684825972,0.491403639573481
adult_underweight,15,Myanmar,2018,27,Age-standardized,2,Female,0.26811722548943,0.113615043280207,0.449916301105689
adult_underweight,16,Philippines,2018,27,Age-standardized,1,Male,0.190210976020884,0.0768321023996854,0.362199529885072
adult_underweight,16,Philippines,2018,27,Age-standardized,2,Female,0.251517716269492,0.0862962427837247,0.485337802026637
adult_underweight,18,Thailand,2018,27,Age-standardized,1,Male,0.225613291270947,0.123918705211787,0.357192635143629
adult_underweight,18,Thailand,2018,27,Age-standardized,2,Female,0.178872857492298,0.0942088637069691,0.292175503316803
adult_underweight,20,Viet Nam,2018,27,Age-standardized,1,Male,0.234382991801073,0.116837804419821,0.382259436975874
adult_underweight,20,Viet Nam,2018,27,Age-standardized,2,Female,0.259577971803005,0.110007939709481,0.444444939764307
adult_underweight,38,Mongolia,2018,27,Age-standardized,1,Male,0.0170005200702713,0.0076622371059029,0.0346143697027294
adult_underweight,38,Mongolia,2018,27,Age-standardized,2,Female,0.0243003362478305,0.009927083503759,0.0567245711497262
adult_underweight,122,Ecuador,2018,27,Age-standardized,1,Male,0.0048350587051774,0.0018205186594645,0.0110395610925457
adult_underweight,122,Ecuador,2018,27,Age-standardized,2,Female,0.0093228738168125,0.002365056708079,0.0272109141665138
adult_underweight,135,Brazil,2018,27,Age-standardized,1,Male,0.0255934181715227,0.013937291745163,0.0443581993979538
adult_underweight,135,Brazil,2018,27,Age-standardized,2,Female,0.0391034553439019,0.0246711238918314,0.0598158925136313
adult_underweight,161,Bangladesh,2018,27,Age-standardized,1,Male,0.242164892479638,0.123611033593196,0.403325752360918
adult_underweight,161,Bangladesh,2018,27,Age-standardized,2,Female,0.21573630671794,0.0893067737221042,0.397333364812072
adult_underweight,163,India,2018,27,Age-standardized,1,Male,0.269214735752974,0.152243391176036,0.421775742843066
adult_underweight,163,India,2018,27,Age-standardized,2,Female,0.266949152920265,0.146959072996641,0.426656078510092
adult_underweight,164,Nepal,2018,27,Age-standardized,1,Male,0.18476849503849,0.0806093261736915,0.336792673030802
adult_underweight,164,Nepal,2018,27,Age-standardized,2,Female,0.203648093205615,0.0867045240807582,0.368529515495465
adult_underweight,165,Pakistan,2018,27,Age-standardized,1,Male,0.181110888331329,0.0871394609475087,0.32025102675406
adult_underweight,165,Pakistan,2018,27,Age-standardized,2,Female,0.174192828911355,0.0746955815785185,0.324720590334981
adult_underweight,178,Eritrea,2018,27,Age-standardized,1,Male,0.31659971888691,0.145246080233405,0.539785113097414
adult_underweight,178,Eritrea,2018,27,Age-standardized,2,Female,0.375518918545473,0.147604284510625,0.644797581194117
adult_underweight,179,Ethiopia,2018,27,Age-standardized,1,Male,0.295199398864508,0.154551234948236,0.475210509336691
adult_underweight,179,Ethiopia,2018,27,Age-standardized,2,Female,0.269055431533241,0.118521162744961,0.473373844823027
adult_underweight,180,Kenya,2018,27,Age-standardized,1,Male,0.219572744331999,0.0921205230710852,0.410215537853265
adult_underweight,180,Kenya,2018,27,Age-standardized,2,Female,0.160241134680466,0.056966595831727,0.328943306233236
adult_underweight,182,Malawi,2018,27,Age-standardized,1,Male,0.151545539068307,0.0679597738517384,0.279133413521852
adult_underweight,182,Malawi,2018,27,Age-standardized,2,Female,0.114601628117293,0.0402942750697883,0.246878313668693
adult_underweight,185,Rwanda,2018,27,Age-standardized,1,Male,0.173403743034647,0.0721243400286963,0.32814037441034
adult_underweight,185,Rwanda,2018,27,Age-standardized,2,Female,0.113521511792681,0.0351695770177683,0.260898441555655
adult_underweight,189,United Republic of Tanzania,2018,27,Age-standardized,1,Male,0.170045535134976,0.0814975049679374,0.295396669273334
adult_underweight,189,United Republic of Tanzania,2018,27,Age-standardized,2,Female,0.151350733749792,0.0638614595844287,0.284383512569902
adult_underweight,190,Uganda,2018,27,Age-standardized,1,Male,0.218586886214336,0.127797533436398,0.336073398319486
adult_underweight,190,Uganda,2018,27,Age-standardized,2,Female,0.169693612497399,0.0857739097667396,0.286524989959926
adult_underweight,191,Zambia,2018,27,Age-standardized,1,Male,0.126383228613403,0.0466941075584885,0.264386245913549
adult_underweight,191,Zambia,2018,27,Age-standardized,2,Female,0.133982554578487,0.0429978289249563,0.294884534917255
adult_underweight,194,Lesotho,2018,27,Age-standardized,1,Male,0.134299393078132,0.051048278389111,0.276428293085024
adult_underweight,194,Lesotho,2018,27,Age-standardized,2,Female,0.062345152956233,0.0145388329451239,0.172873212845487
adult_underweight,195,Namibia,2018,27,Age-standardized,1,Male,0.218831865816154,0.0916548877459494,0.402541637178771
adult_underweight,195,Namibia,2018,27,Age-standardized,2,Female,0.156462835198476,0.0454046978539839,0.356063100889535
adult_underweight,196,South Africa,2018,27,Age-standardized,1,Male,0.121508838583036,0.0661020877993349,0.206803026838171
adult_underweight,196,South Africa,2018,27,Age-standardized,2,Female,0.0512685057693356,0.0236052873566112,0.101238979458028
adult_underweight,197,Eswatini,2018,27,Age-standardized,1,Male,0.0294671596628695,0.0103763426948487,0.067850021381111
adult_underweight,197,Eswatini,2018,27,Age-standardized,2,Female,0.0585524771896835,0.0136271807599519,0.161673701014462
adult_underweight,198,Zimbabwe,2018,27,Age-standardized,1,Male,0.130700031679359,0.048480568319712,0.270952375631354
adult_underweight,198,Zimbabwe,2018,27,Age-standardized,2,Female,0.0355172744883995,0.0095061919689517,0.0983838465034695
adult_underweight,206,Gambia,2018,27,Age-standardized,1,Male,0.122390688254832,0.0435158634299939,0.259866754345938
adult_underweight,206,Gambia,2018,27,Age-standardized,2,Female,0.0867146120615409,0.0332863223662927,0.197796360559482
adult_underweight,207,Ghana,2018,27,Age-standardized,1,Male,0.11200715464646,0.0503520763156159,0.209112057113397
adult_underweight,207,Ghana,2018,27,Age-standardized,2,Female,0.128704585560553,0.0464093262889446,0.256831592068915
adult_underweight,214,Nigeria,2018,27,Age-standardized,1,Male,0.0708496061693498,0.0220503738966491,0.165774725130282
adult_underweight,214,Nigeria,2018,27,Age-standardized,2,Female,0.0992856910704537,0.0341559205724189,0.231900160723957
adult_underweight,522,Sudan,2018,27,Age-standardized,1,Male,0.0088851972866695,0.0025492849144503,0.0226103513006066
adult_underweight,522,Sudan,2018,27,Age-standardized,2,Female,0.0122372809872988,0.0022082771542574,0.0385726347349741
adult_underweight,6,China,2019,27,Age-standardized,1,Male,0.0988881652541761,0.0467294940991284,0.174910438018636
adult_underweight,6,China,2019,27,Age-standardized,2,Female,0.163287680091261,0.0670035408841196,0.301851421713348
adult_underweight,7,Democratic People's Republic of Korea,2019,27,Age-standardized,1,Male,0.055025063292236,0.0170396104122175,0.132058189983827
adult_underweight,7,Democratic People's Republic of Korea,2019,27,Age-standardized,2,Female,0.0934318812897944,0.0200370779958251,0.255966657770027
adult_underweight,10,Cambodia,2019,27,Age-standardized,1,Male,0.212409335702054,0.0850490290647418,0.40451944896488
adult_underweight,10,Cambodia,2019,27,Age-standardized,2,Female,0.162394007488902,0.05419509989558,0.345632845633256
adult_underweight,11,Indonesia,2019,27,Age-standardized,1,Male,0.221386474909426,0.114001589308648,0.361682252204124
adult_underweight,11,Indonesia,2019,27,Age-standardized,2,Female,0.232255373626481,0.0915042684405833,0.43245440824045
adult_underweight,12,Lao People's Democratic Republic,2019,27,Age-standardized,1,Male,0.186896063026335,0.0743602257890145,0.361597846176988
adult_underweight,12,Lao People's Democratic Republic,2019,27,Age-standardized,2,Female,0.173992436551652,0.0528744749981033,0.381559175346466
adult_underweight,15,Myanmar,2019,27,Age-standardized,1,Male,0.293697203121546,0.138506966784552,0.492730379143775
adult_underweight,15,Myanmar,2019,27,Age-standardized,2,Female,0.266380164797839,0.109533239904511,0.455480746539088
adult_underweight,16,Philippines,2019,27,Age-standardized,1,Male,0.187473585258864,0.074187886846661,0.364430707800218
adult_underweight,16,Philippines,2019,27,Age-standardized,2,Female,0.249663807168944,0.0833180872452696,0.490741367790451
adult_underweight,18,Thailand,2019,27,Age-standardized,1,Male,0.222040645914173,0.120586348493939,0.354332790269562
adult_underweight,18,Thailand,2019,27,Age-standardized,2,Female,0.177309277635156,0.093174567172862,0.290340029910563
adult_underweight,20,Viet Nam,2019,27,Age-standardized,1,Male,0.229175080998623,0.112026200810341,0.37746243894313
adult_underweight,20,Viet Nam,2019,27,Age-standardized,2,Female,0.255439623470529,0.105976446675314,0.444977425104708
adult_underweight,38,Mongolia,2019,27,Age-standardized,1,Male,0.0170724355863014,0.0074642176042196,0.0358195072730482
adult_underweight,38,Mongolia,2019,27,Age-standardized,2,Female,0.0243484176779656,0.0096174037546542,0.0587267160195646
adult_underweight,122,Ecuador,2019,27,Age-standardized,1,Male,0.00467855498698,0.0017247871825623,0.0109918949234268
adult_underweight,122,Ecuador,2019,27,Age-standardized,2,Female,0.0092227173037262,0.0022785634516092,0.0277844402445121
adult_underweight,135,Brazil,2019,27,Age-standardized,1,Male,0.0245171563355758,0.0128857142067833,0.0436411650960667
adult_underweight,135,Brazil,2019,27,Age-standardized,2,Female,0.0385333973228243,0.0232636154472233,0.0612518194689563
adult_underweight,161,Bangladesh,2019,27,Age-standardized,1,Male,0.23584940832083,0.114975458662845,0.400670712519343
adult_underweight,161,Bangladesh,2019,27,Age-standardized,2,Female,0.210821690332972,0.0830652924842408,0.397796180024608
adult_underweight,163,India,2019,27,Age-standardized,1,Male,0.264298889454633,0.142503686106896,0.424098885760031
adult_underweight,163,India,2019,27,Age-standardized,2,Female,0.263996547362625,0.134657616277086,0.435454922562087
adult_underweight,164,Nepal,2019,27,Age-standardized,1,Male,0.17944734519351,0.0769503711517154,0.333418283760835
adult_underweight,164,Nepal,2019,27,Age-standardized,2,Female,0.199752293963956,0.0828124014166235,0.367737082494774
adult_underweight,165,Pakistan,2019,27,Age-standardized,1,Male,0.177288231368728,0.0817275323936459,0.322051217690789
adult_underweight,165,Pakistan,2019,27,Age-standardized,2,Female,0.172139937083216,0.0686498772944349,0.329802250577559
adult_underweight,178,Eritrea,2019,27,Age-standardized,1,Male,0.308538450644599,0.137046270621313,0.537778947684663
adult_underweight,178,Eritrea,2019,27,Age-standardized,2,Female,0.372016291332194,0.143309750068789,0.65168973390048
adult_underweight,179,Ethiopia,2019,27,Age-standardized,1,Male,0.288828843473751,0.146582063982314,0.475794705853687
adult_underweight,179,Ethiopia,2019,27,Age-standardized,2,Female,0.266675024995036,0.112185136575311,0.483197021840718
adult_underweight,180,Kenya,2019,27,Age-standardized,1,Male,0.213621345361745,0.0875692387507272,0.407910021329698
adult_underweight,180,Kenya,2019,27,Age-standardized,2,Female,0.157181283173661,0.0532926799670592,0.330500743602507
adult_underweight,182,Malawi,2019,27,Age-standardized,1,Male,0.148202426514342,0.0644457557436363,0.280434982818462
adult_underweight,182,Malawi,2019,27,Age-standardized,2,Female,0.113500313412594,0.0383908567900025,0.251879842346759
adult_underweight,185,Rwanda,2019,27,Age-standardized,1,Male,0.16982821578992,0.0690949800909501,0.328167866744665
adult_underweight,185,Rwanda,2019,27,Age-standardized,2,Female,0.111751998449543,0.033507749937671,0.263747916728111
adult_underweight,189,United Republic of Tanzania,2019,27,Age-standardized,1,Male,0.165407658720368,0.076373146356634,0.294307626121953
adult_underweight,189,United Republic of Tanzania,2019,27,Age-standardized,2,Female,0.149749654967966,0.0597331335144439,0.287621018240513
adult_underweight,190,Uganda,2019,27,Age-standardized,1,Male,0.215713982755063,0.122681011183124,0.337518800883261
adult_underweight,190,Uganda,2019,27,Age-standardized,2,Female,0.171181202292386,0.084563389459601,0.29255093565999
adult_underweight,191,Zambia,2019,27,Age-standardized,1,Male,0.123401697103524,0.04470854025516,0.263668533088487
adult_underweight,191,Zambia,2019,27,Age-standardized,2,Female,0.132755059084062,0.0414190754978385,0.299424965857192
adult_underweight,194,Lesotho,2019,27,Age-standardized,1,Male,0.131444656779831,0.0489261304426548,0.276248501356581
adult_underweight,194,Lesotho,2019,27,Age-standardized,2,Female,0.062010527014428,0.0139972989170936,0.176837294626267
adult_underweight,195,Namibia,2019,27,Age-standardized,1,Male,0.214698028324897,0.0883170007518368,0.404259384596565
adult_underweight,195,Namibia,2019,27,Age-standardized,2,Female,0.15535435246241,0.0440050035075281,0.357941236273654
adult_underweight,196,South Africa,2019,27,Age-standardized,1,Male,0.119065978080082,0.0622498707303656,0.208698207935511
adult_underweight,196,South Africa,2019,27,Age-standardized,2,Female,0.0507679723657065,0.0221983318777188,0.104551087944275
adult_underweight,197,Eswatini,2019,27,Age-standardized,1,Male,0.028577175797091,0.0098138031127136,0.0674507074855879
adult_underweight,197,Eswatini,2019,27,Age-standardized,2,Female,0.0580222456901136,0.0131239361127836,0.164379003393088
adult_underweight,198,Zimbabwe,2019,27,Age-standardized,1,Male,0.128134369361162,0.0468558949605387,0.271682574864318
adult_underweight,198,Zimbabwe,2019,27,Age-standardized,2,Female,0.035074491263008,0.0089818920425864,0.100005482197456
adult_underweight,206,Gambia,2019,27,Age-standardized,1,Male,0.1196876546743,0.0418078309963302,0.260955001172935
adult_underweight,206,Gambia,2019,27,Age-standardized,2,Female,0.0825642527527197,0.0308808389036975,0.193519726694133
adult_underweight,207,Ghana,2019,27,Age-standardized,1,Male,0.109294527123769,0.0476582306751575,0.20823873220031
adult_underweight,207,Ghana,2019,27,Age-standardized,2,Female,0.127331270717551,0.0444374055776221,0.260632874620795
adult_underweight,214,Nigeria,2019,27,Age-standardized,1,Male,0.0686516483463288,0.0212646174932581,0.164704889845399
adult_underweight,214,Nigeria,2019,27,Age-standardized,2,Female,0.0978464089270431,0.0330054029148093,0.234713765464076
adult_underweight,522,Sudan,2019,27,Age-standardized,1,Male,0.0085783820320685,0.0024551717259009,0.0224305545412971
adult_underweight,522,Sudan,2019,27,Age-standardized,2,Female,0.0120422454874865,0.0021679785225828,0.0392408299905188
adult_underweight,6,China,2020,27,Age-standardized,1,Male,0.0952825946448304,0.0426180574196294,0.173655607466712
adult_underweight,6,China,2020,27,Age-standardized,2,Female,0.159906446491356,0.0607870561999128,0.305041128106867
adult_underweight,7,Democratic People's Republic of Korea,2020,27,Age-standardized,1,Male,0.05365856649331,0.0166950188450226,0.12891563554933
adult_underweight,7,Democratic People's Republic of Korea,2020,27,Age-standardized,2,Female,0.092319732601281,0.0199399842189155,0.25304704483992
adult_underweight,10,Cambodia,2020,27,Age-standardized,1,Male,0.20948558999527,0.0834423386218385,0.401096866555438
adult_underweight,10,Cambodia,2020,27,Age-standardized,2,Female,0.157178353077659,0.0514051172896861,0.339512846392798
adult_underweight,11,Indonesia,2020,27,Age-standardized,1,Male,0.218620710161302,0.109764307162723,0.362706656437008
adult_underweight,11,Indonesia,2020,27,Age-standardized,2,Female,0.232240757425015,0.0882632943439293,0.438931996921421
adult_underweight,12,Lao People's Democratic Republic,2020,27,Age-standardized,1,Male,0.183563110820934,0.0718447542337656,0.358758300843511
adult_underweight,12,Lao People's Democratic Republic,2020,27,Age-standardized,2,Female,0.173055529869728,0.0512444560443562,0.38554287498719
adult_underweight,15,Myanmar,2020,27,Age-standardized,1,Male,0.290205287951103,0.134064982465909,0.49004306572065
adult_underweight,15,Myanmar,2020,27,Age-standardized,2,Female,0.264831142269752,0.105470494339859,0.461290160072631
adult_underweight,16,Philippines,2020,27,Age-standardized,1,Male,0.184887067301131,0.0722624272844657,0.363506565950021
adult_underweight,16,Philippines,2020,27,Age-standardized,2,Female,0.24798096292074,0.0811522387540139,0.491947202276506
adult_underweight,18,Thailand,2020,27,Age-standardized,1,Male,0.217552886405157,0.116466000823137,0.348114983401168
adult_underweight,18,Thailand,2020,27,Age-standardized,2,Female,0.175856208748795,0.0913303639510028,0.289785583308563
adult_underweight,20,Viet Nam,2020,27,Age-standardized,1,Male,0.224130370944773,0.107480140761137,0.371150959923732
adult_underweight,20,Viet Nam,2020,27,Age-standardized,2,Female,0.251485022270152,0.102136337735406,0.440815086455061
adult_underweight,38,Mongolia,2020,27,Age-standardized,1,Male,0.0167636785513617,0.0071111579611479,0.0353978754210108
adult_underweight,38,Mongolia,2020,27,Age-standardized,2,Female,0.0241370760062738,0.0091162525610961,0.0590100735423092
adult_underweight,122,Ecuador,2020,27,Age-standardized,1,Male,0.0045246271695504,0.0016274304187693,0.0108423253365725
adult_underweight,122,Ecuador,2020,27,Age-standardized,2,Female,0.0091173342580047,0.0021714589856829,0.0274896196398483
adult_underweight,135,Brazil,2020,27,Age-standardized,1,Male,0.0233389216406554,0.0117244840333468,0.0427700558823745
adult_underweight,135,Brazil,2020,27,Age-standardized,2,Female,0.0379592905110206,0.0215474725970563,0.0632893739861424
adult_underweight,161,Bangladesh,2020,27,Age-standardized,1,Male,0.229784010166769,0.108423374579552,0.399288140552472
adult_underweight,161,Bangladesh,2020,27,Age-standardized,2,Female,0.206212053787631,0.0781136445986988,0.395289600814425
adult_underweight,163,India,2020,27,Age-standardized,1,Male,0.259846988168153,0.135485050379418,0.429867162746716
adult_underweight,163,India,2020,27,Age-standardized,2,Female,0.261857641606973,0.125141625231709,0.443348185832162
adult_underweight,164,Nepal,2020,27,Age-standardized,1,Male,0.175032371731998,0.073461584000012,0.329532937830613
adult_underweight,164,Nepal,2020,27,Age-standardized,2,Female,0.196890785696029,0.0797842445229378,0.366789787975025
adult_underweight,165,Pakistan,2020,27,Age-standardized,1,Male,0.173628211991894,0.076626258968211,0.320984804832961
adult_underweight,165,Pakistan,2020,27,Age-standardized,2,Female,0.170216332758073,0.0632327593767448,0.336740967885803
adult_underweight,178,Eritrea,2020,27,Age-standardized,1,Male,0.300579731530572,0.130397641850683,0.531733874745834
adult_underweight,178,Eritrea,2020,27,Age-standardized,2,Female,0.3688152434222,0.138573529626517,0.654933638637113
adult_underweight,179,Ethiopia,2020,27,Age-standardized,1,Male,0.282335590619874,0.13914253208722,0.47332926670584
adult_underweight,179,Ethiopia,2020,27,Age-standardized,2,Female,0.264519140107582,0.105978292715452,0.488122893628269
adult_underweight,180,Kenya,2020,27,Age-standardized,1,Male,0.207790622241201,0.0829429766311417,0.400859389595352
adult_underweight,180,Kenya,2020,27,Age-standardized,2,Female,0.154153835062522,0.0503515954015412,0.32822106815484
adult_underweight,182,Malawi,2020,27,Age-standardized,1,Male,0.144715772425474,0.0613646667712035,0.278890867773266
adult_underweight,182,Malawi,2020,27,Age-standardized,2,Female,0.112503714661656,0.0363793158201686,0.25333735980607
adult_underweight,185,Rwanda,2020,27,Age-standardized,1,Male,0.166021957859123,0.0661141533750878,0.324472361856542
adult_underweight,185,Rwanda,2020,27,Age-standardized,2,Female,0.110501557573719,0.0321704243433205,0.263460382935925
adult_underweight,189,United Republic of Tanzania,2020,27,Age-standardized,1,Male,0.160818606796338,0.071176837142037,0.292989633260908
adult_underweight,189,United Republic of Tanzania,2020,27,Age-standardized,2,Female,0.148639090395298,0.0563003282892243,0.29359396058461
adult_underweight,190,Uganda,2020,27,Age-standardized,1,Male,0.2113641416854,0.116810374269024,0.336089760704131
adult_underweight,190,Uganda,2020,27,Age-standardized,2,Female,0.170730693255808,0.0813673334363817,0.296522632416825
adult_underweight,191,Zambia,2020,27,Age-standardized,1,Male,0.120363404716468,0.0429606956659572,0.260401991272412
adult_underweight,191,Zambia,2020,27,Age-standardized,2,Female,0.13159245842245,0.0398196119409947,0.300525649952635
adult_underweight,194,Lesotho,2020,27,Age-standardized,1,Male,0.128670118387765,0.0468610086863801,0.273902319383867
adult_underweight,194,Lesotho,2020,27,Age-standardized,2,Female,0.0616713107656004,0.0136061859556252,0.177563535123673
adult_underweight,195,Namibia,2020,27,Age-standardized,1,Male,0.210675813628835,0.0851378594704956,0.400657481299268
adult_underweight,195,Namibia,2020,27,Age-standardized,2,Female,0.154323612948479,0.0422630316910181,0.356337886198086
adult_underweight,196,South Africa,2020,27,Age-standardized,1,Male,0.116492264538659,0.0580734131734209,0.208215952687661
adult_underweight,196,South Africa,2020,27,Age-standardized,2,Female,0.0502672883760302,0.0204290704529127,0.106705014904605
adult_underweight,197,Eswatini,2020,27,Age-standardized,1,Male,0.0277155903805627,0.0093146829160748,0.0663641501386163
adult_underweight,197,Eswatini,2020,27,Age-standardized,2,Female,0.0575105321520246,0.0127422877956761,0.164333101727128
adult_underweight,198,Zimbabwe,2020,27,Age-standardized,1,Male,0.125641016654044,0.0454353351188576,0.269093541306966
adult_underweight,198,Zimbabwe,2020,27,Age-standardized,2,Female,0.034674445064653,0.0085026357756586,0.0998291904649273
adult_underweight,206,Gambia,2020,27,Age-standardized,1,Male,0.117126471709578,0.0405745690400236,0.257277787503377
adult_underweight,206,Gambia,2020,27,Age-standardized,2,Female,0.0816365700101902,0.0296050537395583,0.194008651551824
adult_underweight,207,Ghana,2020,27,Age-standardized,1,Male,0.106669447224045,0.0451108695762025,0.207242187293091
adult_underweight,207,Ghana,2020,27,Age-standardized,2,Female,0.126139934206914,0.0422327157282688,0.264346857219973
adult_underweight,214,Nigeria,2020,27,Age-standardized,1,Male,0.0666747690354838,0.0207377621269449,0.160230385329691
adult_underweight,214,Nigeria,2020,27,Age-standardized,2,Female,0.0966437196031492,0.0314632258447372,0.233854994276949
adult_underweight,522,Sudan,2020,27,Age-standardized,1,Male,0.0082032336047096,0.0023624518347131,0.0214460907555109
adult_underweight,522,Sudan,2020,27,Age-standardized,2,Female,0.011833340655436,0.0021503747933171,0.0385258044442717
adult_underweight,6,China,2021,27,Age-standardized,1,Male,0.0916193006319916,0.0389997584279064,0.171984391720144
adult_underweight,6,China,2021,27,Age-standardized,2,Female,0.15635985914774,0.055900387973454,0.308200584287315
adult_underweight,7,Democratic People's Republic of Korea,2021,27,Age-standardized,1,Male,0.0523067115798003,0.0164471802123206,0.126755071731062
adult_underweight,7,Democratic People's Republic of Korea,2021,27,Age-standardized,2,Female,0.0912136556533093,0.019995808570004,0.252186997949162
adult_underweight,10,Cambodia,2021,27,Age-standardized,1,Male,0.206569346859458,0.0821520567022479,0.398279703619502
adult_underweight,10,Cambodia,2021,27,Age-standardized,2,Female,0.152040138934098,0.0488471024514604,0.335350358982645
adult_underweight,11,Indonesia,2021,27,Age-standardized,1,Male,0.215817586636774,0.104764153731288,0.364089863569788
adult_underweight,11,Indonesia,2021,27,Age-standardized,2,Female,0.232100221047515,0.0837627571594904,0.44957949615542
adult_underweight,12,Lao People's Democratic Republic,2021,27,Age-standardized,1,Male,0.180316823051709,0.0694552579243731,0.356484408887114
adult_underweight,12,Lao People's Democratic Republic,2021,27,Age-standardized,2,Female,0.172076949223209,0.0497061181322741,0.389223066019225
adult_underweight,15,Myanmar,2021,27,Age-standardized,1,Male,0.286721840493783,0.130389261434718,0.491438649546677
adult_underweight,15,Myanmar,2021,27,Age-standardized,2,Female,0.263292770252986,0.100518496760769,0.46650912712846
adult_underweight,16,Philippines,2021,27,Age-standardized,1,Male,0.182240657421658,0.07054741385119,0.360433930371619
adult_underweight,16,Philippines,2021,27,Age-standardized,2,Female,0.246176926675592,0.0793562606386578,0.494781335233023
adult_underweight,18,Thailand,2021,27,Age-standardized,1,Male,0.213112344136911,0.112791386517244,0.344969659214642
adult_underweight,18,Thailand,2021,27,Age-standardized,2,Female,0.174430859155959,0.0880029226710219,0.29205029959754
adult_underweight,20,Viet Nam,2021,27,Age-standardized,1,Male,0.219173291714531,0.102743975431555,0.36900275439432
adult_underweight,20,Viet Nam,2021,27,Age-standardized,2,Female,0.247547043813197,0.0975251031894534,0.440162856389611
adult_underweight,38,Mongolia,2021,27,Age-standardized,1,Male,0.0164488953518113,0.00681135189429,0.0351221107784733
adult_underweight,38,Mongolia,2021,27,Age-standardized,2,Female,0.0239047108116938,0.0086133247966482,0.0596574879481802
adult_underweight,122,Ecuador,2021,27,Age-standardized,1,Male,0.0043757123714998,0.0015419298691778,0.0105391067894205
adult_underweight,122,Ecuador,2021,27,Age-standardized,2,Female,0.0090346188172159,0.0020747164396752,0.0277956480151725
adult_underweight,135,Brazil,2021,27,Age-standardized,1,Male,0.022199021561949,0.01064614363366,0.0414320535994251
adult_underweight,135,Brazil,2021,27,Age-standardized,2,Female,0.0373958577539082,0.0196503298538749,0.0655669067677935
adult_underweight,161,Bangladesh,2021,27,Age-standardized,1,Male,0.223858732890522,0.101723697991819,0.397483234690942
adult_underweight,161,Bangladesh,2021,27,Age-standardized,2,Female,0.201818158392788,0.0735149543043587,0.396655583561383
adult_underweight,163,India,2021,27,Age-standardized,1,Male,0.255643507541866,0.127836755662475,0.429825433390741
adult_underweight,163,India,2021,27,Age-standardized,2,Female,0.26102973059071,0.118762257257482,0.453616377522133
adult_underweight,164,Nepal,2021,27,Age-standardized,1,Male,0.170902312181801,0.070719105886281,0.32584521958647
adult_underweight,164,Nepal,2021,27,Age-standardized,2,Female,0.194124225882984,0.0770890099768225,0.367273696588107
adult_underweight,165,Pakistan,2021,27,Age-standardized,1,Male,0.169961623585646,0.0723897841099924,0.320920408886853
adult_underweight,165,Pakistan,2021,27,Age-standardized,2,Female,0.168328742809757,0.0589395315414143,0.340851329167643
adult_underweight,178,Eritrea,2021,27,Age-standardized,1,Male,0.292692728150112,0.123981895572256,0.525224527041694
adult_underweight,178,Eritrea,2021,27,Age-standardized,2,Female,0.365480323264382,0.133230837926098,0.657254233486716
adult_underweight,179,Ethiopia,2021,27,Age-standardized,1,Male,0.275834943827505,0.132164062556596,0.468756963608487
adult_underweight,179,Ethiopia,2021,27,Age-standardized,2,Female,0.262414378028355,0.101195879543571,0.494994784462114
adult_underweight,180,Kenya,2021,27,Age-standardized,1,Male,0.202006598062055,0.0790237223827673,0.395944787060878
adult_underweight,180,Kenya,2021,27,Age-standardized,2,Female,0.151125951158284,0.0477443885426224,0.325332529095078
adult_underweight,182,Malawi,2021,27,Age-standardized,1,Male,0.141125189676879,0.0584257316693407,0.275447392660686
adult_underweight,182,Malawi,2021,27,Age-standardized,2,Female,0.111569247288809,0.0343313055215581,0.256356969134407
adult_underweight,185,Rwanda,2021,27,Age-standardized,1,Male,0.162143276490021,0.0638423602920169,0.321774117383933
adult_underweight,185,Rwanda,2021,27,Age-standardized,2,Female,0.109229533679109,0.0310078926999756,0.265043316464921
adult_underweight,189,United Republic of Tanzania,2021,27,Age-standardized,1,Male,0.156250031978307,0.0667238244505706,0.289049295306437
adult_underweight,189,United Republic of Tanzania,2021,27,Age-standardized,2,Female,0.147599986894358,0.0537166027537171,0.296404201667352
adult_underweight,190,Uganda,2021,27,Age-standardized,1,Male,0.206771439146068,0.110725341375184,0.332966215982755
adult_underweight,190,Uganda,2021,27,Age-standardized,2,Female,0.170108356736869,0.0780450247184228,0.29972968493538
adult_underweight,191,Zambia,2021,27,Age-standardized,1,Male,0.117322413346354,0.0414263262621821,0.256363605123373
adult_underweight,191,Zambia,2021,27,Age-standardized,2,Female,0.130495898403555,0.0383813902546954,0.302856549356635
adult_underweight,194,Lesotho,2021,27,Age-standardized,1,Male,0.125923688238663,0.0452907923579135,0.270748760151149
adult_underweight,194,Lesotho,2021,27,Age-standardized,2,Female,0.0612894705019449,0.0133020027109626,0.178700005833998
adult_underweight,195,Namibia,2021,27,Age-standardized,1,Male,0.206703389236674,0.0820938273922845,0.397458373095594
adult_underweight,195,Namibia,2021,27,Age-standardized,2,Female,0.153341921982973,0.0408587316340197,0.359148617460754
adult_underweight,196,South Africa,2021,27,Age-standardized,1,Male,0.11382069692021,0.0541326932199504,0.207303049999188
adult_underweight,196,South Africa,2021,27,Age-standardized,2,Female,0.0497410232267528,0.0186077289005107,0.10937473000644
adult_underweight,197,Eswatini,2021,27,Age-standardized,1,Male,0.0268714808322194,0.0088445730753595,0.0648824542181644
adult_underweight,197,Eswatini,2021,27,Age-standardized,2,Female,0.0569852939974662,0.0123749698556933,0.165192344385921
adult_underweight,198,Zimbabwe,2021,27,Age-standardized,1,Male,0.12317243422838,0.044183162462356,0.266621256790034
adult_underweight,198,Zimbabwe,2021,27,Age-standardized,2,Female,0.0342965214962816,0.0081330645088406,0.101516522344743
adult_underweight,206,Gambia,2021,27,Age-standardized,1,Male,0.11463064914145,0.0395381128780798,0.253861324589733
adult_underweight,206,Gambia,2021,27,Age-standardized,2,Female,0.0807140567574071,0.028281033972597,0.195349958034568
adult_underweight,207,Ghana,2021,27,Age-standardized,1,Male,0.104100675067961,0.0423867055974706,0.206150094547412
adult_underweight,207,Ghana,2021,27,Age-standardized,2,Female,0.125055819864261,0.0399715761711357,0.269982109594259
adult_underweight,214,Nigeria,2021,27,Age-standardized,1,Male,0.0648354361098953,0.0203719663340255,0.157222628836827
adult_underweight,214,Nigeria,2021,27,Age-standardized,2,Female,0.0955835208759067,0.0300291205780696,0.235176765208984
adult_underweight,522,Sudan,2021,27,Age-standardized,1,Male,0.0078398865106615,0.0022856635233728,0.0206764458619763
adult_underweight,522,Sudan,2021,27,Age-standardized,2,Female,0.0116210964274868,0.0021488110497261,0.0382268925827885
adult_underweight,6,China,2022,27,Age-standardized,1,Male,0.0879515497012213,0.0360234081328561,0.170931711232222
adult_underweight,6,China,2022,27,Age-standardized,2,Female,0.152700081137108,0.0517713622035266,0.312569605167213
adult_underweight,7,Democratic People's Republic of Korea,2022,27,Age-standardized,1,Male,0.0509896883312999,0.0157294424128849,0.125026996501556
adult_underweight,7,Democratic People's Republic of Korea,2022,27,Age-standardized,2,Female,0.0901458690869595,0.0192839970098813,0.252243528942418
adult_underweight,10,Cambodia,2022,27,Age-standardized,1,Male,0.203464205635537,0.0792165663296734,0.395625587033239
adult_underweight,10,Cambodia,2022,27,Age-standardized,2,Female,0.150347110510276,0.0465207392363517,0.33749547608697
adult_underweight,11,Indonesia,2022,27,Age-standardized,1,Male,0.212982899220405,0.10033446987043,0.364097207886215
adult_underweight,11,Indonesia,2022,27,Age-standardized,2,Female,0.231920211449938,0.0806283920401613,0.458161901242633
adult_underweight,12,Lao People's Democratic Republic,2022,27,Age-standardized,1,Male,0.177080504236235,0.0668070584442349,0.354008313709223
adult_underweight,12,Lao People's Democratic Republic,2022,27,Age-standardized,2,Female,0.171111684097765,0.0475457233815227,0.392955545347644
adult_underweight,15,Myanmar,2022,27,Age-standardized,1,Male,0.28320468311595,0.126334768591892,0.490290999613776
adult_underweight,15,Myanmar,2022,27,Age-standardized,2,Female,0.261895069539467,0.0966707156749197,0.473416025387384
adult_underweight,16,Philippines,2022,27,Age-standardized,1,Male,0.179587120711586,0.0681841435757432,0.357922788051235
adult_underweight,16,Philippines,2022,27,Age-standardized,2,Female,0.244528481338776,0.0768152558544522,0.499468342190763
adult_underweight,18,Thailand,2022,27,Age-standardized,1,Male,0.208963236723854,0.10914444883654,0.340043709243478
adult_underweight,18,Thailand,2022,27,Age-standardized,2,Female,0.173088310558704,0.0827817349398895,0.296318008894408
adult_underweight,20,Viet Nam,2022,27,Age-standardized,1,Male,0.215932083663536,0.0996873365511438,0.368574313522571
adult_underweight,20,Viet Nam,2022,27,Age-standardized,2,Female,0.246497121826148,0.0942856701312217,0.446419126958276
adult_underweight,38,Mongolia,2022,27,Age-standardized,1,Male,0.0161326908173818,0.0064411040069428,0.0349869791444358
adult_underweight,38,Mongolia,2022,27,Age-standardized,2,Female,0.0236593550490926,0.0080822829417533,0.0602795097938555
adult_underweight,122,Ecuador,2022,27,Age-standardized,1,Male,0.0042321255199435,0.0014486686036674,0.0102262233747191
adult_underweight,122,Ecuador,2022,27,Age-standardized,2,Female,0.0089446738651168,0.0019772566015806,0.0277335438784461
adult_underweight,135,Brazil,2022,27,Age-standardized,1,Male,0.0211038611594163,0.0097214035480404,0.0403331797173815
adult_underweight,135,Brazil,2022,27,Age-standardized,2,Female,0.0368514561457521,0.017945126103134,0.0677850347234374
adult_underweight,161,Bangladesh,2022,27,Age-standardized,1,Male,0.218079870919048,0.0965182924628571,0.390518599280466
adult_underweight,161,Bangladesh,2022,27,Age-standardized,2,Female,0.197673627410864,0.0679198406715486,0.398046256486669
adult_underweight,163,India,2022,27,Age-standardized,1,Male,0.251653656409175,0.120656182762498,0.431830731678757
adult_underweight,163,India,2022,27,Age-standardized,2,Female,0.260710724178589,0.111805185590172,0.460631032419562
adult_underweight,164,Nepal,2022,27,Age-standardized,1,Male,0.166965432077123,0.0673827224439183,0.322257902553957
adult_underweight,164,Nepal,2022,27,Age-standardized,2,Female,0.191462843271633,0.0727366698276417,0.37003790958936
adult_underweight,165,Pakistan,2022,27,Age-standardized,1,Male,0.166305608907452,0.0687363878188079,0.318789060407432
adult_underweight,165,Pakistan,2022,27,Age-standardized,2,Female,0.16649821437553,0.0553181628612053,0.346489534191966
adult_underweight,178,Eritrea,2022,27,Age-standardized,1,Male,0.28489731313539,0.117377872747819,0.518039640617035
adult_underweight,178,Eritrea,2022,27,Age-standardized,2,Female,0.362090743399807,0.127351803286034,0.661200635684097
adult_underweight,179,Ethiopia,2022,27,Age-standardized,1,Male,0.269346270895097,0.124313161577972,0.463648917893622
adult_underweight,179,Ethiopia,2022,27,Age-standardized,2,Female,0.260363221223745,0.0947002123840023,0.501522773364991
adult_underweight,180,Kenya,2022,27,Age-standardized,1,Male,0.196291126639186,0.0750628094050019,0.389261562335484
adult_underweight,180,Kenya,2022,27,Age-standardized,2,Female,0.148139408299596,0.0450250126066504,0.323844980474763
adult_underweight,182,Malawi,2022,27,Age-standardized,1,Male,0.13744841018728,0.0548256918686287,0.271419687917995
adult_underweight,182,Malawi,2022,27,Age-standardized,2,Female,0.1106782279403,0.0324008323720816,0.259661706970889
adult_underweight,185,Rwanda,2022,27,Age-standardized,1,Male,0.158216937328505,0.0606698035338793,0.319142441795203
adult_underweight,185,Rwanda,2022,27,Age-standardized,2,Female,0.107952652361188,0.029226243244343,0.266982599378884
adult_underweight,189,United Republic of Tanzania,2022,27,Age-standardized,1,Male,0.151706785812011,0.0628433117957861,0.288334613440387
adult_underweight,189,United Republic of Tanzania,2022,27,Age-standardized,2,Female,0.146613336518324,0.0513257727400583,0.301568699893293
adult_underweight,190,Uganda,2022,27,Age-standardized,1,Male,0.201961038613181,0.104698526991415,0.330539277644621
adult_underweight,190,Uganda,2022,27,Age-standardized,2,Female,0.169306855984494,0.0739825835095058,0.305642326097019
adult_underweight,191,Zambia,2022,27,Age-standardized,1,Male,0.114290748249454,0.0395041989303847,0.251957708198952
adult_underweight,191,Zambia,2022,27,Age-standardized,2,Female,0.129445691294857,0.0365850326963297,0.304031452243902
adult_underweight,194,Lesotho,2022,27,Age-standardized,1,Male,0.1232238641891,0.0433346757195547,0.268303950952999
adult_underweight,194,Lesotho,2022,27,Age-standardized,2,Female,0.060879988032124,0.0127489616846048,0.18037167546003
adult_underweight,195,Namibia,2022,27,Age-standardized,1,Male,0.202804916525936,0.0786167956483367,0.393927751581571
adult_underweight,195,Namibia,2022,27,Age-standardized,2,Female,0.15239841466071,0.0393109118238227,0.361858637393822
adult_underweight,196,South Africa,2022,27,Age-standardized,1,Male,0.111067757795163,0.0504253659619452,0.206172140884235
adult_underweight,196,South Africa,2022,27,Age-standardized,2,Female,0.049186987326261,0.0173766386430719,0.111000184810772
adult_underweight,197,Eswatini,2022,27,Age-standardized,1,Male,0.0260544554647462,0.008434811112034,0.0634141114980808
adult_underweight,197,Eswatini,2022,27,Age-standardized,2,Female,0.0564593086471828,0.0118685706149649,0.165628953889579
adult_underweight,198,Zimbabwe,2022,27,Age-standardized,1,Male,0.120741713870441,0.0421506999834652,0.263396981544499
adult_underweight,198,Zimbabwe,2022,27,Age-standardized,2,Female,0.0339418248250264,0.0077406374570972,0.101971079852295
adult_underweight,206,Gambia,2022,27,Age-standardized,1,Male,0.112134319406371,0.0378590287676819,0.251297912707835
adult_underweight,206,Gambia,2022,27,Age-standardized,2,Female,0.0798068494799059,0.0266003605733001,0.197557167701627
adult_underweight,207,Ghana,2022,27,Age-standardized,1,Male,0.101575682806985,0.040215080620777,0.203601948283701
adult_underweight,207,Ghana,2022,27,Age-standardized,2,Female,0.124047867909228,0.037724057338325,0.272924002465206
adult_underweight,214,Nigeria,2022,27,Age-standardized,1,Male,0.0630375649735306,0.0194239273384027,0.154743901632106
adult_underweight,214,Nigeria,2022,27,Age-standardized,2,Female,0.0946134612833311,0.02827765206709,0.237495062059124
adult_underweight,522,Sudan,2022,27,Age-standardized,1,Male,0.0074909425975334,0.0021445959894727,0.0200040038403189
adult_underweight,522,Sudan,2022,27,Age-standardized,2,Female,0.0114115821318595,0.002061545843797,0.0381019566788017
adult_underweight,6,China,2023,27,Age-standardized,1,Male,0.0843383882999906,0.0329244217942064,0.166107180043372
adult_underweight,6,China,2023,27,Age-standardized,2,Female,0.149007159639481,0.0471733409889051,0.310193414736742
adult_underweight,7,Democratic People's Republic of Korea,2023,27,Age-standardized,1,Male,0.0497349627287361,0.0153057776418809,0.120670165426
adult_underweight,7,Democratic People's Republic of Korea,2023,27,Age-standardized,2,Female,0.0891611321232732,0.0190300584710343,0.246518901046834
adult_underweight,10,Cambodia,2023,27,Age-standardized,1,Male,0.200454070994449,0.077452361049457,0.391660727270967
adult_underweight,10,Cambodia,2023,27,Age-standardized,2,Female,0.148828253326134,0.0446442562239479,0.334444511426614
adult_underweight,11,Indonesia,2023,27,Age-standardized,1,Male,0.210163865859896,0.0952256873112741,0.362967009886173
adult_underweight,11,Indonesia,2023,27,Age-standardized,2,Female,0.231684130600669,0.0774480304449588,0.464663139146177
adult_underweight,12,Lao People's Democratic Republic,2023,27,Age-standardized,1,Male,0.173945508792517,0.0647574090422884,0.349030117817451
adult_underweight,12,Lao People's Democratic Republic,2023,27,Age-standardized,2,Female,0.170158812363889,0.0460021874389468,0.392571843821299
adult_underweight,15,Myanmar,2023,27,Age-standardized,1,Male,0.279712748519229,0.123326800588375,0.486112203900451
adult_underweight,15,Myanmar,2023,27,Age-standardized,2,Female,0.26052994000008,0.0922842204538448,0.477121188746717
adult_underweight,16,Philippines,2023,27,Age-standardized,1,Male,0.17698402759234,0.0663666448054874,0.355974749402581
adult_underweight,16,Philippines,2023,27,Age-standardized,2,Female,0.242896633254309,0.0751451932801167,0.502897215843911
adult_underweight,18,Thailand,2023,27,Age-standardized,1,Male,0.204882732458857,0.103073472975814,0.337604568657061
adult_underweight,18,Thailand,2023,27,Age-standardized,2,Female,0.171765153495876,0.0779201995092706,0.300929869648315
adult_underweight,20,Viet Nam,2023,27,Age-standardized,1,Male,0.212847212620135,0.095854467784511,0.368215915926704
adult_underweight,20,Viet Nam,2023,27,Age-standardized,2,Female,0.245592824740021,0.0916310519547473,0.449929875945209
adult_underweight,38,Mongolia,2023,27,Age-standardized,1,Male,0.0158219106839826,0.0061032521879303,0.0347383685926196
adult_underweight,38,Mongolia,2023,27,Age-standardized,2,Female,0.0234146300533501,0.0075201790003055,0.0599599745862028
adult_underweight,122,Ecuador,2023,27,Age-standardized,1,Male,0.0040902800076617,0.0013671235057408,0.0097681914752955
adult_underweight,122,Ecuador,2023,27,Age-standardized,2,Female,0.0088441443417197,0.0018980488103171,0.0272011279342751
adult_underweight,135,Brazil,2023,27,Age-standardized,1,Male,0.0200611311938783,0.0088123548415617,0.0393906971299194
adult_underweight,135,Brazil,2023,27,Age-standardized,2,Female,0.0363378486126402,0.0162299562872237,0.0702472473102879
adult_underweight,161,Bangladesh,2023,27,Age-standardized,1,Male,0.212456127978418,0.0916786797048743,0.385986170242049
adult_underweight,161,Bangladesh,2023,27,Age-standardized,2,Female,0.193827326583221,0.0639656195542659,0.396444893408363
adult_underweight,163,India,2023,27,Age-standardized,1,Male,0.247864658705704,0.114736937724277,0.433824444876853
adult_underweight,163,India,2023,27,Age-standardized,2,Female,0.260892487840412,0.106726754961998,0.471191870852177
adult_underweight,164,Nepal,2023,27,Age-standardized,1,Male,0.163159881513815,0.0646410502516938,0.317073206461614
adult_underweight,164,Nepal,2023,27,Age-standardized,2,Female,0.189937130494198,0.0693786820018456,0.370436298807025
adult_underweight,165,Pakistan,2023,27,Age-standardized,1,Male,0.162686030510574,0.0650163073459161,0.316834755896334
adult_underweight,165,Pakistan,2023,27,Age-standardized,2,Female,0.164749948224219,0.051637716113797603,0.348041885362688
adult_underweight,178,Eritrea,2023,27,Age-standardized,1,Male,0.2772250942971,0.111870502694304,0.509573509200727
adult_underweight,178,Eritrea,2023,27,Age-standardized,2,Female,0.35898800703624,0.122670924064642,0.660702274291484
adult_underweight,179,Ethiopia,2023,27,Age-standardized,1,Male,0.262903680689938,0.117434328678382,0.45711775322426
adult_underweight,179,Ethiopia,2023,27,Age-standardized,2,Female,0.258541640553393,0.0900219278989933,0.50517558570582
adult_underweight,180,Kenya,2023,27,Age-standardized,1,Male,0.190688603899787,0.0715413240987664,0.380868025224809
adult_underweight,180,Kenya,2023,27,Age-standardized,2,Female,0.14574791524922,0.0429715904002504,0.321968685942549
adult_underweight,182,Malawi,2023,27,Age-standardized,1,Male,0.133716136967999,0.0520848587642773,0.265983296246334
adult_underweight,182,Malawi,2023,27,Age-standardized,2,Female,0.109858149679412,0.0308145523511604,0.259671030800732
adult_underweight,185,Rwanda,2023,27,Age-standardized,1,Male,0.154291933085731,0.0579951951265418,0.312607673564063
adult_underweight,185,Rwanda,2023,27,Age-standardized,2,Female,0.106737701186076,0.0278869017341321,0.265163513020928
adult_underweight,189,United Republic of Tanzania,2023,27,Age-standardized,1,Male,0.147219176276103,0.0585590727801721,0.282646408626781
adult_underweight,189,United Republic of Tanzania,2023,27,Age-standardized,2,Female,0.145986305715674,0.0480500787836677,0.304604011675591
adult_underweight,190,Uganda,2023,27,Age-standardized,1,Male,0.196962261140939,0.0983881335909893,0.329745878050882
adult_underweight,190,Uganda,2023,27,Age-standardized,2,Female,0.168372827543251,0.0691918220177261,0.312426638106846
adult_underweight,191,Zambia,2023,27,Age-standardized,1,Male,0.111293626103005,0.0380182227023426,0.245404349190363
adult_underweight,191,Zambia,2023,27,Age-standardized,2,Female,0.128494418297874,0.0350433834944153,0.30441327298592
adult_underweight,194,Lesotho,2023,27,Age-standardized,1,Male,0.120606947478283,0.0418360923069,0.263434311144145
adult_underweight,194,Lesotho,2023,27,Age-standardized,2,Female,0.0604770671489494,0.012345101877111,0.178554739873457
adult_underweight,195,Namibia,2023,27,Age-standardized,1,Male,0.199024167525584,0.07597874792497,0.38963540274062203
adult_underweight,195,Namibia,2023,27,Age-standardized,2,Female,0.151494164504119,0.0381716584523665,0.361827497726814
adult_underweight,196,South Africa,2023,27,Age-standardized,1,Male,0.108250197876131,0.0470381683747668,0.203903673871978
adult_underweight,196,South Africa,2023,27,Age-standardized,2,Female,0.0486124548565796,0.0159107297899692,0.111794029273264
adult_underweight,197,Eswatini,2023,27,Age-standardized,1,Male,0.0252766472919242,0.0080197575566908,0.0614648559875862
adult_underweight,197,Eswatini,2023,27,Age-standardized,2,Female,0.0559587815882308,0.0115633979759209,0.164412083253425
adult_underweight,198,Zimbabwe,2023,27,Age-standardized,1,Male,0.118379974271477,0.0407958931610166,0.258570647872729
adult_underweight,198,Zimbabwe,2023,27,Age-standardized,2,Female,0.0336198433534208,0.0074291970386836,0.100791037166425
adult_underweight,206,Gambia,2023,27,Age-standardized,1,Male,0.109614821125706,0.0366388634086476,0.246097211552472
adult_underweight,206,Gambia,2023,27,Age-standardized,2,Female,0.0789668397053782,0.0250549632231457,0.196359698908332
adult_underweight,207,Ghana,2023,27,Age-standardized,1,Male,0.0987970857970803,0.038357891107381,0.20035103869592
adult_underweight,207,Ghana,2023,27,Age-standardized,2,Female,0.123374604307602,0.0360891333493425,0.275160569917079
adult_underweight,214,Nigeria,2023,27,Age-standardized,1,Male,0.0611759408849493,0.0187964660109244,0.148671895689754
adult_underweight,214,Nigeria,2023,27,Age-standardized,2,Female,0.0937714915068137,0.0267329866572115,0.235551103785917
adult_underweight,522,Sudan,2023,27,Age-standardized,1,Male,0.0071608007047229,0.002047625070732,0.0188585847297292
adult_underweight,522,Sudan,2023,27,Age-standardized,2,Female,0.0112155837824447,0.0020245286863303,0.0367866091836838
