"Study.title","Study.ID","Column.name","Error.message"
"High incidence of pulmonary tuberculosis in an indigenous Saharia tribe in Madhya Pradesh, central India-A prospective cohort study",21429,"study.years","More than two years listed"
"Sub-national TB prevalence surveys in India, 2006-2012: Results of uniformly conducted data analysis (Age Stratification, Combined Sites)",26990,"study.years","Study year is after publication year"
"Sputum positive point prevalence survey (1994)",26916,"study.years","Study year is after publication year"
"Declining tuberculosis prevalence in Saharia, a particularly vulnerable tribal community in Central India: evidences for action (2015 survey)",26980,"total.target.pop","Total target population less than eligible population"
"Results from the national TB prevalence survey of Indonesia",26858,"n.presumptive.tb.sex.total","Presumptive TB less than abnormal xray count"
"NATIONAL TUBERCULOSIS PREVALENCE SURVEY 2016, PHILIPPINES",26868,"n.presumptive.tb.sex.total","Presumptive TB less than tb case count"
"Lesotho Tuberculosis Prevalence Survey",26862,"n.presumptive.tb.sex.total","Presumptive TB less than tb case count"
"Results from the national TB prevalence survey of Indonesia",26858,"n.presumptive.tb.sex.total","Presumptive TB less than tb case count"
"NATIONAL TUBERCULOSIS PREVALENCE SURVEY 2016, PHILIPPINES",26868,"n.presumptive.tb.rurality.total","Presumptive TB less than tb case count"
"Lesotho Tuberculosis Prevalence Survey",26862,"n.presumptive.tb.rurality.total","Presumptive TB less than tb case count"
"Lesotho Tuberculosis Prevalence Survey",26862,"n.presumptive.tb.hiv.total","Presumptive TB less than tb case count"
"Declining tuberculosis prevalence in Saharia, a particularly vulnerable tribal community in Central India: evidences for action (2015 survey)",26980,"total.target.pop","Total target population less than eligible population"
"A baseline survey of the prevalence of tuberculosis in a community in south India at the commencement of a DOTS programme",26893,"total.target.pop","Total target population less than eligible population"
"Prevalence of pulmonary tuberculosis among the adult population in Pakistan 2010-2011",26928,"n.presumptive.tb.age.grp.total","Presumptive TB less than abnormal xray count"
"National population-based tuberculosis prevalence survey in Ghana, 2013",21508,"n.presumptive.tb.age.grp.total","Presumptive TB less than abnormal xray count"
"KENYA TUBERCULOSIS PREVALENCE SURVEY",26860,"n.presumptive.tb.age.grp.total","Presumptive TB less than symptom positive count"
"National population-based tuberculosis prevalence survey in Ghana, 2013",21508,"n.presumptive.tb.age.grp.total","Presumptive TB less than symptom positive count"
NA,NA,"n.presumptive.tb.age.grp.total","Presumptive TB less than tb case count"
NA,NA,"n.presumptive.tb.age.grp.total","Presumptive TB less than tb case count"
NA,NA,"n.presumptive.tb.age.grp.total","Presumptive TB less than tb case count"
"NATIONAL TB PREVALENCE SURVEY
IN VIETNAM, 2006 - 2007 (DRAFT REPORT)",26973,"n.eligible.sex.total","Extracted total is not equal to sum of extracted stratified data."
"Evaluating an active case-finding strategy to identify smear-positive tuberculosis in rural Ethiopia",26955,"n.eligible.sex.total","Extracted total is not equal to sum of extracted stratified data."
"High prevalence of pulmonary tuberculosis and inadequate case finding in rural western Kenya",26947,"n.eligible.sex.total","Extracted total is not equal to sum of extracted stratified data."
"The 1997 nationwide tuberculosis prevalence survey in the Philippines",26946,"n.eligible.sex.total","Extracted total is not equal to sum of extracted stratified data."
"Prevalence of tuberculosis in Faridabad district, Haryana State, India",26939,"n.eligible.sex.total","Extracted total is not equal to sum of extracted stratified data."
"Prevalence of pulmonary tuberculosis among the adult population in Pakistan 2010-2011",26928,"n.eligible.sex.total","Extracted total is not equal to sum of extracted stratified data."
"Prevalence of pulmonary tuberculosis in adult population of Tanzania: a national survey, 2012",26919,"n.eligible.sex.total","Extracted total is not equal to sum of extracted stratified data."
"Population-based prevalence survey of tuberculosis in the Tigray region of Ethiopia",26881,"n.eligible.sex.total","Extracted total is not equal to sum of extracted stratified data."
"Recurrence of pulmonary tuberculosis in India: Findings from the 2019-2021 nationwide community-based TB prevalence survey",26863,"n.eligible.sex.total","Extracted total is not equal to sum of extracted stratified data."
"The Zimbabwe National Population based Tuberculosis Prevalence Survey",26857,"n.eligible.sex.total","Extracted total is not equal to sum of extracted stratified data."
"SURVEY FOR ASSESSING PREVALENCE OF PULMONARY TUBERCULOSIS CASES IN THE POPULATION BASED STATE OF GUJARAT, INDIA (2011-2012) Report on Population based survey to assess prevalence of pulmonary tuberculosis cases in the state of Gujarat, India (2011-12) Ded",26983,"n.eligible.rurality.total","Extracted total is not equal to sum of extracted stratified data."
"NATIONAL TB PREVALENCE SURVEY
IN VIETNAM, 2006 - 2007 (DRAFT REPORT)",26973,"n.eligible.rurality.total","Extracted total is not equal to sum of extracted stratified data."
"The first population-based national tuberculosis prevalence survey in Ethiopia, 2010-2011",26913,"n.eligible.rurality.total","Extracted total is not equal to sum of extracted stratified data."
"Lesotho Tuberculosis Prevalence Survey",26862,"n.eligible.rurality.total","Extracted total is not equal to sum of extracted stratified data."
"Prevalence of pulmonary tuberculosis in western China in 2010-11: a population-based, cross-sectional survey",24214,"n.eligible.rurality.total","Extracted total is not equal to sum of extracted stratified data."
"NATIONAL TB PREVALENCE SURVEY
IN VIETNAM, 2006 - 2007 (DRAFT REPORT)",26973,"n.eligible.age.grp.total","Extracted total is not equal to sum of extracted stratified data."
"Changes in pulmonary tuberculosis prevalence: Evidence from the 2010 population survey in a populous province of China",26951,"n.eligible.age.grp.total","Extracted total is not equal to sum of extracted stratified data."
"Tuberculosis prevalence in China, 1990-2010; a longitudinal analysis of national survey data",26949,"n.eligible.age.grp.total","Extracted total is not equal to sum of extracted stratified data."
"The 1997 nationwide tuberculosis prevalence survey in the Philippines",26946,"n.eligible.age.grp.total","Extracted total is not equal to sum of extracted stratified data."
"Do women with tuberculosis have a lower likelihood of getting diagnosed? Prevalence and case detection of sputum smear positive pulmonary TB, a population-based study from Vietnam",26943,"n.eligible.age.grp.total","Extracted total is not equal to sum of extracted stratified data."
"Three-fold reduction in the prevalence of tuberculosis over 25 years in Indonesia",26940,"n.eligible.age.grp.total","Extracted total is not equal to sum of extracted stratified data."
"Prevalence of pulmonary tuberculosis among the Bharia, a primitive tribe of Madhya Pradesh, central India",26930,"n.eligible.age.grp.total","Extracted total is not equal to sum of extracted stratified data."
"Prevalence of tuberculosis in adolescents, western Kenya: implications for control programs",26924,"n.eligible.age.grp.total","Extracted total is not equal to sum of extracted stratified data."
"The Gambian survey of tuberculosis prevalence (GAMSTEP)",26920,"n.eligible.age.grp.total","Extracted total is not equal to sum of extracted stratified data."
"Cross-sectional studies of tuberculosis prevalence in Cambodia between 2002 and 2011",26910,"n.eligible.age.grp.total","Extracted total is not equal to sum of extracted stratified data."
"Community-based prevalence of undiagnosed mycobacterial diseases in the Afar Region, north-east Ethiopia",26906,"n.eligible.age.grp.total","Extracted total is not equal to sum of extracted stratified data."
"The first national TB prevalence survey of Lao PDR (2010-2011)",26905,"n.eligible.age.grp.total","Extracted total is not equal to sum of extracted stratified data."
"A baseline survey of the prevalence of tuberculosis in a community in south India at the commencement of a DOTS programme",26893,"n.eligible.age.grp.total","Extracted total is not equal to sum of extracted stratified data."
"Prevalence of tuberculosis in Rwanda: Results of the first nationwide survey in 2012 yielded important lessons for TB control",26892,"n.eligible.age.grp.total","Extracted total is not equal to sum of extracted stratified data."
"Prevalence of pulmonary tuberculosis among adults in a rural sub-district of South India",26884,"n.eligible.age.grp.total","Extracted total is not equal to sum of extracted stratified data."
"Tuberculosis burden in an urban population: A cross sectional tuberculosis survey from Guinea Bissau",26883,"n.eligible.age.grp.total","Extracted total is not equal to sum of extracted stratified data."
"Hyperendemic pulmonary tuberculosis in peri-urban areas of Karachi, Pakistan",26873,"n.eligible.age.grp.total","Extracted total is not equal to sum of extracted stratified data."
"Namibia Tuberculosis disease prevalence survey, 2017-2018",26869,"n.eligible.age.grp.total","Extracted total is not equal to sum of extracted stratified data."
"NATIONAL TUBERCULOSIS PREVALENCE SURVEY 2016, PHILIPPINES",26868,"n.eligible.age.grp.total","Extracted total is not equal to sum of extracted stratified data."
"Lesotho Tuberculosis Prevalence Survey",26862,"n.eligible.age.grp.total","Extracted total is not equal to sum of extracted stratified data."
"Report of DPRK National TB
Prevalence Survey
(2015–2016)",26861,"n.eligible.age.grp.total","Extracted total is not equal to sum of extracted stratified data."
"Prevalence and risk factors of active pulmonary tuberculosis among elderly people in China: a population based cross-sectional study",26740,"n.eligible.age.grp.total","Extracted total is not equal to sum of extracted stratified data."
"The second national tuberculosis prevalence survey in Vietnam",24644,"n.eligible.age.grp.total","Extracted total is not equal to sum of extracted stratified data."
"Prevalence of pulmonary tuberculosis in western China in 2010-11: a population-based, cross-sectional survey",24214,"n.eligible.age.grp.total","Extracted total is not equal to sum of extracted stratified data."
"A tuberculosis nationwide prevalence survey in Gambia, 2012",20811,"n.eligible.age.grp.total","Extracted total is not equal to sum of extracted stratified data."
"NATIONAL TB PREVALENCE SURVEY
IN VIETNAM, 2006 - 2007 (DRAFT REPORT)",26973,"n.participants.sex.total","Extracted total is not equal to sum of extracted stratified data."
"Low tuberculosis notification in mountainous Vietnam is not due to low case detection: a cross-sectional survey",26948,"n.participants.sex.total","Extracted total is not equal to sum of extracted stratified data."
"Active detection of tuberculosis and paragonimiasis in the remote areas in North-Eastern India using cough as a simple indicator",26932,"n.participants.sex.total","Extracted total is not equal to sum of extracted stratified data."
"Prevalence of pulmonary tuberculosis in adult population of Tanzania: a national survey, 2012",26919,"n.participants.sex.total","Extracted total is not equal to sum of extracted stratified data."
"A survey of tuberculosis prevalence in Hanoi, Vietnam",26899,"n.participants.sex.total","Extracted total is not equal to sum of extracted stratified data."
"A baseline survey of the prevalence of tuberculosis in a community in south India at the commencement of a DOTS programme",26893,"n.participants.sex.total","Extracted total is not equal to sum of extracted stratified data."
"Comparison of two active case-finding strategies for community-based diagnosis of symptomatic smear-positive tuberculosis and control of infectious tuberculosis in Harare, Zimbabwe (DETECTB): a cluster-randomised trial",26887,"n.participants.sex.total","Extracted total is not equal to sum of extracted stratified data."
"Prevalent infectious tuberculosis in Harare, Zimbabwe: burden, risk factors and implications for control",26886,"n.participants.sex.total","Extracted total is not equal to sum of extracted stratified data."
"Tuberculosis burden in an urban population: A cross sectional tuberculosis survey from Guinea Bissau",26883,"n.participants.sex.total","Extracted total is not equal to sum of extracted stratified data."
"Epidemiology of tuberculosis in an urban slum of Dhaka City, Bangladesh",26878,"n.participants.sex.total","Extracted total is not equal to sum of extracted stratified data."
"Prevalence of pulmonary tuberculosis on the roof of the world",26874,"n.participants.sex.total","Extracted total is not equal to sum of extracted stratified data."
"Prevalence of pulmonary tuberculosis among adults in a north Indian district",26872,"n.participants.sex.total","Extracted total is not equal to sum of extracted stratified data."
"Recurrence of pulmonary tuberculosis in India: Findings from the 2019-2021 nationwide community-based TB prevalence survey",26863,"n.participants.sex.total","Extracted total is not equal to sum of extracted stratified data."
"The Zimbabwe National Population based Tuberculosis Prevalence Survey",26857,"n.participants.sex.total","Extracted total is not equal to sum of extracted stratified data."
"Estimation of the burden of bacteriologically positive Tuberculosis among Adults in Kashmir: A baseline for future surveys in the Valley",26237,"n.participants.sex.total","Extracted total is not equal to sum of extracted stratified data."
"Prevalence of Bacteriologically-Confirmed Tuberculosis in Urban Blantyre, Malawi 2019-20: Substantial Decline Compared to 2013-14 National Survey",22290,"n.participants.sex.total","Extracted total is not equal to sum of extracted stratified data."
"SURVEY FOR ASSESSING PREVALENCE OF PULMONARY TUBERCULOSIS CASES IN THE POPULATION BASED STATE OF GUJARAT, INDIA (2011-2012) Report on Population based survey to assess prevalence of pulmonary tuberculosis cases in the state of Gujarat, India (2011-12) Ded",26983,"n.participants.rurality.total","Extracted total is not equal to sum of extracted stratified data."
"NATIONAL TB PREVALENCE SURVEY
IN VIETNAM, 2006 - 2007 (DRAFT REPORT)",26973,"n.participants.rurality.total","Extracted total is not equal to sum of extracted stratified data."
"Significant decline in the tuberculosis burden in the Philippines ten years after initiating DOTS",26944,"n.participants.rurality.total","Extracted total is not equal to sum of extracted stratified data."
"The first population-based national tuberculosis prevalence survey in Ethiopia, 2010-2011",26913,"n.participants.rurality.total","Extracted total is not equal to sum of extracted stratified data."
"Eswatini National Tuberculosis Prevalence Survey Report, 2018-2019",26865,"n.participants.rurality.total","Extracted total is not equal to sum of extracted stratified data."
"Fourth National Tuberculosis Prevalence Survey Report (2017-2018) Myanmar",26864,"n.participants.rurality.total","Extracted total is not equal to sum of extracted stratified data."
"Lesotho Tuberculosis Prevalence Survey",26862,"n.participants.rurality.total","Extracted total is not equal to sum of extracted stratified data."
"Prevalence of pulmonary tuberculosis in western China in 2010-11: a population-based, cross-sectional survey",24214,"n.participants.rurality.total","Extracted total is not equal to sum of extracted stratified data."
"Antiretroviral program associated with reduction in untreated prevalent tuberculosis in a South African township",26911,"n.participants.hiv.total","Extracted total is not equal to sum of extracted stratified data."
"Comparison of two active case-finding strategies for community-based diagnosis of symptomatic smear-positive tuberculosis and control of infectious tuberculosis in Harare, Zimbabwe (DETECTB): a cluster-randomised trial",26887,"n.participants.hiv.total","Extracted total is not equal to sum of extracted stratified data."
"Prevalent infectious tuberculosis in Harare, Zimbabwe: burden, risk factors and implications for control",26886,"n.participants.hiv.total","Extracted total is not equal to sum of extracted stratified data."
"Prevalence of Bacteriologically-Confirmed Tuberculosis in Urban Blantyre, Malawi 2019-20: Substantial Decline Compared to 2013-14 National Survey",22290,"n.participants.hiv.total","Extracted total is not equal to sum of extracted stratified data."
"Active detection of tuberculosis and paragonimiasis in the remote areas in North-Eastern India using cough as a simple indicator (ASSAM)",26979,"n.participants.age.grp.total","Extracted total is not equal to sum of extracted stratified data."
"NATIONAL TB PREVALENCE SURVEY
IN VIETNAM, 2006 - 2007 (DRAFT REPORT)",26973,"n.participants.age.grp.total","Extracted total is not equal to sum of extracted stratified data."
"Tuberculosis prevalence in China, 1990-2010; a longitudinal analysis of national survey data",26949,"n.participants.age.grp.total","Extracted total is not equal to sum of extracted stratified data."
"The 1997 nationwide tuberculosis prevalence survey in the Philippines",26946,"n.participants.age.grp.total","Extracted total is not equal to sum of extracted stratified data."
"Prevalence of tuberculosis in Faridabad district, Haryana State, India",26939,"n.participants.age.grp.total","Extracted total is not equal to sum of extracted stratified data."
"Yield of undetected tuberculosis and human immunodeficiency virus coinfection from active case finding in urban Uganda",26936,"n.participants.age.grp.total","Extracted total is not equal to sum of extracted stratified data."
"Pulmonary tuberculosis in an indigenous community in the mountains of Ecuador",26933,"n.participants.age.grp.total","Extracted total is not equal to sum of extracted stratified data."
"Active detection of tuberculosis and paragonimiasis in the remote areas in North-Eastern India using cough as a simple indicator",26932,"n.participants.age.grp.total","Extracted total is not equal to sum of extracted stratified data."
"Prevalence of pulmonary tuberculosis among the Bharia, a primitive tribe of Madhya Pradesh, central India",26930,"n.participants.age.grp.total","Extracted total is not equal to sum of extracted stratified data."
"Prevalence of pulmonary tuberculosis among the adult population in Pakistan 2010-2011",26928,"n.participants.age.grp.total","Extracted total is not equal to sum of extracted stratified data."
"Prevalence of tuberculosis in adolescents, western Kenya: implications for control programs",26924,"n.participants.age.grp.total","Extracted total is not equal to sum of extracted stratified data."
"Report of the national TB prevalence survey, 2002",26912,"n.participants.age.grp.total","Extracted total is not equal to sum of extracted stratified data."
"Cross-sectional studies of tuberculosis prevalence in Cambodia between 2002 and 2011",26910,"n.participants.age.grp.total","Extracted total is not equal to sum of extracted stratified data."
"Prevalence of pulmonary tuberculosis in far Western Nepal",26901,"n.participants.age.grp.total","Extracted total is not equal to sum of extracted stratified data."
"Burden of tuberculosis in Kampala, Uganda",26895,"n.participants.age.grp.total","Extracted total is not equal to sum of extracted stratified data."
"Tuberculosis burden in an urban population: A cross sectional tuberculosis survey from Guinea Bissau",26883,"n.participants.age.grp.total","Extracted total is not equal to sum of extracted stratified data."
"Epidemiology of tuberculosis in an urban slum of Dhaka City, Bangladesh",26878,"n.participants.age.grp.total","Extracted total is not equal to sum of extracted stratified data."
"Effect of household and community interventions on the burden of tuberculosis in southern Africa: the ZAMSTAR community-randomised trial",26875,"n.participants.age.grp.total","Extracted total is not equal to sum of extracted stratified data."
"Prevalence of pulmonary tuberculosis on the roof of the world",26874,"n.participants.age.grp.total","Extracted total is not equal to sum of extracted stratified data."
"Hyperendemic pulmonary tuberculosis in peri-urban areas of Karachi, Pakistan",26873,"n.participants.age.grp.total","Extracted total is not equal to sum of extracted stratified data."
"Lesotho Tuberculosis Prevalence Survey",26862,"n.participants.age.grp.total","Extracted total is not equal to sum of extracted stratified data."
"Prevalence of pulmonary tuberculosis among the tribal populations in India",26096,"n.participants.age.grp.total","Extracted total is not equal to sum of extracted stratified data."
"Prevalence of pulmonary tuberculosis in western China in 2010-11: a population-based, cross-sectional survey",24214,"n.participants.age.grp.total","Extracted total is not equal to sum of extracted stratified data."
"Population-based screening for pulmonary tuberculosis utilizing community health workers in Ethiopia",24181,"n.participants.age.grp.total","Extracted total is not equal to sum of extracted stratified data."
"Prevalence of Bacteriologically-Confirmed Tuberculosis in Urban Blantyre, Malawi 2019-20: Substantial Decline Compared to 2013-14 National Survey",22290,"n.participants.age.grp.total","Extracted total is not equal to sum of extracted stratified data."
"A tuberculosis nationwide prevalence survey in Gambia, 2012",20811,"n.participants.age.grp.total","Extracted total is not equal to sum of extracted stratified data."
NA,NA,"n.participants.total","Difference in extracted totals are greater than 5%

                                                                  across stratifications of data.

                                                                  Check all totals against each other."
"Prevalence of pulmonary tuberculosis in Wardha district of Maharashtra, Central India",26982,"n.presumptive.tb.sex.total","Extracted total is not equal to sum of extracted stratified data."
"Low tuberculosis notification in mountainous Vietnam is not due to low case detection: a cross-sectional survey",26948,"n.presumptive.tb.sex.total","Extracted total is not equal to sum of extracted stratified data."
"Prevalence of pulmonary tuberculosis in adult population of Tanzania: a national survey, 2012",26919,"n.presumptive.tb.sex.total","Extracted total is not equal to sum of extracted stratified data."
"Prevalence of pulmonary TB and spoligotype pattern of Mycobacterium tuberculosis among TB suspects in a rural community in Southwest Ethiopia",26890,"n.presumptive.tb.sex.total","Extracted total is not equal to sum of extracted stratified data."
"Tuberculosis burden in an urban population: A cross sectional tuberculosis survey from Guinea Bissau",26883,"n.presumptive.tb.sex.total","Extracted total is not equal to sum of extracted stratified data."
"NATIONAL TUBERCULOSIS PREVALENCE SURVEY 2016, PHILIPPINES",26868,"n.presumptive.tb.sex.total","Extracted total is not equal to sum of extracted stratified data."
"Results from the national TB prevalence survey of Indonesia",26858,"n.presumptive.tb.sex.total","Extracted total is not equal to sum of extracted stratified data."
"SURVEY FOR ASSESSING PREVALENCE OF PULMONARY TUBERCULOSIS CASES IN THE POPULATION BASED STATE OF GUJARAT, INDIA (2011-2012) Report on Population based survey to assess prevalence of pulmonary tuberculosis cases in the state of Gujarat, India (2011-12) Ded",26983,"n.presumptive.tb.rurality.total","Extracted total is not equal to sum of extracted stratified data."
"Lesotho Tuberculosis Prevalence Survey",26862,"n.presumptive.tb.rurality.total","Extracted total is not equal to sum of extracted stratified data."
"Declining tuberculosis prevalence in Saharia, a particularly vulnerable tribal community in Central India: evidences for action (2015 survey)",26980,"n.presumptive.tb.age.grp.total","Extracted total is not equal to sum of extracted stratified data."
"Active detection of tuberculosis and paragonimiasis in the remote areas in North-Eastern India using cough as a simple indicator (ASSAM)",26979,"n.presumptive.tb.age.grp.total","Extracted total is not equal to sum of extracted stratified data."
"Changes in pulmonary tuberculosis prevalence: Evidence from the 2010 population survey in a populous province of China",26951,"n.presumptive.tb.age.grp.total","Extracted total is not equal to sum of extracted stratified data."
"Tuberculosis prevalence in China, 1990-2010; a longitudinal analysis of national survey data",26949,"n.presumptive.tb.age.grp.total","Extracted total is not equal to sum of extracted stratified data."
"Low tuberculosis notification in mountainous Vietnam is not due to low case detection: a cross-sectional survey",26948,"n.presumptive.tb.age.grp.total","Extracted total is not equal to sum of extracted stratified data."
"Do women with tuberculosis have a lower likelihood of getting diagnosed? Prevalence and case detection of sputum smear positive pulmonary TB, a population-based study from Vietnam",26943,"n.presumptive.tb.age.grp.total","Extracted total is not equal to sum of extracted stratified data."
"Two-thirds of smear-positive tuberculosis cases in the community were undiagnosed in Northwest Ethiopia: population based cross-sectional study",26942,"n.presumptive.tb.age.grp.total","Extracted total is not equal to sum of extracted stratified data."
"Prevalence of tuberculosis in Faridabad district, Haryana State, India",26939,"n.presumptive.tb.age.grp.total","Extracted total is not equal to sum of extracted stratified data."
"Active detection of tuberculosis and paragonimiasis in the remote areas in North-Eastern India using cough as a simple indicator",26932,"n.presumptive.tb.age.grp.total","Extracted total is not equal to sum of extracted stratified data."
"Prevalence of pulmonary tuberculosis among the Bharia, a primitive tribe of Madhya Pradesh, central India",26930,"n.presumptive.tb.age.grp.total","Extracted total is not equal to sum of extracted stratified data."
"Prevalence of pulmonary tuberculosis among the adult population in Pakistan 2010-2011",26928,"n.presumptive.tb.age.grp.total","Extracted total is not equal to sum of extracted stratified data."
"Prevalence of tuberculosis in adolescents, western Kenya: implications for control programs",26924,"n.presumptive.tb.age.grp.total","Extracted total is not equal to sum of extracted stratified data."
"Report on national TB prevalence survey 2009-2010, Myanmar",26915,"n.presumptive.tb.age.grp.total","Extracted total is not equal to sum of extracted stratified data."
"The first national TB prevalence survey of Lao PDR (2010-2011)",26905,"n.presumptive.tb.age.grp.total","Extracted total is not equal to sum of extracted stratified data."
"A rapid survey to determine the prevalence of smear-positive tuberculosis in Addis Ababa",26888,"n.presumptive.tb.age.grp.total","Extracted total is not equal to sum of extracted stratified data."
"Prevalence of pulmonary tuberculosis among adults in a rural sub-district of South India",26884,"n.presumptive.tb.age.grp.total","Extracted total is not equal to sum of extracted stratified data."
"Tuberculosis burden in an urban population: A cross sectional tuberculosis survey from Guinea Bissau",26883,"n.presumptive.tb.age.grp.total","Extracted total is not equal to sum of extracted stratified data."
"Epidemiology of tuberculosis in an urban slum of Dhaka City, Bangladesh",26878,"n.presumptive.tb.age.grp.total","Extracted total is not equal to sum of extracted stratified data."
"Prevalence of pulmonary tuberculosis on the roof of the world",26874,"n.presumptive.tb.age.grp.total","Extracted total is not equal to sum of extracted stratified data."
"Hyperendemic pulmonary tuberculosis in peri-urban areas of Karachi, Pakistan",26873,"n.presumptive.tb.age.grp.total","Extracted total is not equal to sum of extracted stratified data."
"NATIONAL TUBERCULOSIS PREVALENCE SURVEY 2016, PHILIPPINES",26868,"n.presumptive.tb.age.grp.total","Extracted total is not equal to sum of extracted stratified data."
"Eswatini National Tuberculosis Prevalence Survey Report, 2018-2019",26865,"n.presumptive.tb.age.grp.total","Extracted total is not equal to sum of extracted stratified data."
"Fourth National Tuberculosis Prevalence Survey Report (2017-2018) Myanmar",26864,"n.presumptive.tb.age.grp.total","Extracted total is not equal to sum of extracted stratified data."
"Lesotho Tuberculosis Prevalence Survey",26862,"n.presumptive.tb.age.grp.total","Extracted total is not equal to sum of extracted stratified data."
"KENYA TUBERCULOSIS PREVALENCE SURVEY",26860,"n.presumptive.tb.age.grp.total","Extracted total is not equal to sum of extracted stratified data."
"Results from the national TB prevalence survey of Indonesia",26858,"n.presumptive.tb.age.grp.total","Extracted total is not equal to sum of extracted stratified data."
"Estimation of the burden of bacteriologically positive Tuberculosis among Adults in Kashmir: A baseline for future surveys in the Valley",26237,"n.presumptive.tb.age.grp.total","Extracted total is not equal to sum of extracted stratified data."
"Prevalence of pulmonary tuberculosis among the tribal populations in India",26096,"n.presumptive.tb.age.grp.total","Extracted total is not equal to sum of extracted stratified data."
"Prevalence of pulmonary tuberculosis in western China in 2010-11: a population-based, cross-sectional survey",24214,"n.presumptive.tb.age.grp.total","Extracted total is not equal to sum of extracted stratified data."
"Prevalence and Incidence of Smear-Positive Pulmonary Tuberculosis in the Hetosa District of Arsi Zone, Oromia Regional State of Central Ethiopia",22718,"n.presumptive.tb.age.grp.total","Extracted total is not equal to sum of extracted stratified data."
"Prevalence of bacteriologically confirmed pulmonary tuberculosis and associated risk factors: A community survey in Thirvallur District, south India",22089,"n.presumptive.tb.age.grp.total","Extracted total is not equal to sum of extracted stratified data."
"National population-based tuberculosis prevalence survey in Ghana, 2013",21508,"n.presumptive.tb.age.grp.total","Extracted total is not equal to sum of extracted stratified data."
"Prevalence and incidence of symptomatic pulmonary tuberculosis based on repeated population screening in a district in Ethiopia: a prospective cohort study",21313,"n.presumptive.tb.age.grp.total","Extracted total is not equal to sum of extracted stratified data."
"A tuberculosis nationwide prevalence survey in Gambia, 2012",20811,"n.presumptive.tb.age.grp.total","Extracted total is not equal to sum of extracted stratified data."
NA,NA,"n.presumptive.tb.total","Difference in extracted totals are greater than 5%

                                                                  across stratifications of data.

                                                                  Check all totals against each other."
NA,NA,"n.presumptive.tb.total","Difference in extracted totals are greater than 5%

                                                                  across stratifications of data.

                                                                  Check all totals against each other."
"Low tuberculosis notification in mountainous Vietnam is not due to low case detection: a cross-sectional survey",26948,"n.symptoms.sex.total","Extracted total is not equal to sum of extracted stratified data."
"Prevalence of pulmonary tuberculosis among the adult population in Pakistan 2010-2011",26928,"n.symptoms.sex.total","Extracted total is not equal to sum of extracted stratified data."
"Gender differences in tuberculosis: a prevalence survey done in Bangladesh",26896,"n.symptoms.sex.total","Extracted total is not equal to sum of extracted stratified data."
"A baseline survey of the prevalence of tuberculosis in a community in south India at the commencement of a DOTS programme",26893,"n.symptoms.sex.total","Extracted total is not equal to sum of extracted stratified data."
"Prevalence of pulmonary TB and spoligotype pattern of Mycobacterium tuberculosis among TB suspects in a rural community in Southwest Ethiopia",26890,"n.symptoms.sex.total","Extracted total is not equal to sum of extracted stratified data."
"Tuberculosis burden in an urban population: A cross sectional tuberculosis survey from Guinea Bissau",26883,"n.symptoms.sex.total","Extracted total is not equal to sum of extracted stratified data."
"KENYA TUBERCULOSIS PREVALENCE SURVEY",26860,"n.symptoms.sex.total","Extracted total is not equal to sum of extracted stratified data."
"SURVEY FOR ASSESSING PREVALENCE OF PULMONARY TUBERCULOSIS CASES IN THE POPULATION BASED STATE OF GUJARAT, INDIA (2011-2012) Report on Population based survey to assess prevalence of pulmonary tuberculosis cases in the state of Gujarat, India (2011-12) Ded",26983,"n.symptoms.rurality.total","Extracted total is not equal to sum of extracted stratified data."
"NATIONAL TB PREVALENCE SURVEY
IN VIETNAM, 2006 - 2007 (DRAFT REPORT)",26973,"n.symptoms.rurality.total","Extracted total is not equal to sum of extracted stratified data."
"The first population-based national tuberculosis prevalence survey in Ethiopia, 2010-2011",26913,"n.symptoms.rurality.total","Extracted total is not equal to sum of extracted stratified data."
"Active detection of tuberculosis and paragonimiasis in the remote areas in North-Eastern India using cough as a simple indicator (ASSAM)",26979,"n.symptoms.age.grp.total","Extracted total is not equal to sum of extracted stratified data."
"Changes in pulmonary tuberculosis prevalence: Evidence from the 2010 population survey in a populous province of China",26951,"n.symptoms.age.grp.total","Extracted total is not equal to sum of extracted stratified data."
"Low tuberculosis notification in mountainous Vietnam is not due to low case detection: a cross-sectional survey",26948,"n.symptoms.age.grp.total","Extracted total is not equal to sum of extracted stratified data."
"High prevalence of pulmonary tuberculosis and inadequate case finding in rural western Kenya",26947,"n.symptoms.age.grp.total","Extracted total is not equal to sum of extracted stratified data."
"Do women with tuberculosis have a lower likelihood of getting diagnosed? Prevalence and case detection of sputum smear positive pulmonary TB, a population-based study from Vietnam",26943,"n.symptoms.age.grp.total","Extracted total is not equal to sum of extracted stratified data."
"Two-thirds of smear-positive tuberculosis cases in the community were undiagnosed in Northwest Ethiopia: population based cross-sectional study",26942,"n.symptoms.age.grp.total","Extracted total is not equal to sum of extracted stratified data."
"Prevalence of tuberculosis in Faridabad district, Haryana State, India",26939,"n.symptoms.age.grp.total","Extracted total is not equal to sum of extracted stratified data."
"Active detection of tuberculosis and paragonimiasis in the remote areas in North-Eastern India using cough as a simple indicator",26932,"n.symptoms.age.grp.total","Extracted total is not equal to sum of extracted stratified data."
"Prevalence of pulmonary tuberculosis among the Bharia, a primitive tribe of Madhya Pradesh, central India",26930,"n.symptoms.age.grp.total","Extracted total is not equal to sum of extracted stratified data."
"Prevalence of pulmonary tuberculosis among the adult population in Pakistan 2010-2011",26928,"n.symptoms.age.grp.total","Extracted total is not equal to sum of extracted stratified data."
"Prevalence of tuberculosis in adolescents, western Kenya: implications for control programs",26924,"n.symptoms.age.grp.total","Extracted total is not equal to sum of extracted stratified data."
"The Gambian survey of tuberculosis prevalence (GAMSTEP)",26920,"n.symptoms.age.grp.total","Extracted total is not equal to sum of extracted stratified data."
"Report on national TB prevalence survey 2009-2010, Myanmar",26915,"n.symptoms.age.grp.total","Extracted total is not equal to sum of extracted stratified data."
"Cross-sectional studies of tuberculosis prevalence in Cambodia between 2002 and 2011",26910,"n.symptoms.age.grp.total","Extracted total is not equal to sum of extracted stratified data."
"A baseline survey of the prevalence of tuberculosis in a community in south India at the commencement of a DOTS programme",26893,"n.symptoms.age.grp.total","Extracted total is not equal to sum of extracted stratified data."
"Prevalence of tuberculosis in Rwanda: Results of the first nationwide survey in 2012 yielded important lessons for TB control",26892,"n.symptoms.age.grp.total","Extracted total is not equal to sum of extracted stratified data."
"A rapid survey to determine the prevalence of smear-positive tuberculosis in Addis Ababa",26888,"n.symptoms.age.grp.total","Extracted total is not equal to sum of extracted stratified data."
"Prevalence of pulmonary tuberculosis among adults in a rural sub-district of South India",26884,"n.symptoms.age.grp.total","Extracted total is not equal to sum of extracted stratified data."
"Tuberculosis burden in an urban population: A cross sectional tuberculosis survey from Guinea Bissau",26883,"n.symptoms.age.grp.total","Extracted total is not equal to sum of extracted stratified data."
"Epidemiology of tuberculosis in an urban slum of Dhaka City, Bangladesh",26878,"n.symptoms.age.grp.total","Extracted total is not equal to sum of extracted stratified data."
"Prevalence of pulmonary tuberculosis on the roof of the world",26874,"n.symptoms.age.grp.total","Extracted total is not equal to sum of extracted stratified data."
"Hyperendemic pulmonary tuberculosis in peri-urban areas of Karachi, Pakistan",26873,"n.symptoms.age.grp.total","Extracted total is not equal to sum of extracted stratified data."
"NATIONAL TUBERCULOSIS PREVALENCE SURVEY 2016, PHILIPPINES",26868,"n.symptoms.age.grp.total","Extracted total is not equal to sum of extracted stratified data."
"NATIONAL TUBERCULOSIS PREVALENCE SURVEY REPORT, Nepal, 2018-19",26867,"n.symptoms.age.grp.total","Extracted total is not equal to sum of extracted stratified data."
"REPORT OF THE FIRST NATIONAL
TUBERCULOSIS PREVALENCE SURVEY
IN MONGOLIA
2014-2015",26866,"n.symptoms.age.grp.total","Extracted total is not equal to sum of extracted stratified data."
"Fourth National Tuberculosis Prevalence Survey Report (2017-2018) Myanmar",26864,"n.symptoms.age.grp.total","Extracted total is not equal to sum of extracted stratified data."
"Lesotho Tuberculosis Prevalence Survey",26862,"n.symptoms.age.grp.total","Extracted total is not equal to sum of extracted stratified data."
"Report of DPRK National TB
Prevalence Survey
(2015–2016)",26861,"n.symptoms.age.grp.total","Extracted total is not equal to sum of extracted stratified data."
"KENYA TUBERCULOSIS PREVALENCE SURVEY",26860,"n.symptoms.age.grp.total","Extracted total is not equal to sum of extracted stratified data."
"Estimation of the burden of bacteriologically positive Tuberculosis among Adults in Kashmir: A baseline for future surveys in the Valley",26237,"n.symptoms.age.grp.total","Extracted total is not equal to sum of extracted stratified data."
"Prevalence of pulmonary tuberculosis among the tribal populations in India",26096,"n.symptoms.age.grp.total","Extracted total is not equal to sum of extracted stratified data."
"Declining tuberculosis prevalence in Saharia, a particularly vulnerable tribal community in Central India: evidences for action",25244,"n.symptoms.age.grp.total","Extracted total is not equal to sum of extracted stratified data."
"Prevalence and Incidence of Smear-Positive Pulmonary Tuberculosis in the Hetosa District of Arsi Zone, Oromia Regional State of Central Ethiopia",22718,"n.symptoms.age.grp.total","Extracted total is not equal to sum of extracted stratified data."
"National population-based tuberculosis prevalence survey in Ghana, 2013",21508,"n.symptoms.age.grp.total","Extracted total is not equal to sum of extracted stratified data."
"A tuberculosis nationwide prevalence survey in Gambia, 2012",20811,"n.symptoms.age.grp.total","Extracted total is not equal to sum of extracted stratified data."
NA,NA,"n.symptoms.total","Difference in extracted totals are greater than 5%

                                                                  across stratifications of data.

                                                                  Check all totals against each other."
NA,NA,"n.symptoms.total","Difference in extracted totals are greater than 5%

                                                                  across stratifications of data.

                                                                  Check all totals against each other."
NA,NA,"n.symptoms.total","Difference in extracted totals are greater than 5%

                                                                  across stratifications of data.

                                                                  Check all totals against each other."
NA,NA,"n.symptoms.total","Difference in extracted totals are greater than 5%

                                                                  across stratifications of data.

                                                                  Check all totals against each other."
NA,NA,"n.symptoms.total","Difference in extracted totals are greater than 5%

                                                                  across stratifications of data.

                                                                  Check all totals against each other."
"Prevalence of pulmonary tuberculosis among the adult population in Pakistan 2010-2011",26928,"n.abnormal.xray.sex.total","Extracted total is not equal to sum of extracted stratified data."
"The Gambian survey of tuberculosis prevalence (GAMSTEP)",26920,"n.abnormal.xray.sex.total","Extracted total is not equal to sum of extracted stratified data."
"Recurrence of pulmonary tuberculosis in India: Findings from the 2019-2021 nationwide community-based TB prevalence survey",26863,"n.abnormal.xray.sex.total","Extracted total is not equal to sum of extracted stratified data."
"Report of DPRK National TB
Prevalence Survey
(2015–2016)",26861,"n.abnormal.xray.sex.total","Extracted total is not equal to sum of extracted stratified data."
"SURVEY FOR ASSESSING PREVALENCE OF PULMONARY TUBERCULOSIS CASES IN THE POPULATION BASED STATE OF GUJARAT, INDIA (2011-2012) Report on Population based survey to assess prevalence of pulmonary tuberculosis cases in the state of Gujarat, India (2011-12) Ded",26983,"n.abnormal.xray.rurality.total","Extracted total is not equal to sum of extracted stratified data."
"NATIONAL TB PREVALENCE SURVEY
IN VIETNAM, 2006 - 2007 (DRAFT REPORT)",26973,"n.abnormal.xray.rurality.total","Extracted total is not equal to sum of extracted stratified data."
"The first population-based national tuberculosis prevalence survey in Ethiopia, 2010-2011",26913,"n.abnormal.xray.rurality.total","Extracted total is not equal to sum of extracted stratified data."
"National Tuberculosis Prevalence Survey, Bangladesh
2015-2016
National",26859,"n.abnormal.xray.rurality.total","Extracted total is not equal to sum of extracted stratified data."
"The second national tuberculosis prevalence survey in Vietnam",24644,"n.abnormal.xray.rurality.total","Extracted total is not equal to sum of extracted stratified data."
"The First National TB Prevalence Survey | South Africa 2018",26856,"n.abnormal.xray.hiv.total","Extracted total is not equal to sum of extracted stratified data."
"Trends in the prevalence of pulmonary tuberculosis over a period of seven and half years in a rural community in south India with DOTS. SURVEY 2, 2001-2003",26988,"n.abnormal.xray.age.grp.total","Extracted total is not equal to sum of extracted stratified data."
"Trends in the prevalence of pulmonary tuberculosis over a period of seven and half years in a rural community in south India with DOTS - SURVEY 4, 2006-2008",26987,"n.abnormal.xray.age.grp.total","Extracted total is not equal to sum of extracted stratified data."
"Trends in the prevalence of pulmonary tuberculosis over a period of seven and half years in a rural community in south India with DOTS. SURVEY 3, 2004-2006",26986,"n.abnormal.xray.age.grp.total","Extracted total is not equal to sum of extracted stratified data."
"NATIONAL TB PREVALENCE SURVEY
IN VIETNAM, 2006 - 2007 (DRAFT REPORT)",26973,"n.abnormal.xray.age.grp.total","Extracted total is not equal to sum of extracted stratified data."
"Changes in pulmonary tuberculosis prevalence: Evidence from the 2010 population survey in a populous province of China",26951,"n.abnormal.xray.age.grp.total","Extracted total is not equal to sum of extracted stratified data."
"High prevalence of pulmonary tuberculosis and inadequate case finding in rural western Kenya",26947,"n.abnormal.xray.age.grp.total","Extracted total is not equal to sum of extracted stratified data."
"The 1997 nationwide tuberculosis prevalence survey in the Philippines",26946,"n.abnormal.xray.age.grp.total","Extracted total is not equal to sum of extracted stratified data."
"Prevalence of pulmonary tuberculosis among the adult population in Pakistan 2010-2011",26928,"n.abnormal.xray.age.grp.total","Extracted total is not equal to sum of extracted stratified data."
"The Gambian survey of tuberculosis prevalence (GAMSTEP)",26920,"n.abnormal.xray.age.grp.total","Extracted total is not equal to sum of extracted stratified data."
"First national TB prevalence survey 2012, Nigeria",26917,"n.abnormal.xray.age.grp.total","Extracted total is not equal to sum of extracted stratified data."
"Cross-sectional studies of tuberculosis prevalence in Cambodia between 2002 and 2011",26910,"n.abnormal.xray.age.grp.total","Extracted total is not equal to sum of extracted stratified data."
"Trends in the prevalence of pulmonary tuberculosis over a period of seven and half years in a rural community in south India with DOTS",26904,"n.abnormal.xray.age.grp.total","Extracted total is not equal to sum of extracted stratified data."
"A survey of tuberculosis prevalence in Hanoi, Vietnam",26899,"n.abnormal.xray.age.grp.total","Extracted total is not equal to sum of extracted stratified data."
"A baseline survey of the prevalence of tuberculosis in a community in south India at the commencement of a DOTS programme",26893,"n.abnormal.xray.age.grp.total","Extracted total is not equal to sum of extracted stratified data."
"Prevalence of pulmonary tuberculosis on the roof of the world",26874,"n.abnormal.xray.age.grp.total","Extracted total is not equal to sum of extracted stratified data."
"Eswatini National Tuberculosis Prevalence Survey Report, 2018-2019",26865,"n.abnormal.xray.age.grp.total","Extracted total is not equal to sum of extracted stratified data."
"Fourth National Tuberculosis Prevalence Survey Report (2017-2018) Myanmar",26864,"n.abnormal.xray.age.grp.total","Extracted total is not equal to sum of extracted stratified data."
"Lesotho Tuberculosis Prevalence Survey",26862,"n.abnormal.xray.age.grp.total","Extracted total is not equal to sum of extracted stratified data."
"Report of DPRK National TB
Prevalence Survey
(2015–2016)",26861,"n.abnormal.xray.age.grp.total","Extracted total is not equal to sum of extracted stratified data."
"Results from the national TB prevalence survey of Indonesia",26858,"n.abnormal.xray.age.grp.total","Extracted total is not equal to sum of extracted stratified data."
"Estimation of the burden of bacteriologically positive Tuberculosis among Adults in Kashmir: A baseline for future surveys in the Valley",26237,"n.abnormal.xray.age.grp.total","Extracted total is not equal to sum of extracted stratified data."
"The second national tuberculosis prevalence survey in Vietnam",24644,"n.abnormal.xray.age.grp.total","Extracted total is not equal to sum of extracted stratified data."
"National population-based tuberculosis prevalence survey in Ghana, 2013",21508,"n.abnormal.xray.age.grp.total","Extracted total is not equal to sum of extracted stratified data."
"A tuberculosis nationwide prevalence survey in Gambia, 2012",20811,"n.abnormal.xray.age.grp.total","Extracted total is not equal to sum of extracted stratified data."
NA,NA,"n.abnormal.xray.total","Difference in extracted totals are greater than 5%

                                                                  across stratifications of data.

                                                                  Check all totals against each other."
NA,NA,"n.abnormal.xray.total","Difference in extracted totals are greater than 5%

                                                                  across stratifications of data.

                                                                  Check all totals against each other."
NA,NA,"n.abnormal.xray.total","Difference in extracted totals are greater than 5%

                                                                  across stratifications of data.

                                                                  Check all totals against each other."
NA,NA,"n.abnormal.xray.total","Difference in extracted totals are greater than 5%

                                                                  across stratifications of data.

                                                                  Check all totals against each other."
NA,NA,"n.abnormal.xray.total","Difference in extracted totals are greater than 5%

                                                                  across stratifications of data.

                                                                  Check all totals against each other."
NA,NA,"n.abnormal.xray.total","Difference in extracted totals are greater than 5%

                                                                  across stratifications of data.

                                                                  Check all totals against each other."
NA,NA,"n.abnormal.xray.total","Difference in extracted totals are greater than 5%

                                                                  across stratifications of data.

                                                                  Check all totals against each other."
"Prevalent infectious tuberculosis in Harare, Zimbabwe: burden, risk factors and implications for control",26886,"n.sputum.sample.sex.total","Extracted total is not equal to sum of extracted stratified data."
"Effect of household and community interventions on the burden of tuberculosis in southern Africa: the ZAMSTAR community-randomised trial",26875,"n.sputum.sample.sex.total","Extracted total is not equal to sum of extracted stratified data."
"The Uganda National Tuberculosis Prevalence Survey, 2014-2015",26870,"n.sputum.sample.rurality.total","Extracted total is not equal to sum of extracted stratified data."
"SUDAN TB PREVALENCE SURVEY REPORT 2013 – 2014",26989,"n.sputum.sample.age.grp.total","Extracted total is not equal to sum of extracted stratified data."
"Declining tuberculosis prevalence in Saharia, a particularly vulnerable tribal community in Central India: evidences for action (2015 survey)",26980,"n.sputum.sample.age.grp.total","Extracted total is not equal to sum of extracted stratified data."
"Active detection of tuberculosis and paragonimiasis in the remote areas in North-Eastern India using cough as a simple indicator (ASSAM)",26979,"n.sputum.sample.age.grp.total","Extracted total is not equal to sum of extracted stratified data."
"Findings from the First Malawi TB Prevalence Survey",26969,"n.sputum.sample.age.grp.total","Extracted total is not equal to sum of extracted stratified data."
"Changes in pulmonary tuberculosis prevalence: Evidence from the 2010 population survey in a populous province of China",26951,"n.sputum.sample.age.grp.total","Extracted total is not equal to sum of extracted stratified data."
"Tuberculosis prevalence in China, 1990-2010; a longitudinal analysis of national survey data",26949,"n.sputum.sample.age.grp.total","Extracted total is not equal to sum of extracted stratified data."
"The 1997 nationwide tuberculosis prevalence survey in the Philippines",26946,"n.sputum.sample.age.grp.total","Extracted total is not equal to sum of extracted stratified data."
"Do women with tuberculosis have a lower likelihood of getting diagnosed? Prevalence and case detection of sputum smear positive pulmonary TB, a population-based study from Vietnam",26943,"n.sputum.sample.age.grp.total","Extracted total is not equal to sum of extracted stratified data."
"Two-thirds of smear-positive tuberculosis cases in the community were undiagnosed in Northwest Ethiopia: population based cross-sectional study",26942,"n.sputum.sample.age.grp.total","Extracted total is not equal to sum of extracted stratified data."
"Prevalence of tuberculosis in Faridabad district, Haryana State, India",26939,"n.sputum.sample.age.grp.total","Extracted total is not equal to sum of extracted stratified data."
"Yield of undetected tuberculosis and human immunodeficiency virus coinfection from active case finding in urban Uganda",26936,"n.sputum.sample.age.grp.total","Extracted total is not equal to sum of extracted stratified data."
"Pulmonary tuberculosis in an indigenous community in the mountains of Ecuador",26933,"n.sputum.sample.age.grp.total","Extracted total is not equal to sum of extracted stratified data."
"Active detection of tuberculosis and paragonimiasis in the remote areas in North-Eastern India using cough as a simple indicator",26932,"n.sputum.sample.age.grp.total","Extracted total is not equal to sum of extracted stratified data."
"Prevalence of pulmonary tuberculosis among the Bharia, a primitive tribe of Madhya Pradesh, central India",26930,"n.sputum.sample.age.grp.total","Extracted total is not equal to sum of extracted stratified data."
"The prevalence of HIV among adults with pulmonary TB at a population level in Zambia",26918,"n.sputum.sample.age.grp.total","Extracted total is not equal to sum of extracted stratified data."
"Report on national TB prevalence survey 2009-2010, Myanmar",26915,"n.sputum.sample.age.grp.total","Extracted total is not equal to sum of extracted stratified data."
"The first population-based national tuberculosis prevalence survey in Ethiopia, 2010-2011",26913,"n.sputum.sample.age.grp.total","Extracted total is not equal to sum of extracted stratified data."
"Cross-sectional studies of tuberculosis prevalence in Cambodia between 2002 and 2011",26910,"n.sputum.sample.age.grp.total","Extracted total is not equal to sum of extracted stratified data."
"The first national TB prevalence survey of Lao PDR (2010-2011)",26905,"n.sputum.sample.age.grp.total","Extracted total is not equal to sum of extracted stratified data."
"A baseline survey of the prevalence of tuberculosis in a community in south India at the commencement of a DOTS programme",26893,"n.sputum.sample.age.grp.total","Extracted total is not equal to sum of extracted stratified data."
"Prevalence of tuberculosis in Rwanda: Results of the first nationwide survey in 2012 yielded important lessons for TB control",26892,"n.sputum.sample.age.grp.total","Extracted total is not equal to sum of extracted stratified data."
"Epidemiology of tuberculosis in an urban slum of Dhaka City, Bangladesh",26878,"n.sputum.sample.age.grp.total","Extracted total is not equal to sum of extracted stratified data."
"Prevalence of pulmonary tuberculosis on the roof of the world",26874,"n.sputum.sample.age.grp.total","Extracted total is not equal to sum of extracted stratified data."
"NATIONAL TUBERCULOSIS PREVALENCE SURVEY REPORT, Nepal, 2018-19",26867,"n.sputum.sample.age.grp.total","Extracted total is not equal to sum of extracted stratified data."
"Eswatini National Tuberculosis Prevalence Survey Report, 2018-2019",26865,"n.sputum.sample.age.grp.total","Extracted total is not equal to sum of extracted stratified data."
"Fourth National Tuberculosis Prevalence Survey Report (2017-2018) Myanmar",26864,"n.sputum.sample.age.grp.total","Extracted total is not equal to sum of extracted stratified data."
"Lesotho Tuberculosis Prevalence Survey",26862,"n.sputum.sample.age.grp.total","Extracted total is not equal to sum of extracted stratified data."
"Report of DPRK National TB
Prevalence Survey
(2015–2016)",26861,"n.sputum.sample.age.grp.total","Extracted total is not equal to sum of extracted stratified data."
"KENYA TUBERCULOSIS PREVALENCE SURVEY",26860,"n.sputum.sample.age.grp.total","Extracted total is not equal to sum of extracted stratified data."
"Results from the national TB prevalence survey of Indonesia",26858,"n.sputum.sample.age.grp.total","Extracted total is not equal to sum of extracted stratified data."
"Declining tuberculosis prevalence in Saharia, a particularly vulnerable tribal community in Central India: evidences for action",25244,"n.sputum.sample.age.grp.total","Extracted total is not equal to sum of extracted stratified data."
"The second national tuberculosis prevalence survey in Vietnam",24644,"n.sputum.sample.age.grp.total","Extracted total is not equal to sum of extracted stratified data."
"Prevalence of pulmonary tuberculosis in western China in 2010-11: a population-based, cross-sectional survey",24214,"n.sputum.sample.age.grp.total","Extracted total is not equal to sum of extracted stratified data."
"Prevalence and Incidence of Smear-Positive Pulmonary Tuberculosis in the Hetosa District of Arsi Zone, Oromia Regional State of Central Ethiopia",22718,"n.sputum.sample.age.grp.total","Extracted total is not equal to sum of extracted stratified data."
"National population-based tuberculosis prevalence survey in Ghana, 2013",21508,"n.sputum.sample.age.grp.total","Extracted total is not equal to sum of extracted stratified data."
"A tuberculosis nationwide prevalence survey in Gambia, 2012",20811,"n.sputum.sample.age.grp.total","Extracted total is not equal to sum of extracted stratified data."
"Prevalence of pulmonary TB and spoligotype pattern of Mycobacterium tuberculosis among TB suspects in a rural community in Southwest Ethiopia",26890,"n.sputum.sample.total","Difference in extracted totals are greater than 5%

                                                                  across stratifications of data.

                                                                  Check all totals against each other."
NA,NA,"n.sputum.sample.total","Difference in extracted totals are greater than 5%

                                                                  across stratifications of data.

                                                                  Check all totals against each other."
"Changes in pulmonary tuberculosis prevalence: Evidence from the 2010 population survey in a populous province of China",26951,"n.radiologic.tb.age.grp.total","Extracted total is not equal to sum of extracted stratified data."
"Do women with tuberculosis have a lower likelihood of getting diagnosed? Prevalence and case detection of sputum smear positive pulmonary TB, a population-based study from Vietnam",26943,"n.radiologic.tb.age.grp.total","Extracted total is not equal to sum of extracted stratified data."
"Prevalence of tuberculosis in adolescents, western Kenya: implications for control programs",26924,"n.radiologic.tb.age.grp.total","Extracted total is not equal to sum of extracted stratified data."
"Sputum positive point prevalence survey (1994)",26916,"n.radiologic.tb.age.grp.total","Extracted total is not equal to sum of extracted stratified data."
"Cross-sectional studies of tuberculosis prevalence in Cambodia between 2002 and 2011",26910,"n.radiologic.tb.age.grp.total","Extracted total is not equal to sum of extracted stratified data."
"A baseline survey of the prevalence of tuberculosis in a community in south India at the commencement of a DOTS programme",26893,"n.radiologic.tb.age.grp.total","Extracted total is not equal to sum of extracted stratified data."
"Prevalence of tuberculosis in Rwanda: Results of the first nationwide survey in 2012 yielded important lessons for TB control",26892,"n.radiologic.tb.age.grp.total","Extracted total is not equal to sum of extracted stratified data."
"KENYA TUBERCULOSIS PREVALENCE SURVEY",26860,"n.radiologic.tb.age.grp.total","Extracted total is not equal to sum of extracted stratified data."
"First national TB prevalence survey 2012, Nigeria",26917,"n.bacteriological.tb.sex.total","Extracted total is not equal to sum of extracted stratified data."
"SURVEY FOR ASSESSING PREVALENCE OF PULMONARY TUBERCULOSIS CASES IN THE POPULATION BASED STATE OF GUJARAT, INDIA (2011-2012) Report on Population based survey to assess prevalence of pulmonary tuberculosis cases in the state of Gujarat, India (2011-12) Ded",26983,"n.bacteriological.tb.rurality.total","Extracted total is not equal to sum of extracted stratified data."
"NATIONAL TB PREVALENCE SURVEY
IN VIETNAM, 2006 - 2007 (DRAFT REPORT)",26973,"n.bacteriological.tb.rurality.total","Extracted total is not equal to sum of extracted stratified data."
"Lesotho Tuberculosis Prevalence Survey",26862,"n.bacteriological.tb.rurality.total","Extracted total is not equal to sum of extracted stratified data."
"Prevalence and Incidence of Smear-Positive Pulmonary Tuberculosis in the Hetosa District of Arsi Zone, Oromia Regional State of Central Ethiopia",22718,"n.bacteriological.tb.rurality.total","Extracted total is not equal to sum of extracted stratified data."
"Effect of household and community interventions on the burden of tuberculosis in southern Africa: the ZAMSTAR community-randomised trial",26875,"n.bacteriological.tb.hiv.total","Extracted total is not equal to sum of extracted stratified data."
"Lesotho Tuberculosis Prevalence Survey",26862,"n.bacteriological.tb.hiv.total","Extracted total is not equal to sum of extracted stratified data."
"SUDAN TB PREVALENCE SURVEY REPORT 2013 – 2014",26989,"n.bacteriological.tb.age.grp.total","Extracted total is not equal to sum of extracted stratified data."
"Declining tuberculosis prevalence in Saharia, a particularly vulnerable tribal community in Central India: evidences for action (2015 survey)",26980,"n.bacteriological.tb.age.grp.total","Extracted total is not equal to sum of extracted stratified data."
"National Tuberculosis Prevalence Survey in Thailand",26975,"n.bacteriological.tb.age.grp.total","Extracted total is not equal to sum of extracted stratified data."
"Tuberculosis prevalence in China, 1990-2010; a longitudinal analysis of national survey data",26949,"n.bacteriological.tb.age.grp.total","Extracted total is not equal to sum of extracted stratified data."
"Prevalence of tuberculosis in Faridabad district, Haryana State, India",26939,"n.bacteriological.tb.age.grp.total","Extracted total is not equal to sum of extracted stratified data."
"Prevalence of pulmonary tuberculosis among the Bharia, a primitive tribe of Madhya Pradesh, central India",26930,"n.bacteriological.tb.age.grp.total","Extracted total is not equal to sum of extracted stratified data."
"Prevalence of tuberculosis in adolescents, western Kenya: implications for control programs",26924,"n.bacteriological.tb.age.grp.total","Extracted total is not equal to sum of extracted stratified data."
"The Gambian survey of tuberculosis prevalence (GAMSTEP)",26920,"n.bacteriological.tb.age.grp.total","Extracted total is not equal to sum of extracted stratified data."
"Report of the national TB prevalence survey, 2002",26912,"n.bacteriological.tb.age.grp.total","Extracted total is not equal to sum of extracted stratified data."
"Cross-sectional studies of tuberculosis prevalence in Cambodia between 2002 and 2011",26910,"n.bacteriological.tb.age.grp.total","Extracted total is not equal to sum of extracted stratified data."
"Prevalence of tuberculosis in Rwanda: Results of the first nationwide survey in 2012 yielded important lessons for TB control",26892,"n.bacteriological.tb.age.grp.total","Extracted total is not equal to sum of extracted stratified data."
"Prevalence of pulmonary tuberculosis among adults in a rural sub-district of South India",26884,"n.bacteriological.tb.age.grp.total","Extracted total is not equal to sum of extracted stratified data."
"Effect of household and community interventions on the burden of tuberculosis in southern Africa: the ZAMSTAR community-randomised trial",26875,"n.bacteriological.tb.age.grp.total","Extracted total is not equal to sum of extracted stratified data."
"NATIONAL TUBERCULOSIS PREVALENCE SURVEY REPORT, Nepal, 2018-19",26867,"n.bacteriological.tb.age.grp.total","Extracted total is not equal to sum of extracted stratified data."
"Eswatini National Tuberculosis Prevalence Survey Report, 2018-2019",26865,"n.bacteriological.tb.age.grp.total","Extracted total is not equal to sum of extracted stratified data."
"KENYA TUBERCULOSIS PREVALENCE SURVEY",26860,"n.bacteriological.tb.age.grp.total","Extracted total is not equal to sum of extracted stratified data."
"Declining tuberculosis prevalence in Saharia, a particularly vulnerable tribal community in Central India: evidences for action",25244,"n.bacteriological.tb.age.grp.total","Extracted total is not equal to sum of extracted stratified data."
"Prevalence of pulmonary tuberculosis in western China in 2010-11: a population-based, cross-sectional survey",24214,"n.bacteriological.tb.age.grp.total","Extracted total is not equal to sum of extracted stratified data."
"Population-based screening for pulmonary tuberculosis utilizing community health workers in Ethiopia",24181,"n.bacteriological.tb.age.grp.total","Extracted total is not equal to sum of extracted stratified data."
"National population-based tuberculosis prevalence survey in Ghana, 2013",21508,"n.bacteriological.tb.age.grp.total","Extracted total is not equal to sum of extracted stratified data."
"A tuberculosis nationwide prevalence survey in Gambia, 2012",20811,"n.bacteriological.tb.age.grp.total","Extracted total is not equal to sum of extracted stratified data."
"Sub-national prevalence survey of tuberculosis in rural communities of Ethiopia",21934,"n.bacteriological.tb.total","Difference in extracted totals are greater than 5%

                                                                  across stratifications of data.

                                                                  Check all totals against each other."
NA,NA,"n.bacteriological.tb.total","Difference in extracted totals are greater than 5%

                                                                  across stratifications of data.

                                                                  Check all totals against each other."
NA,NA,"n.bacteriological.tb.total","Difference in extracted totals are greater than 5%

                                                                  across stratifications of data.

                                                                  Check all totals against each other."
NA,NA,"n.bacteriological.tb.total","Difference in extracted totals are greater than 5%

                                                                  across stratifications of data.

                                                                  Check all totals against each other."
"Effect of household and community interventions on the burden of tuberculosis in southern Africa: the ZAMSTAR community-randomised trial",26875,".hiv.total","HIV total is greater than rurality total for at least one value."
"Effect of household and community interventions on the burden of tuberculosis in southern Africa: the ZAMSTAR community-randomised trial",26875,".hiv.total","HIV total is greater than age.grp total for at least one value."
"Low tuberculosis notification in mountainous Vietnam is not due to low case detection: a cross-sectional survey",26948,"n.smear.positive.tb.sex.total","Extracted total is not equal to sum of extracted stratified data."
"Prevalence of pulmonary tuberculosis among the adult population in Pakistan 2010-2011",26928,"n.smear.positive.tb.sex.total","Extracted total is not equal to sum of extracted stratified data."
"Sputum positive point prevalence survey (1994)",26916,"n.smear.positive.tb.sex.total","Extracted total is not equal to sum of extracted stratified data."
"A survey of tuberculosis prevalence in Hanoi, Vietnam",26899,"n.smear.positive.tb.sex.total","Extracted total is not equal to sum of extracted stratified data."
"Declining tuberculosis prevalence in Saharia, a particularly vulnerable tribal community in Central India: evidences for action",25244,"n.smear.positive.tb.sex.total","Extracted total is not equal to sum of extracted stratified data."
"SURVEY FOR ASSESSING PREVALENCE OF PULMONARY TUBERCULOSIS CASES IN THE POPULATION BASED STATE OF GUJARAT, INDIA (2011-2012) Report on Population based survey to assess prevalence of pulmonary tuberculosis cases in the state of Gujarat, India (2011-12) Ded",26983,"n.smear.positive.tb.rurality.total","Extracted total is not equal to sum of extracted stratified data."
"NATIONAL TB PREVALENCE SURVEY
IN VIETNAM, 2006 - 2007 (DRAFT REPORT)",26973,"n.smear.positive.tb.rurality.total","Extracted total is not equal to sum of extracted stratified data."
"The first population-based national tuberculosis prevalence survey in Ethiopia, 2010-2011",26913,"n.smear.positive.tb.rurality.total","Extracted total is not equal to sum of extracted stratified data."
"Prevalent infectious tuberculosis in Harare, Zimbabwe: burden, risk factors and implications for control",26886,"n.smear.positive.tb.hiv.total","Extracted total is not equal to sum of extracted stratified data."
"Sub-national TB prevalence surveys in India, 2006-2012: Results of uniformly conducted data analysis (Age Stratification, Combined Sites)",26990,"n.smear.positive.tb.age.grp.total","Extracted total is not equal to sum of extracted stratified data."
"SUDAN TB PREVALENCE SURVEY REPORT 2013 – 2014",26989,"n.smear.positive.tb.age.grp.total","Extracted total is not equal to sum of extracted stratified data."
"Prevalence of pulmonary tuberculosis in Wardha district of Maharashtra, Central India",26982,"n.smear.positive.tb.age.grp.total","Extracted total is not equal to sum of extracted stratified data."
"Active detection of tuberculosis and paragonimiasis in the remote areas in North-Eastern India using cough as a simple indicator (ASSAM)",26979,"n.smear.positive.tb.age.grp.total","Extracted total is not equal to sum of extracted stratified data."
"National Tuberculosis Prevalence Survey in Thailand",26975,"n.smear.positive.tb.age.grp.total","Extracted total is not equal to sum of extracted stratified data."
"Tuberculosis prevalence in China, 1990-2010; a longitudinal analysis of national survey data",26949,"n.smear.positive.tb.age.grp.total","Extracted total is not equal to sum of extracted stratified data."
"The 1997 nationwide tuberculosis prevalence survey in the Philippines",26946,"n.smear.positive.tb.age.grp.total","Extracted total is not equal to sum of extracted stratified data."
"Yield of undetected tuberculosis and human immunodeficiency virus coinfection from active case finding in urban Uganda",26936,"n.smear.positive.tb.age.grp.total","Extracted total is not equal to sum of extracted stratified data."
"Pulmonary tuberculosis in an indigenous community in the mountains of Ecuador",26933,"n.smear.positive.tb.age.grp.total","Extracted total is not equal to sum of extracted stratified data."
"Active detection of tuberculosis and paragonimiasis in the remote areas in North-Eastern India using cough as a simple indicator",26932,"n.smear.positive.tb.age.grp.total","Extracted total is not equal to sum of extracted stratified data."
"Prevalence of pulmonary tuberculosis--a baseline survey in central India",26929,"n.smear.positive.tb.age.grp.total","Extracted total is not equal to sum of extracted stratified data."
"Prevalence of tuberculosis in adolescents, western Kenya: implications for control programs",26924,"n.smear.positive.tb.age.grp.total","Extracted total is not equal to sum of extracted stratified data."
"The Gambian survey of tuberculosis prevalence (GAMSTEP)",26920,"n.smear.positive.tb.age.grp.total","Extracted total is not equal to sum of extracted stratified data."
"Report of the national TB prevalence survey, 2002",26912,"n.smear.positive.tb.age.grp.total","Extracted total is not equal to sum of extracted stratified data."
"Cross-sectional studies of tuberculosis prevalence in Cambodia between 2002 and 2011",26910,"n.smear.positive.tb.age.grp.total","Extracted total is not equal to sum of extracted stratified data."
"Community-based prevalence of undiagnosed mycobacterial diseases in the Afar Region, north-east Ethiopia",26906,"n.smear.positive.tb.age.grp.total","Extracted total is not equal to sum of extracted stratified data."
"Burden of tuberculosis in Kampala, Uganda",26895,"n.smear.positive.tb.age.grp.total","Extracted total is not equal to sum of extracted stratified data."
"A baseline survey of the prevalence of tuberculosis in a community in south India at the commencement of a DOTS programme",26893,"n.smear.positive.tb.age.grp.total","Extracted total is not equal to sum of extracted stratified data."
"Prevalence of tuberculosis in Rwanda: Results of the first nationwide survey in 2012 yielded important lessons for TB control",26892,"n.smear.positive.tb.age.grp.total","Extracted total is not equal to sum of extracted stratified data."
"Prevalence of pulmonary tuberculosis among adults in a rural sub-district of South India",26884,"n.smear.positive.tb.age.grp.total","Extracted total is not equal to sum of extracted stratified data."
"Tuberculosis burden in an urban population: A cross sectional tuberculosis survey from Guinea Bissau",26883,"n.smear.positive.tb.age.grp.total","Extracted total is not equal to sum of extracted stratified data."
"Hyperendemic pulmonary tuberculosis in peri-urban areas of Karachi, Pakistan",26873,"n.smear.positive.tb.age.grp.total","Extracted total is not equal to sum of extracted stratified data."
"NATIONAL TUBERCULOSIS PREVALENCE SURVEY REPORT, Nepal, 2018-19",26867,"n.smear.positive.tb.age.grp.total","Extracted total is not equal to sum of extracted stratified data."
"Report of DPRK National TB
Prevalence Survey
(2015–2016)",26861,"n.smear.positive.tb.age.grp.total","Extracted total is not equal to sum of extracted stratified data."
"Estimation of the burden of bacteriologically positive Tuberculosis among Adults in Kashmir: A baseline for future surveys in the Valley",26237,"n.smear.positive.tb.age.grp.total","Extracted total is not equal to sum of extracted stratified data."
"Prevalence of pulmonary tuberculosis in western China in 2010-11: a population-based, cross-sectional survey",24214,"n.smear.positive.tb.age.grp.total","Extracted total is not equal to sum of extracted stratified data."
"Population-based screening for pulmonary tuberculosis utilizing community health workers in Ethiopia",24181,"n.smear.positive.tb.age.grp.total","Extracted total is not equal to sum of extracted stratified data."
"Prevalence of Bacteriologically-Confirmed Tuberculosis in Urban Blantyre, Malawi 2019-20: Substantial Decline Compared to 2013-14 National Survey",22290,"n.smear.positive.tb.age.grp.total","Extracted total is not equal to sum of extracted stratified data."
"National population-based tuberculosis prevalence survey in Ghana, 2013",21508,"n.smear.positive.tb.age.grp.total","Extracted total is not equal to sum of extracted stratified data."
"Persistent high prevalence of pulmonary tuberculosis in a resource-limited setting: threat to India's TB Free campaign",21428,"n.smear.positive.tb.age.grp.total","Extracted total is not equal to sum of extracted stratified data."
"A tuberculosis nationwide prevalence survey in Gambia, 2012",20811,"n.smear.positive.tb.age.grp.total","Extracted total is not equal to sum of extracted stratified data."
"Lesotho Tuberculosis Prevalence Survey",26862,"n.smear.positive.tb.total","Difference in extracted totals are greater than 5%

                                                                  across stratifications of data.

                                                                  Check all totals against each other."
NA,NA,"n.smear.positive.tb.total","Difference in extracted totals are greater than 5%

                                                                  across stratifications of data.

                                                                  Check all totals against each other."
"The first population-based national tuberculosis prevalence survey in Ethiopia, 2010-2011",26913,"n.culture.positive.tb.sex.total","Extracted total is not equal to sum of extracted stratified data."
"SURVEY FOR ASSESSING PREVALENCE OF PULMONARY TUBERCULOSIS CASES IN THE POPULATION BASED STATE OF GUJARAT, INDIA (2011-2012) Report on Population based survey to assess prevalence of pulmonary tuberculosis cases in the state of Gujarat, India (2011-12) Ded",26983,"n.culture.positive.tb.rurality.total","Extracted total is not equal to sum of extracted stratified data."
"NATIONAL TB PREVALENCE SURVEY
IN VIETNAM, 2006 - 2007 (DRAFT REPORT)",26973,"n.culture.positive.tb.rurality.total","Extracted total is not equal to sum of extracted stratified data."
"The first population-based national tuberculosis prevalence survey in Ethiopia, 2010-2011",26913,"n.culture.positive.tb.rurality.total","Extracted total is not equal to sum of extracted stratified data."
"Prevalence and Incidence of Smear-Positive Pulmonary Tuberculosis in the Hetosa District of Arsi Zone, Oromia Regional State of Central Ethiopia",22718,"n.culture.positive.tb.rurality.total","Extracted total is not equal to sum of extracted stratified data."
"Prevalent infectious tuberculosis in Harare, Zimbabwe: burden, risk factors and implications for control",26886,"n.culture.positive.tb.hiv.total","Extracted total is not equal to sum of extracted stratified data."
"Sub-national TB prevalence surveys in India, 2006-2012: Results of uniformly conducted data analysis (Age Stratification, Combined Sites)",26990,"n.culture.positive.tb.age.grp.total","Extracted total is not equal to sum of extracted stratified data."
"SUDAN TB PREVALENCE SURVEY REPORT 2013 – 2014",26989,"n.culture.positive.tb.age.grp.total","Extracted total is not equal to sum of extracted stratified data."
"Prevalence of pulmonary tuberculosis in Wardha district of Maharashtra, Central India",26982,"n.culture.positive.tb.age.grp.total","Extracted total is not equal to sum of extracted stratified data."
"Effect of household and community interventions on the burden of tuberculosis in southern Africa: the ZAMSTAR community-randomised trial (SOUTH AFRICA / COMMUNITY B)",26978,"n.culture.positive.tb.age.grp.total","Extracted total is not equal to sum of extracted stratified data."
"Prevalence of smear-positive tuberculosis in persons aged >/= 15 years in Bangladesh: results from a national survey, 2007-2009",26956,"n.culture.positive.tb.age.grp.total","Extracted total is not equal to sum of extracted stratified data."
"Changes in pulmonary tuberculosis prevalence: Evidence from the 2010 population survey in a populous province of China",26951,"n.culture.positive.tb.age.grp.total","Extracted total is not equal to sum of extracted stratified data."
"The 1997 nationwide tuberculosis prevalence survey in the Philippines",26946,"n.culture.positive.tb.age.grp.total","Extracted total is not equal to sum of extracted stratified data."
"Yield of undetected tuberculosis and human immunodeficiency virus coinfection from active case finding in urban Uganda",26936,"n.culture.positive.tb.age.grp.total","Extracted total is not equal to sum of extracted stratified data."
"Prevalence of pulmonary tuberculosis--a baseline survey in central India",26929,"n.culture.positive.tb.age.grp.total","Extracted total is not equal to sum of extracted stratified data."
"Prevalence of tuberculosis in adolescents, western Kenya: implications for control programs",26924,"n.culture.positive.tb.age.grp.total","Extracted total is not equal to sum of extracted stratified data."
"The Gambian survey of tuberculosis prevalence (GAMSTEP)",26920,"n.culture.positive.tb.age.grp.total","Extracted total is not equal to sum of extracted stratified data."
"Report of the national TB prevalence survey, 2002",26912,"n.culture.positive.tb.age.grp.total","Extracted total is not equal to sum of extracted stratified data."
"Cross-sectional studies of tuberculosis prevalence in Cambodia between 2002 and 2011",26910,"n.culture.positive.tb.age.grp.total","Extracted total is not equal to sum of extracted stratified data."
"Burden of tuberculosis in Kampala, Uganda",26895,"n.culture.positive.tb.age.grp.total","Extracted total is not equal to sum of extracted stratified data."
"A baseline survey of the prevalence of tuberculosis in a community in south India at the commencement of a DOTS programme",26893,"n.culture.positive.tb.age.grp.total","Extracted total is not equal to sum of extracted stratified data."
"Prevalence of tuberculosis in Rwanda: Results of the first nationwide survey in 2012 yielded important lessons for TB control",26892,"n.culture.positive.tb.age.grp.total","Extracted total is not equal to sum of extracted stratified data."
"Prevalence of pulmonary tuberculosis among adults in a rural sub-district of South India",26884,"n.culture.positive.tb.age.grp.total","Extracted total is not equal to sum of extracted stratified data."
"Hyperendemic pulmonary tuberculosis in peri-urban areas of Karachi, Pakistan",26873,"n.culture.positive.tb.age.grp.total","Extracted total is not equal to sum of extracted stratified data."
"NATIONAL TUBERCULOSIS PREVALENCE SURVEY 2016, PHILIPPINES",26868,"n.culture.positive.tb.age.grp.total","Extracted total is not equal to sum of extracted stratified data."
"NATIONAL TUBERCULOSIS PREVALENCE SURVEY REPORT, Nepal, 2018-19",26867,"n.culture.positive.tb.age.grp.total","Extracted total is not equal to sum of extracted stratified data."
"REPORT OF THE FIRST NATIONAL
TUBERCULOSIS PREVALENCE SURVEY
IN MONGOLIA
2014-2015",26866,"n.culture.positive.tb.age.grp.total","Extracted total is not equal to sum of extracted stratified data."
"Eswatini National Tuberculosis Prevalence Survey Report, 2018-2019",26865,"n.culture.positive.tb.age.grp.total","Extracted total is not equal to sum of extracted stratified data."
"Lesotho Tuberculosis Prevalence Survey",26862,"n.culture.positive.tb.age.grp.total","Extracted total is not equal to sum of extracted stratified data."
"Report of DPRK National TB
Prevalence Survey
(2015–2016)",26861,"n.culture.positive.tb.age.grp.total","Extracted total is not equal to sum of extracted stratified data."
"National Tuberculosis Prevalence Survey, Bangladesh
2015-2016
National",26859,"n.culture.positive.tb.age.grp.total","Extracted total is not equal to sum of extracted stratified data."
"Results from the national TB prevalence survey of Indonesia",26858,"n.culture.positive.tb.age.grp.total","Extracted total is not equal to sum of extracted stratified data."
"The First National TB Prevalence Survey | South Africa 2018",26856,"n.culture.positive.tb.age.grp.total","Extracted total is not equal to sum of extracted stratified data."
"The second national tuberculosis prevalence survey in Vietnam",24644,"n.culture.positive.tb.age.grp.total","Extracted total is not equal to sum of extracted stratified data."
"Prevalence of pulmonary tuberculosis in western China in 2010-11: a population-based, cross-sectional survey",24214,"n.culture.positive.tb.age.grp.total","Extracted total is not equal to sum of extracted stratified data."
"Population-based screening for pulmonary tuberculosis utilizing community health workers in Ethiopia",24181,"n.culture.positive.tb.age.grp.total","Extracted total is not equal to sum of extracted stratified data."
"National population-based tuberculosis prevalence survey in Ghana, 2013",21508,"n.culture.positive.tb.age.grp.total","Extracted total is not equal to sum of extracted stratified data."
"Persistent high prevalence of pulmonary tuberculosis in a resource-limited setting: threat to India's TB Free campaign",21428,"n.culture.positive.tb.age.grp.total","Extracted total is not equal to sum of extracted stratified data."
"A tuberculosis nationwide prevalence survey in Gambia, 2012",20811,"n.culture.positive.tb.age.grp.total","Extracted total is not equal to sum of extracted stratified data."
"Burden of Pulmonary Tuberculosis among Tribal Population: A Cross-sectional Study in Tribal Areas of Maharashtra, India",25143,"n.culture.positive.tb.total","Difference in extracted totals are greater than 5%

                                                                  across stratifications of data.

                                                                  Check all totals against each other."
NA,NA,"n.culture.positive.tb.total","Difference in extracted totals are greater than 5%

                                                                  across stratifications of data.

                                                                  Check all totals against each other."
NA,NA,"n.culture.positive.tb.total","Difference in extracted totals are greater than 5%

                                                                  across stratifications of data.

                                                                  Check all totals against each other."
NA,NA,"n.culture.positive.tb.total","Difference in extracted totals are greater than 5%

                                                                  across stratifications of data.

                                                                  Check all totals against each other."
"Low tuberculosis notification in mountainous Vietnam is not due to low case detection: a cross-sectional survey",26948,"n.prevalent.tb.sex.total","Extracted total is not equal to sum of extracted stratified data."
"Burden of tuberculosis in Kampala, Uganda",26895,"n.prevalent.tb.sex.total","Extracted total is not equal to sum of extracted stratified data."
"Prevalent infectious tuberculosis in Harare, Zimbabwe: burden, risk factors and implications for control",26886,"n.prevalent.tb.hiv.total","Extracted total is not equal to sum of extracted stratified data."
"Prevalence of sputum smear-positive tuberculosis in a rural area in Bangladesh",26957,"n.prevalent.tb.age.grp.total","Extracted total is not equal to sum of extracted stratified data."
"Tuberculosis prevalence in China, 1990-2010; a longitudinal analysis of national survey data",26949,"n.prevalent.tb.age.grp.total","Extracted total is not equal to sum of extracted stratified data."
"The 1997 nationwide tuberculosis prevalence survey in the Philippines",26946,"n.prevalent.tb.age.grp.total","Extracted total is not equal to sum of extracted stratified data."
"Prevalence of tuberculosis in adolescents, western Kenya: implications for control programs",26924,"n.prevalent.tb.age.grp.total","Extracted total is not equal to sum of extracted stratified data."
"Report of the national TB prevalence survey, 2002",26912,"n.prevalent.tb.age.grp.total","Extracted total is not equal to sum of extracted stratified data."
"Burden of tuberculosis in Kampala, Uganda",26895,"n.prevalent.tb.age.grp.total","Extracted total is not equal to sum of extracted stratified data."
"Tuberculosis burden in an urban population: A cross sectional tuberculosis survey from Guinea Bissau",26883,"n.prevalent.tb.age.grp.total","Extracted total is not equal to sum of extracted stratified data."
"Epidemiology of tuberculosis in an urban slum of Dhaka City, Bangladesh",26878,"n.prevalent.tb.age.grp.total","Extracted total is not equal to sum of extracted stratified data."
"Lesotho Tuberculosis Prevalence Survey",26862,"n.prevalent.tb.age.grp.total","Extracted total is not equal to sum of extracted stratified data."
"National population-based tuberculosis prevalence survey in Ghana, 2013",21508,"n.prevalent.tb.age.grp.total","Extracted total is not equal to sum of extracted stratified data."
"Prevalence and incidence of symptomatic pulmonary tuberculosis based on repeated population screening in a district in Ethiopia: a prospective cohort study",21313,"n.prevalent.tb.age.grp.total","Extracted total is not equal to sum of extracted stratified data."
"A tuberculosis nationwide prevalence survey in Gambia, 2012",20811,"n.prevalent.tb.age.grp.total","Extracted total is not equal to sum of extracted stratified data."
"Community-based prevalence of undiagnosed mycobacterial diseases in the Afar Region, north-east Ethiopia",26906,"n.prevalent.tb.total","Difference in extracted totals are greater than 5%

                                                                  across stratifications of data.

                                                                  Check all totals against each other."
"The first national TB prevalence survey of Lao PDR (2010-2011)",26905,"n.prevalent.tb.total","Difference in extracted totals are greater than 5%

                                                                  across stratifications of data.

                                                                  Check all totals against each other."
NA,NA,"n.prevalent.tb.total","Difference in extracted totals are greater than 5%

                                                                  across stratifications of data.

                                                                  Check all totals against each other."
NA,NA,"n.prevalent.tb.total","Difference in extracted totals are greater than 5%

                                                                  across stratifications of data.

                                                                  Check all totals against each other."
NA,NA,"n.prevalent.tb.total","Difference in extracted totals are greater than 5%

                                                                  across stratifications of data.

                                                                  Check all totals against each other."
NA,NA,"n.prevalent.tb.total","Difference in extracted totals are greater than 5%

                                                                  across stratifications of data.

                                                                  Check all totals against each other."
"SURVEY FOR ASSESSING PREVALENCE OF PULMONARY TUBERCULOSIS CASES IN THE POPULATION BASED STATE OF GUJARAT, INDIA (2011-2012) Report on Population based survey to assess prevalence of pulmonary tuberculosis cases in the state of Gujarat, India (2011-12) Ded",26983,"prev100k.bacteriological.tb.sex.total","bacteriological tb prevalence total is greater than 10% different than calculated prevalence 100k."
"Prevalence of pulmonary tuberculosis in Wardha district of Maharashtra, Central India",26982,"prev100k.bacteriological.tb.sex.total","bacteriological tb prevalence total is greater than 10% different than calculated prevalence 100k."
"Declining tuberculosis prevalence in Saharia, a particularly vulnerable tribal community in Central India: evidences for action (2015 survey)",26980,"prev100k.bacteriological.tb.sex.total","bacteriological tb prevalence total is greater than 10% different than calculated prevalence 100k."
"Effect of household and community interventions on the burden of tuberculosis in southern Africa: the ZAMSTAR community-randomised trial (SOUTH AFRICA / COMMUNITY B)",26978,"prev100k.bacteriological.tb.sex.total","bacteriological tb prevalence total is greater than 10% different than calculated prevalence 100k."
"Changes in pulmonary tuberculosis prevalence: Evidence from the 2010 population survey in a populous province of China",26951,"prev100k.bacteriological.tb.sex.total","bacteriological tb prevalence total is greater than 10% different than calculated prevalence 100k."
"Analysis of tuberculosis screening results in six remove villages in Yunnan Province",26950,"prev100k.bacteriological.tb.sex.total","bacteriological tb prevalence total is greater than 10% different than calculated prevalence 100k."
"Prevalence of tuberculosis in Faridabad district, Haryana State, India",26939,"prev100k.bacteriological.tb.sex.total","bacteriological tb prevalence total is greater than 10% different than calculated prevalence 100k."
"Pulmonary tuberculosis: a public health problem amongst the Saharia, a primitive tribe of Madhya Pradesh, Central India",26931,"prev100k.bacteriological.tb.sex.total","bacteriological tb prevalence total is greater than 10% different than calculated prevalence 100k."
"Prevalence of pulmonary tuberculosis--a baseline survey in central India",26929,"prev100k.bacteriological.tb.sex.total","bacteriological tb prevalence total is greater than 10% different than calculated prevalence 100k."
"Prevalence of pulmonary tuberculosis among the adult population in Pakistan 2010-2011",26928,"prev100k.bacteriological.tb.sex.total","bacteriological tb prevalence total is greater than 10% different than calculated prevalence 100k."
"The Gambian survey of tuberculosis prevalence (GAMSTEP)",26920,"prev100k.bacteriological.tb.sex.total","bacteriological tb prevalence total is greater than 10% different than calculated prevalence 100k."
"The first population-based national tuberculosis prevalence survey in Ethiopia, 2010-2011",26913,"prev100k.bacteriological.tb.sex.total","bacteriological tb prevalence total is greater than 10% different than calculated prevalence 100k."
"Report of the national TB prevalence survey, 2002",26912,"prev100k.bacteriological.tb.sex.total","bacteriological tb prevalence total is greater than 10% different than calculated prevalence 100k."
"The first national TB prevalence survey of Lao PDR (2010-2011)",26905,"prev100k.bacteriological.tb.sex.total","bacteriological tb prevalence total is greater than 10% different than calculated prevalence 100k."
"Prevalence and risk factors for adult pulmonary tuberculosis in a metropolitan city of south India",26891,"prev100k.bacteriological.tb.sex.total","bacteriological tb prevalence total is greater than 10% different than calculated prevalence 100k."
"Prevalence of pulmonary TB and spoligotype pattern of Mycobacterium tuberculosis among TB suspects in a rural community in Southwest Ethiopia",26890,"prev100k.bacteriological.tb.sex.total","bacteriological tb prevalence total is greater than 10% different than calculated prevalence 100k."
"Prevalence of pulmonary tuberculosis among adults in a rural sub-district of South India",26884,"prev100k.bacteriological.tb.sex.total","bacteriological tb prevalence total is greater than 10% different than calculated prevalence 100k."
"Prevalence of pulmonary tuberculosis amongst the tribal population of Madhya Pradesh, Central India",26882,"prev100k.bacteriological.tb.sex.total","bacteriological tb prevalence total is greater than 10% different than calculated prevalence 100k."
"Tuberculosis among the Xavante Indians of the Brazilian Amazon: an epidemiological and ethnographic assessment",26880,"prev100k.bacteriological.tb.sex.total","bacteriological tb prevalence total is greater than 10% different than calculated prevalence 100k."
"Prevalence of pulmonary tuberculosis among adults in a north Indian district",26872,"prev100k.bacteriological.tb.sex.total","bacteriological tb prevalence total is greater than 10% different than calculated prevalence 100k."
"Namibia Tuberculosis disease prevalence survey, 2017-2018",26869,"prev100k.bacteriological.tb.sex.total","bacteriological tb prevalence total is greater than 10% different than calculated prevalence 100k."
"REPORT OF THE FIRST NATIONAL
TUBERCULOSIS PREVALENCE SURVEY
IN MONGOLIA
2014-2015",26866,"prev100k.bacteriological.tb.sex.total","bacteriological tb prevalence total is greater than 10% different than calculated prevalence 100k."
"Eswatini National Tuberculosis Prevalence Survey Report, 2018-2019",26865,"prev100k.bacteriological.tb.sex.total","bacteriological tb prevalence total is greater than 10% different than calculated prevalence 100k."
"Recurrence of pulmonary tuberculosis in India: Findings from the 2019-2021 nationwide community-based TB prevalence survey",26863,"prev100k.bacteriological.tb.sex.total","bacteriological tb prevalence total is greater than 10% different than calculated prevalence 100k."
"Lesotho Tuberculosis Prevalence Survey",26862,"prev100k.bacteriological.tb.sex.total","bacteriological tb prevalence total is greater than 10% different than calculated prevalence 100k."
"Report of DPRK National TB
Prevalence Survey
(2015–2016)",26861,"prev100k.bacteriological.tb.sex.total","bacteriological tb prevalence total is greater than 10% different than calculated prevalence 100k."
"The Zimbabwe National Population based Tuberculosis Prevalence Survey",26857,"prev100k.bacteriological.tb.sex.total","bacteriological tb prevalence total is greater than 10% different than calculated prevalence 100k."
"Prevalence and risk factors of active pulmonary tuberculosis among elderly people in China: a population based cross-sectional study",26740,"prev100k.bacteriological.tb.sex.total","bacteriological tb prevalence total is greater than 10% different than calculated prevalence 100k."
"Declining tuberculosis prevalence in Saharia, a particularly vulnerable tribal community in Central India: evidences for action",25244,"prev100k.bacteriological.tb.sex.total","bacteriological tb prevalence total is greater than 10% different than calculated prevalence 100k."
"The second national tuberculosis prevalence survey in Vietnam",24644,"prev100k.bacteriological.tb.sex.total","bacteriological tb prevalence total is greater than 10% different than calculated prevalence 100k."
"Prevalence of pulmonary tuberculosis in western China in 2010-11: a population-based, cross-sectional survey",24214,"prev100k.bacteriological.tb.sex.total","bacteriological tb prevalence total is greater than 10% different than calculated prevalence 100k."
"Population-based screening for pulmonary tuberculosis utilizing community health workers in Ethiopia",24181,"prev100k.bacteriological.tb.sex.total","bacteriological tb prevalence total is greater than 10% different than calculated prevalence 100k."
"Prevalence and Incidence of Smear-Positive Pulmonary Tuberculosis in the Hetosa District of Arsi Zone, Oromia Regional State of Central Ethiopia",22718,"prev100k.bacteriological.tb.sex.total","bacteriological tb prevalence total is greater than 10% different than calculated prevalence 100k."
"Prevalence of Bacteriologically-Confirmed Tuberculosis in Urban Blantyre, Malawi 2019-20: Substantial Decline Compared to 2013-14 National Survey",22290,"prev100k.bacteriological.tb.sex.total","bacteriological tb prevalence total is greater than 10% different than calculated prevalence 100k."
"Prevalence of bacteriologically confirmed pulmonary tuberculosis and associated risk factors: A community survey in Thirvallur District, south India",22089,"prev100k.bacteriological.tb.sex.total","bacteriological tb prevalence total is greater than 10% different than calculated prevalence 100k."
"Persistent high prevalence of pulmonary tuberculosis in a resource-limited setting: threat to India's TB Free campaign",21428,"prev100k.bacteriological.tb.sex.total","bacteriological tb prevalence total is greater than 10% different than calculated prevalence 100k."
"Prevalence and incidence of symptomatic pulmonary tuberculosis based on repeated population screening in a district in Ethiopia: a prospective cohort study",21313,"prev100k.bacteriological.tb.sex.total","bacteriological tb prevalence total is greater than 10% different than calculated prevalence 100k."
"SURVEY FOR ASSESSING PREVALENCE OF PULMONARY TUBERCULOSIS CASES IN THE POPULATION BASED STATE OF GUJARAT, INDIA (2011-2012) Report on Population based survey to assess prevalence of pulmonary tuberculosis cases in the state of Gujarat, India (2011-12) Ded",26983,"prev100k.bacteriological.tb.rurality.total","bacteriological tb prevalence total is greater than 10% different than calculated prevalence 100k."
"Prevalence of pulmonary tuberculosis in Wardha district of Maharashtra, Central India",26982,"prev100k.bacteriological.tb.rurality.total","bacteriological tb prevalence total is greater than 10% different than calculated prevalence 100k."
"Changes in pulmonary tuberculosis prevalence: Evidence from the 2010 population survey in a populous province of China",26951,"prev100k.bacteriological.tb.rurality.total","bacteriological tb prevalence total is greater than 10% different than calculated prevalence 100k."
"Prevalence of tuberculosis in Faridabad district, Haryana State, India",26939,"prev100k.bacteriological.tb.rurality.total","bacteriological tb prevalence total is greater than 10% different than calculated prevalence 100k."
"Prevalence of pulmonary tuberculosis--a baseline survey in central India",26929,"prev100k.bacteriological.tb.rurality.total","bacteriological tb prevalence total is greater than 10% different than calculated prevalence 100k."
"Prevalence of pulmonary tuberculosis among the adult population in Pakistan 2010-2011",26928,"prev100k.bacteriological.tb.rurality.total","bacteriological tb prevalence total is greater than 10% different than calculated prevalence 100k."
"Prevalence of tuberculosis in adolescents, western Kenya: implications for control programs",26924,"prev100k.bacteriological.tb.rurality.total","bacteriological tb prevalence total is greater than 10% different than calculated prevalence 100k."
"The Gambian survey of tuberculosis prevalence (GAMSTEP)",26920,"prev100k.bacteriological.tb.rurality.total","bacteriological tb prevalence total is greater than 10% different than calculated prevalence 100k."
"The first population-based national tuberculosis prevalence survey in Ethiopia, 2010-2011",26913,"prev100k.bacteriological.tb.rurality.total","bacteriological tb prevalence total is greater than 10% different than calculated prevalence 100k."
"The first national TB prevalence survey of Lao PDR (2010-2011)",26905,"prev100k.bacteriological.tb.rurality.total","bacteriological tb prevalence total is greater than 10% different than calculated prevalence 100k."
"Population-based prevalence survey of tuberculosis in the Tigray region of Ethiopia",26881,"prev100k.bacteriological.tb.rurality.total","bacteriological tb prevalence total is greater than 10% different than calculated prevalence 100k."
"Prevalence of pulmonary tuberculosis among adults in a north Indian district",26872,"prev100k.bacteriological.tb.rurality.total","bacteriological tb prevalence total is greater than 10% different than calculated prevalence 100k."
"Namibia Tuberculosis disease prevalence survey, 2017-2018",26869,"prev100k.bacteriological.tb.rurality.total","bacteriological tb prevalence total is greater than 10% different than calculated prevalence 100k."
"REPORT OF THE FIRST NATIONAL
TUBERCULOSIS PREVALENCE SURVEY
IN MONGOLIA
2014-2015",26866,"prev100k.bacteriological.tb.rurality.total","bacteriological tb prevalence total is greater than 10% different than calculated prevalence 100k."
"Eswatini National Tuberculosis Prevalence Survey Report, 2018-2019",26865,"prev100k.bacteriological.tb.rurality.total","bacteriological tb prevalence total is greater than 10% different than calculated prevalence 100k."
"Lesotho Tuberculosis Prevalence Survey",26862,"prev100k.bacteriological.tb.rurality.total","bacteriological tb prevalence total is greater than 10% different than calculated prevalence 100k."
"Report of DPRK National TB
Prevalence Survey
(2015–2016)",26861,"prev100k.bacteriological.tb.rurality.total","bacteriological tb prevalence total is greater than 10% different than calculated prevalence 100k."
"The Zimbabwe National Population based Tuberculosis Prevalence Survey",26857,"prev100k.bacteriological.tb.rurality.total","bacteriological tb prevalence total is greater than 10% different than calculated prevalence 100k."
"Prevalence and risk factors of active pulmonary tuberculosis among elderly people in China: a population based cross-sectional study",26740,"prev100k.bacteriological.tb.rurality.total","bacteriological tb prevalence total is greater than 10% different than calculated prevalence 100k."
"The second national tuberculosis prevalence survey in Vietnam",24644,"prev100k.bacteriological.tb.rurality.total","bacteriological tb prevalence total is greater than 10% different than calculated prevalence 100k."
"Prevalence of pulmonary tuberculosis in western China in 2010-11: a population-based, cross-sectional survey",24214,"prev100k.bacteriological.tb.rurality.total","bacteriological tb prevalence total is greater than 10% different than calculated prevalence 100k."
"Prevalence and Incidence of Smear-Positive Pulmonary Tuberculosis in the Hetosa District of Arsi Zone, Oromia Regional State of Central Ethiopia",22718,"prev100k.bacteriological.tb.rurality.total","bacteriological tb prevalence total is greater than 10% different than calculated prevalence 100k."
"Lesotho Tuberculosis Prevalence Survey",26862,"prev100k.bacteriological.tb.hiv.total","bacteriological tb prevalence total is greater than 10% different than calculated prevalence 100k."
"Prevalence of Bacteriologically-Confirmed Tuberculosis in Urban Blantyre, Malawi 2019-20: Substantial Decline Compared to 2013-14 National Survey",22290,"prev100k.bacteriological.tb.hiv.total","bacteriological tb prevalence total is greater than 10% different than calculated prevalence 100k."
"Sub-national TB prevalence surveys in India, 2006-2012: Results of uniformly conducted data analysis (Age Stratification, Combined Sites)",26990,"prev100k.bacteriological.tb.age.grp.total","bacteriological tb prevalence total is greater than 10% different than calculated prevalence 100k."
"SURVEY FOR ASSESSING PREVALENCE OF PULMONARY TUBERCULOSIS CASES IN THE POPULATION BASED STATE OF GUJARAT, INDIA (2011-2012) Report on Population based survey to assess prevalence of pulmonary tuberculosis cases in the state of Gujarat, India (2011-12) Ded",26983,"prev100k.bacteriological.tb.age.grp.total","bacteriological tb prevalence total is greater than 10% different than calculated prevalence 100k."
"Prevalence of pulmonary tuberculosis in Wardha district of Maharashtra, Central India",26982,"prev100k.bacteriological.tb.age.grp.total","bacteriological tb prevalence total is greater than 10% different than calculated prevalence 100k."
"Declining tuberculosis prevalence in Saharia, a particularly vulnerable tribal community in Central India: evidences for action (2015 survey)",26980,"prev100k.bacteriological.tb.age.grp.total","bacteriological tb prevalence total is greater than 10% different than calculated prevalence 100k."
"Changes in pulmonary tuberculosis prevalence: Evidence from the 2010 population survey in a populous province of China",26951,"prev100k.bacteriological.tb.age.grp.total","bacteriological tb prevalence total is greater than 10% different than calculated prevalence 100k."
"Prevalence of pulmonary tuberculosis among the Bharia, a primitive tribe of Madhya Pradesh, central India",26930,"prev100k.bacteriological.tb.age.grp.total","bacteriological tb prevalence total is greater than 10% different than calculated prevalence 100k."
"Prevalence of pulmonary tuberculosis--a baseline survey in central India",26929,"prev100k.bacteriological.tb.age.grp.total","bacteriological tb prevalence total is greater than 10% different than calculated prevalence 100k."
"Prevalence of tuberculosis in adolescents, western Kenya: implications for control programs",26924,"prev100k.bacteriological.tb.age.grp.total","bacteriological tb prevalence total is greater than 10% different than calculated prevalence 100k."
"The Gambian survey of tuberculosis prevalence (GAMSTEP)",26920,"prev100k.bacteriological.tb.age.grp.total","bacteriological tb prevalence total is greater than 10% different than calculated prevalence 100k."
"Report of the national TB prevalence survey, 2002",26912,"prev100k.bacteriological.tb.age.grp.total","bacteriological tb prevalence total is greater than 10% different than calculated prevalence 100k."
"The first national TB prevalence survey of Lao PDR (2010-2011)",26905,"prev100k.bacteriological.tb.age.grp.total","bacteriological tb prevalence total is greater than 10% different than calculated prevalence 100k."
"Prevalence and risk factors for adult pulmonary tuberculosis in a metropolitan city of south India",26891,"prev100k.bacteriological.tb.age.grp.total","bacteriological tb prevalence total is greater than 10% different than calculated prevalence 100k."
"Prevalence of pulmonary tuberculosis among adults in a rural sub-district of South India",26884,"prev100k.bacteriological.tb.age.grp.total","bacteriological tb prevalence total is greater than 10% different than calculated prevalence 100k."
"Prevalence of pulmonary tuberculosis amongst the tribal population of Madhya Pradesh, Central India",26882,"prev100k.bacteriological.tb.age.grp.total","bacteriological tb prevalence total is greater than 10% different than calculated prevalence 100k."
"Namibia Tuberculosis disease prevalence survey, 2017-2018",26869,"prev100k.bacteriological.tb.age.grp.total","bacteriological tb prevalence total is greater than 10% different than calculated prevalence 100k."
"NATIONAL TUBERCULOSIS PREVALENCE SURVEY REPORT, Nepal, 2018-19",26867,"prev100k.bacteriological.tb.age.grp.total","bacteriological tb prevalence total is greater than 10% different than calculated prevalence 100k."
"REPORT OF THE FIRST NATIONAL
TUBERCULOSIS PREVALENCE SURVEY
IN MONGOLIA
2014-2015",26866,"prev100k.bacteriological.tb.age.grp.total","bacteriological tb prevalence total is greater than 10% different than calculated prevalence 100k."
"Lesotho Tuberculosis Prevalence Survey",26862,"prev100k.bacteriological.tb.age.grp.total","bacteriological tb prevalence total is greater than 10% different than calculated prevalence 100k."
"Report of DPRK National TB
Prevalence Survey
(2015–2016)",26861,"prev100k.bacteriological.tb.age.grp.total","bacteriological tb prevalence total is greater than 10% different than calculated prevalence 100k."
"Prevalence and risk factors of active pulmonary tuberculosis among elderly people in China: a population based cross-sectional study",26740,"prev100k.bacteriological.tb.age.grp.total","bacteriological tb prevalence total is greater than 10% different than calculated prevalence 100k."
"Declining tuberculosis prevalence in Saharia, a particularly vulnerable tribal community in Central India: evidences for action",25244,"prev100k.bacteriological.tb.age.grp.total","bacteriological tb prevalence total is greater than 10% different than calculated prevalence 100k."
"The second national tuberculosis prevalence survey in Vietnam",24644,"prev100k.bacteriological.tb.age.grp.total","bacteriological tb prevalence total is greater than 10% different than calculated prevalence 100k."
"Prevalence of pulmonary tuberculosis in western China in 2010-11: a population-based, cross-sectional survey",24214,"prev100k.bacteriological.tb.age.grp.total","bacteriological tb prevalence total is greater than 10% different than calculated prevalence 100k."
"Population-based screening for pulmonary tuberculosis utilizing community health workers in Ethiopia",24181,"prev100k.bacteriological.tb.age.grp.total","bacteriological tb prevalence total is greater than 10% different than calculated prevalence 100k."
"Prevalence and Incidence of Smear-Positive Pulmonary Tuberculosis in the Hetosa District of Arsi Zone, Oromia Regional State of Central Ethiopia",22718,"prev100k.bacteriological.tb.age.grp.total","bacteriological tb prevalence total is greater than 10% different than calculated prevalence 100k."
"Prevalence of Bacteriologically-Confirmed Tuberculosis in Urban Blantyre, Malawi 2019-20: Substantial Decline Compared to 2013-14 National Survey",22290,"prev100k.bacteriological.tb.age.grp.total","bacteriological tb prevalence total is greater than 10% different than calculated prevalence 100k."
"Prevalence of bacteriologically confirmed pulmonary tuberculosis and associated risk factors: A community survey in Thirvallur District, south India",22089,"prev100k.bacteriological.tb.age.grp.total","bacteriological tb prevalence total is greater than 10% different than calculated prevalence 100k."
"Persistent high prevalence of pulmonary tuberculosis in a resource-limited setting: threat to India's TB Free campaign",21428,"prev100k.bacteriological.tb.age.grp.total","bacteriological tb prevalence total is greater than 10% different than calculated prevalence 100k."
"Prevalence of pulmonary tuberculosis in Wardha district of Maharashtra, Central India",26982,"prev100k.bacteriological.tb.sex.rurality.total","bacteriological tb prevalence total is greater than 10% different than calculated prevalence 100k."
"SURVEY FOR ASSESSING PREVALENCE OF PULMONARY TUBERCULOSIS CASES IN THE POPULATION BASED STATE OF GUJARAT, INDIA (2011-2012) Report on Population based survey to assess prevalence of pulmonary tuberculosis cases in the state of Gujarat, India (2011-12) Ded",26983,"prev100k.smear.positive.tb.sex.total","smear.positive tb prevalence total is greater than 10% different than calculated prevalence 100k."
"Prevalence of pulmonary tuberculosis in Wardha district of Maharashtra, Central India",26982,"prev100k.smear.positive.tb.sex.total","smear.positive tb prevalence total is greater than 10% different than calculated prevalence 100k."
"Declining tuberculosis prevalence in Saharia, a particularly vulnerable tribal community in Central India: evidences for action (2015 survey)",26980,"prev100k.smear.positive.tb.sex.total","smear.positive tb prevalence total is greater than 10% different than calculated prevalence 100k."
"Sub-national prevalence survey of tuberculosis in rural communities of Ethiopia (LEMU)",26971,"prev100k.smear.positive.tb.sex.total","smear.positive tb prevalence total is greater than 10% different than calculated prevalence 100k."
"Prevalence of smear-positive tuberculosis in persons aged >/= 15 years in Bangladesh: results from a national survey, 2007-2009",26956,"prev100k.smear.positive.tb.sex.total","smear.positive tb prevalence total is greater than 10% different than calculated prevalence 100k."
"Evaluating an active case-finding strategy to identify smear-positive tuberculosis in rural Ethiopia",26955,"prev100k.smear.positive.tb.sex.total","smear.positive tb prevalence total is greater than 10% different than calculated prevalence 100k."
"Changes in pulmonary tuberculosis prevalence: Evidence from the 2010 population survey in a populous province of China",26951,"prev100k.smear.positive.tb.sex.total","smear.positive tb prevalence total is greater than 10% different than calculated prevalence 100k."
"Low tuberculosis notification in mountainous Vietnam is not due to low case detection: a cross-sectional survey",26948,"prev100k.smear.positive.tb.sex.total","smear.positive tb prevalence total is greater than 10% different than calculated prevalence 100k."
"The 1997 nationwide tuberculosis prevalence survey in the Philippines",26946,"prev100k.smear.positive.tb.sex.total","smear.positive tb prevalence total is greater than 10% different than calculated prevalence 100k."
"Do women with tuberculosis have a lower likelihood of getting diagnosed? Prevalence and case detection of sputum smear positive pulmonary TB, a population-based study from Vietnam",26943,"prev100k.smear.positive.tb.sex.total","smear.positive tb prevalence total is greater than 10% different than calculated prevalence 100k."
"Two-thirds of smear-positive tuberculosis cases in the community were undiagnosed in Northwest Ethiopia: population based cross-sectional study",26942,"prev100k.smear.positive.tb.sex.total","smear.positive tb prevalence total is greater than 10% different than calculated prevalence 100k."
"Prevalence of smear-positive pulmonary tuberculosis in a rural district of Ethiopia",26938,"prev100k.smear.positive.tb.sex.total","smear.positive tb prevalence total is greater than 10% different than calculated prevalence 100k."
"Active case finding of undetected tuberculosis among chronic coughers in a slum setting in Kampala, Uganda",26937,"prev100k.smear.positive.tb.sex.total","smear.positive tb prevalence total is greater than 10% different than calculated prevalence 100k."
"Determining the burden of tuberculosis in Eritrea: a new approach",26935,"prev100k.smear.positive.tb.sex.total","smear.positive tb prevalence total is greater than 10% different than calculated prevalence 100k."
"Pulmonary tuberculosis in an indigenous community in the mountains of Ecuador",26933,"prev100k.smear.positive.tb.sex.total","smear.positive tb prevalence total is greater than 10% different than calculated prevalence 100k."
"Prevalence of pulmonary tuberculosis--a baseline survey in central India",26929,"prev100k.smear.positive.tb.sex.total","smear.positive tb prevalence total is greater than 10% different than calculated prevalence 100k."
"Prevalence of pulmonary tuberculosis among the adult population in Pakistan 2010-2011",26928,"prev100k.smear.positive.tb.sex.total","smear.positive tb prevalence total is greater than 10% different than calculated prevalence 100k."
"The Gambian survey of tuberculosis prevalence (GAMSTEP)",26920,"prev100k.smear.positive.tb.sex.total","smear.positive tb prevalence total is greater than 10% different than calculated prevalence 100k."
"First national TB prevalence survey 2012, Nigeria",26917,"prev100k.smear.positive.tb.sex.total","smear.positive tb prevalence total is greater than 10% different than calculated prevalence 100k."
"Sputum positive point prevalence survey (1994)",26916,"prev100k.smear.positive.tb.sex.total","smear.positive tb prevalence total is greater than 10% different than calculated prevalence 100k."
"Report of the national TB prevalence survey, 2002",26912,"prev100k.smear.positive.tb.sex.total","smear.positive tb prevalence total is greater than 10% different than calculated prevalence 100k."
"The first national TB prevalence survey of Lao PDR (2010-2011)",26905,"prev100k.smear.positive.tb.sex.total","smear.positive tb prevalence total is greater than 10% different than calculated prevalence 100k."
"Prevalence of pulmonary tuberculosis in far Western Nepal",26901,"prev100k.smear.positive.tb.sex.total","smear.positive tb prevalence total is greater than 10% different than calculated prevalence 100k."
"A survey of tuberculosis prevalence in Hanoi, Vietnam",26899,"prev100k.smear.positive.tb.sex.total","smear.positive tb prevalence total is greater than 10% different than calculated prevalence 100k."
"Gender differences in tuberculosis: a prevalence survey done in Bangladesh",26896,"prev100k.smear.positive.tb.sex.total","smear.positive tb prevalence total is greater than 10% different than calculated prevalence 100k."
"Prevalence of tuberculosis in a rural population aged 15 years and above in R.S. pura block of district JAMMU",26894,"prev100k.smear.positive.tb.sex.total","smear.positive tb prevalence total is greater than 10% different than calculated prevalence 100k."
"Prevalence of pulmonary TB and spoligotype pattern of Mycobacterium tuberculosis among TB suspects in a rural community in Southwest Ethiopia",26890,"prev100k.smear.positive.tb.sex.total","smear.positive tb prevalence total is greater than 10% different than calculated prevalence 100k."
"A rapid survey to determine the prevalence of smear-positive tuberculosis in Addis Ababa",26888,"prev100k.smear.positive.tb.sex.total","smear.positive tb prevalence total is greater than 10% different than calculated prevalence 100k."
"Comparison of two active case-finding strategies for community-based diagnosis of symptomatic smear-positive tuberculosis and control of infectious tuberculosis in Harare, Zimbabwe (DETECTB): a cluster-randomised trial",26887,"prev100k.smear.positive.tb.sex.total","smear.positive tb prevalence total is greater than 10% different than calculated prevalence 100k."
"Prevalent infectious tuberculosis in Harare, Zimbabwe: burden, risk factors and implications for control",26886,"prev100k.smear.positive.tb.sex.total","smear.positive tb prevalence total is greater than 10% different than calculated prevalence 100k."
"Prevalence of pulmonary tuberculosis among adults in a rural sub-district of South India",26884,"prev100k.smear.positive.tb.sex.total","smear.positive tb prevalence total is greater than 10% different than calculated prevalence 100k."
"Tuberculosis burden in an urban population: A cross sectional tuberculosis survey from Guinea Bissau",26883,"prev100k.smear.positive.tb.sex.total","smear.positive tb prevalence total is greater than 10% different than calculated prevalence 100k."
"Epidemiology of tuberculosis in an urban slum of Dhaka City, Bangladesh",26878,"prev100k.smear.positive.tb.sex.total","smear.positive tb prevalence total is greater than 10% different than calculated prevalence 100k."
"Prevalence of pulmonary tuberculosis on the roof of the world",26874,"prev100k.smear.positive.tb.sex.total","smear.positive tb prevalence total is greater than 10% different than calculated prevalence 100k."
"Prevalence of pulmonary tuberculosis among adults in a north Indian district",26872,"prev100k.smear.positive.tb.sex.total","smear.positive tb prevalence total is greater than 10% different than calculated prevalence 100k."
"REPORT OF THE FIRST NATIONAL
TUBERCULOSIS PREVALENCE SURVEY
IN MONGOLIA
2014-2015",26866,"prev100k.smear.positive.tb.sex.total","smear.positive tb prevalence total is greater than 10% different than calculated prevalence 100k."
"The Zimbabwe National Population based Tuberculosis Prevalence Survey",26857,"prev100k.smear.positive.tb.sex.total","smear.positive tb prevalence total is greater than 10% different than calculated prevalence 100k."
"Declining tuberculosis prevalence in Saharia, a particularly vulnerable tribal community in Central India: evidences for action",25244,"prev100k.smear.positive.tb.sex.total","smear.positive tb prevalence total is greater than 10% different than calculated prevalence 100k."
"Burden of Pulmonary Tuberculosis among Tribal Population: A Cross-sectional Study in Tribal Areas of Maharashtra, India",25143,"prev100k.smear.positive.tb.sex.total","smear.positive tb prevalence total is greater than 10% different than calculated prevalence 100k."
"The second national tuberculosis prevalence survey in Vietnam",24644,"prev100k.smear.positive.tb.sex.total","smear.positive tb prevalence total is greater than 10% different than calculated prevalence 100k."
"Prevalence of pulmonary tuberculosis in western China in 2010-11: a population-based, cross-sectional survey",24214,"prev100k.smear.positive.tb.sex.total","smear.positive tb prevalence total is greater than 10% different than calculated prevalence 100k."
"Prevalence and Incidence of Smear-Positive Pulmonary Tuberculosis in the Hetosa District of Arsi Zone, Oromia Regional State of Central Ethiopia",22718,"prev100k.smear.positive.tb.sex.total","smear.positive tb prevalence total is greater than 10% different than calculated prevalence 100k."
"Prevalence of Bacteriologically-Confirmed Tuberculosis in Urban Blantyre, Malawi 2019-20: Substantial Decline Compared to 2013-14 National Survey",22290,"prev100k.smear.positive.tb.sex.total","smear.positive tb prevalence total is greater than 10% different than calculated prevalence 100k."
"Prevalence of bacteriologically confirmed pulmonary tuberculosis and associated risk factors: A community survey in Thirvallur District, south India",22089,"prev100k.smear.positive.tb.sex.total","smear.positive tb prevalence total is greater than 10% different than calculated prevalence 100k."
"Sub-national prevalence survey of tuberculosis in rural communities of Ethiopia",21934,"prev100k.smear.positive.tb.sex.total","smear.positive tb prevalence total is greater than 10% different than calculated prevalence 100k."
"SURVEY FOR ASSESSING PREVALENCE OF PULMONARY TUBERCULOSIS CASES IN THE POPULATION BASED STATE OF GUJARAT, INDIA (2011-2012) Report on Population based survey to assess prevalence of pulmonary tuberculosis cases in the state of Gujarat, India (2011-12) Ded",26983,"prev100k.smear.positive.tb.rurality.total","smear.positive tb prevalence total is greater than 10% different than calculated prevalence 100k."
"Prevalence of pulmonary tuberculosis in Wardha district of Maharashtra, Central India",26982,"prev100k.smear.positive.tb.rurality.total","smear.positive tb prevalence total is greater than 10% different than calculated prevalence 100k."
"Prevalence of smear-positive tuberculosis in persons aged >/= 15 years in Bangladesh: results from a national survey, 2007-2009",26956,"prev100k.smear.positive.tb.rurality.total","smear.positive tb prevalence total is greater than 10% different than calculated prevalence 100k."
"Changes in pulmonary tuberculosis prevalence: Evidence from the 2010 population survey in a populous province of China",26951,"prev100k.smear.positive.tb.rurality.total","smear.positive tb prevalence total is greater than 10% different than calculated prevalence 100k."
"The 1997 nationwide tuberculosis prevalence survey in the Philippines",26946,"prev100k.smear.positive.tb.rurality.total","smear.positive tb prevalence total is greater than 10% different than calculated prevalence 100k."
"Two-thirds of smear-positive tuberculosis cases in the community were undiagnosed in Northwest Ethiopia: population based cross-sectional study",26942,"prev100k.smear.positive.tb.rurality.total","smear.positive tb prevalence total is greater than 10% different than calculated prevalence 100k."
"Prevalence of pulmonary tuberculosis--a baseline survey in central India",26929,"prev100k.smear.positive.tb.rurality.total","smear.positive tb prevalence total is greater than 10% different than calculated prevalence 100k."
"Prevalence of pulmonary tuberculosis among the adult population in Pakistan 2010-2011",26928,"prev100k.smear.positive.tb.rurality.total","smear.positive tb prevalence total is greater than 10% different than calculated prevalence 100k."
"The Gambian survey of tuberculosis prevalence (GAMSTEP)",26920,"prev100k.smear.positive.tb.rurality.total","smear.positive tb prevalence total is greater than 10% different than calculated prevalence 100k."
"Sputum positive point prevalence survey (1994)",26916,"prev100k.smear.positive.tb.rurality.total","smear.positive tb prevalence total is greater than 10% different than calculated prevalence 100k."
"The first population-based national tuberculosis prevalence survey in Ethiopia, 2010-2011",26913,"prev100k.smear.positive.tb.rurality.total","smear.positive tb prevalence total is greater than 10% different than calculated prevalence 100k."
"The first national TB prevalence survey of Lao PDR (2010-2011)",26905,"prev100k.smear.positive.tb.rurality.total","smear.positive tb prevalence total is greater than 10% different than calculated prevalence 100k."
"Population-based prevalence survey of tuberculosis in the Tigray region of Ethiopia",26881,"prev100k.smear.positive.tb.rurality.total","smear.positive tb prevalence total is greater than 10% different than calculated prevalence 100k."
"Prevalence of pulmonary tuberculosis among adults in a north Indian district",26872,"prev100k.smear.positive.tb.rurality.total","smear.positive tb prevalence total is greater than 10% different than calculated prevalence 100k."
"REPORT OF THE FIRST NATIONAL
TUBERCULOSIS PREVALENCE SURVEY
IN MONGOLIA
2014-2015",26866,"prev100k.smear.positive.tb.rurality.total","smear.positive tb prevalence total is greater than 10% different than calculated prevalence 100k."
"The Zimbabwe National Population based Tuberculosis Prevalence Survey",26857,"prev100k.smear.positive.tb.rurality.total","smear.positive tb prevalence total is greater than 10% different than calculated prevalence 100k."
"The second national tuberculosis prevalence survey in Vietnam",24644,"prev100k.smear.positive.tb.rurality.total","smear.positive tb prevalence total is greater than 10% different than calculated prevalence 100k."
"Prevalence of pulmonary tuberculosis in western China in 2010-11: a population-based, cross-sectional survey",24214,"prev100k.smear.positive.tb.rurality.total","smear.positive tb prevalence total is greater than 10% different than calculated prevalence 100k."
"Prevalence and Incidence of Smear-Positive Pulmonary Tuberculosis in the Hetosa District of Arsi Zone, Oromia Regional State of Central Ethiopia",22718,"prev100k.smear.positive.tb.rurality.total","smear.positive tb prevalence total is greater than 10% different than calculated prevalence 100k."
"Prevalent infectious tuberculosis in Harare, Zimbabwe: burden, risk factors and implications for control",26886,"prev100k.smear.positive.tb.hiv.total","smear.positive tb prevalence total is greater than 10% different than calculated prevalence 100k."
"Prevalence of Bacteriologically-Confirmed Tuberculosis in Urban Blantyre, Malawi 2019-20: Substantial Decline Compared to 2013-14 National Survey",22290,"prev100k.smear.positive.tb.hiv.total","smear.positive tb prevalence total is greater than 10% different than calculated prevalence 100k."
"SURVEY FOR ASSESSING PREVALENCE OF PULMONARY TUBERCULOSIS CASES IN THE POPULATION BASED STATE OF GUJARAT, INDIA (2011-2012) Report on Population based survey to assess prevalence of pulmonary tuberculosis cases in the state of Gujarat, India (2011-12) Ded",26983,"prev100k.smear.positive.tb.age.grp.total","smear.positive tb prevalence total is greater than 10% different than calculated prevalence 100k."
"Prevalence of pulmonary tuberculosis in Wardha district of Maharashtra, Central India",26982,"prev100k.smear.positive.tb.age.grp.total","smear.positive tb prevalence total is greater than 10% different than calculated prevalence 100k."
"Declining tuberculosis prevalence in Saharia, a particularly vulnerable tribal community in Central India: evidences for action (2015 survey)",26980,"prev100k.smear.positive.tb.age.grp.total","smear.positive tb prevalence total is greater than 10% different than calculated prevalence 100k."
"Prevalence of sputum smear-positive tuberculosis in a rural area in Bangladesh",26957,"prev100k.smear.positive.tb.age.grp.total","smear.positive tb prevalence total is greater than 10% different than calculated prevalence 100k."
"Prevalence of smear-positive tuberculosis in persons aged >/= 15 years in Bangladesh: results from a national survey, 2007-2009",26956,"prev100k.smear.positive.tb.age.grp.total","smear.positive tb prevalence total is greater than 10% different than calculated prevalence 100k."
"Changes in pulmonary tuberculosis prevalence: Evidence from the 2010 population survey in a populous province of China",26951,"prev100k.smear.positive.tb.age.grp.total","smear.positive tb prevalence total is greater than 10% different than calculated prevalence 100k."
"Low tuberculosis notification in mountainous Vietnam is not due to low case detection: a cross-sectional survey",26948,"prev100k.smear.positive.tb.age.grp.total","smear.positive tb prevalence total is greater than 10% different than calculated prevalence 100k."
"The 1997 nationwide tuberculosis prevalence survey in the Philippines",26946,"prev100k.smear.positive.tb.age.grp.total","smear.positive tb prevalence total is greater than 10% different than calculated prevalence 100k."
"Do women with tuberculosis have a lower likelihood of getting diagnosed? Prevalence and case detection of sputum smear positive pulmonary TB, a population-based study from Vietnam",26943,"prev100k.smear.positive.tb.age.grp.total","smear.positive tb prevalence total is greater than 10% different than calculated prevalence 100k."
"Two-thirds of smear-positive tuberculosis cases in the community were undiagnosed in Northwest Ethiopia: population based cross-sectional study",26942,"prev100k.smear.positive.tb.age.grp.total","smear.positive tb prevalence total is greater than 10% different than calculated prevalence 100k."
"Pulmonary tuberculosis in an indigenous community in the mountains of Ecuador",26933,"prev100k.smear.positive.tb.age.grp.total","smear.positive tb prevalence total is greater than 10% different than calculated prevalence 100k."
"Prevalence of pulmonary tuberculosis--a baseline survey in central India",26929,"prev100k.smear.positive.tb.age.grp.total","smear.positive tb prevalence total is greater than 10% different than calculated prevalence 100k."
"The Gambian survey of tuberculosis prevalence (GAMSTEP)",26920,"prev100k.smear.positive.tb.age.grp.total","smear.positive tb prevalence total is greater than 10% different than calculated prevalence 100k."
"The first population-based national tuberculosis prevalence survey in Ethiopia, 2010-2011",26913,"prev100k.smear.positive.tb.age.grp.total","smear.positive tb prevalence total is greater than 10% different than calculated prevalence 100k."
"Report of the national TB prevalence survey, 2002",26912,"prev100k.smear.positive.tb.age.grp.total","smear.positive tb prevalence total is greater than 10% different than calculated prevalence 100k."
"The first national TB prevalence survey of Lao PDR (2010-2011)",26905,"prev100k.smear.positive.tb.age.grp.total","smear.positive tb prevalence total is greater than 10% different than calculated prevalence 100k."
"Prevalence of pulmonary tuberculosis in far Western Nepal",26901,"prev100k.smear.positive.tb.age.grp.total","smear.positive tb prevalence total is greater than 10% different than calculated prevalence 100k."
"Burden of tuberculosis in Kampala, Uganda",26895,"prev100k.smear.positive.tb.age.grp.total","smear.positive tb prevalence total is greater than 10% different than calculated prevalence 100k."
"Prevalence of pulmonary tuberculosis among adults in a rural sub-district of South India",26884,"prev100k.smear.positive.tb.age.grp.total","smear.positive tb prevalence total is greater than 10% different than calculated prevalence 100k."
"Tuberculosis burden in an urban population: A cross sectional tuberculosis survey from Guinea Bissau",26883,"prev100k.smear.positive.tb.age.grp.total","smear.positive tb prevalence total is greater than 10% different than calculated prevalence 100k."
"Prevalence of pulmonary tuberculosis on the roof of the world",26874,"prev100k.smear.positive.tb.age.grp.total","smear.positive tb prevalence total is greater than 10% different than calculated prevalence 100k."
"REPORT OF THE FIRST NATIONAL
TUBERCULOSIS PREVALENCE SURVEY
IN MONGOLIA
2014-2015",26866,"prev100k.smear.positive.tb.age.grp.total","smear.positive tb prevalence total is greater than 10% different than calculated prevalence 100k."
"Declining tuberculosis prevalence in Saharia, a particularly vulnerable tribal community in Central India: evidences for action",25244,"prev100k.smear.positive.tb.age.grp.total","smear.positive tb prevalence total is greater than 10% different than calculated prevalence 100k."
"The second national tuberculosis prevalence survey in Vietnam",24644,"prev100k.smear.positive.tb.age.grp.total","smear.positive tb prevalence total is greater than 10% different than calculated prevalence 100k."
"Prevalence of pulmonary tuberculosis in western China in 2010-11: a population-based, cross-sectional survey",24214,"prev100k.smear.positive.tb.age.grp.total","smear.positive tb prevalence total is greater than 10% different than calculated prevalence 100k."
"Prevalence and Incidence of Smear-Positive Pulmonary Tuberculosis in the Hetosa District of Arsi Zone, Oromia Regional State of Central Ethiopia",22718,"prev100k.smear.positive.tb.age.grp.total","smear.positive tb prevalence total is greater than 10% different than calculated prevalence 100k."
"Prevalence of Bacteriologically-Confirmed Tuberculosis in Urban Blantyre, Malawi 2019-20: Substantial Decline Compared to 2013-14 National Survey",22290,"prev100k.smear.positive.tb.age.grp.total","smear.positive tb prevalence total is greater than 10% different than calculated prevalence 100k."
"Prevalence of bacteriologically confirmed pulmonary tuberculosis and associated risk factors: A community survey in Thirvallur District, south India",22089,"prev100k.smear.positive.tb.age.grp.total","smear.positive tb prevalence total is greater than 10% different than calculated prevalence 100k."
"Prevalence of pulmonary tuberculosis in Wardha district of Maharashtra, Central India",26982,"prev100k.smear.positive.tb.sex.rurality.total","smear.positive tb prevalence total is greater than 10% different than calculated prevalence 100k."
"Prevalence of sputum smear-positive tuberculosis in a rural area in Bangladesh",26957,"prev100k.prevalent.tb.sex.total","prevalent tb prevalence total is greater than 10% different than calculated prevalence 100k."
"Changes in pulmonary tuberculosis prevalence: Evidence from the 2010 population survey in a populous province of China",26951,"prev100k.prevalent.tb.sex.total","prevalent tb prevalence total is greater than 10% different than calculated prevalence 100k."
"Active case finding of undetected tuberculosis among chronic coughers in a slum setting in Kampala, Uganda",26937,"prev100k.prevalent.tb.sex.total","prevalent tb prevalence total is greater than 10% different than calculated prevalence 100k."
"Report of the national TB prevalence survey, 2002",26912,"prev100k.prevalent.tb.sex.total","prevalent tb prevalence total is greater than 10% different than calculated prevalence 100k."
"Community-based active tuberculosis case finding in poor urban settlements of Phnom Penh, Cambodia: a feasible and effective strategy",26909,"prev100k.prevalent.tb.sex.total","prevalent tb prevalence total is greater than 10% different than calculated prevalence 100k."
"Burden of tuberculosis in Kampala, Uganda",26895,"prev100k.prevalent.tb.sex.total","prevalent tb prevalence total is greater than 10% different than calculated prevalence 100k."
"Prevalence of tuberculosis in a rural population aged 15 years and above in R.S. pura block of district JAMMU",26894,"prev100k.prevalent.tb.sex.total","prevalent tb prevalence total is greater than 10% different than calculated prevalence 100k."
"Comparison of two active case-finding strategies for community-based diagnosis of symptomatic smear-positive tuberculosis and control of infectious tuberculosis in Harare, Zimbabwe (DETECTB): a cluster-randomised trial",26887,"prev100k.prevalent.tb.sex.total","prevalent tb prevalence total is greater than 10% different than calculated prevalence 100k."
"Prevalent infectious tuberculosis in Harare, Zimbabwe: burden, risk factors and implications for control",26886,"prev100k.prevalent.tb.sex.total","prevalent tb prevalence total is greater than 10% different than calculated prevalence 100k."
"Prevalence of pulmonary tuberculosis on the roof of the world",26874,"prev100k.prevalent.tb.sex.total","prevalent tb prevalence total is greater than 10% different than calculated prevalence 100k."
"Hyperendemic pulmonary tuberculosis in peri-urban areas of Karachi, Pakistan",26873,"prev100k.prevalent.tb.sex.total","prevalent tb prevalence total is greater than 10% different than calculated prevalence 100k."
"NATIONAL TUBERCULOSIS PREVALENCE SURVEY REPORT, Nepal, 2018-19",26867,"prev100k.prevalent.tb.sex.total","prevalent tb prevalence total is greater than 10% different than calculated prevalence 100k."
"Prevalence and risk factors of active pulmonary tuberculosis among elderly people in China: a population based cross-sectional study",26740,"prev100k.prevalent.tb.sex.total","prevalent tb prevalence total is greater than 10% different than calculated prevalence 100k."
"Changes in pulmonary tuberculosis prevalence: Evidence from the 2010 population survey in a populous province of China",26951,"prev100k.prevalent.tb.rurality.total","prevalent tb prevalence total is greater than 10% different than calculated prevalence 100k."
"Prevalence of tuberculosis in adolescents, western Kenya: implications for control programs",26924,"prev100k.prevalent.tb.rurality.total","prevalent tb prevalence total is greater than 10% different than calculated prevalence 100k."
"Prevalence and risk factors of active pulmonary tuberculosis among elderly people in China: a population based cross-sectional study",26740,"prev100k.prevalent.tb.rurality.total","prevalent tb prevalence total is greater than 10% different than calculated prevalence 100k."
"Prevalence and Incidence of Smear-Positive Pulmonary Tuberculosis in the Hetosa District of Arsi Zone, Oromia Regional State of Central Ethiopia",22718,"prev100k.prevalent.tb.rurality.total","prevalent tb prevalence total is greater than 10% different than calculated prevalence 100k."
"Community-based active tuberculosis case finding in poor urban settlements of Phnom Penh, Cambodia: a feasible and effective strategy",26909,"prev100k.prevalent.tb.hiv.total","prevalent tb prevalence total is greater than 10% different than calculated prevalence 100k."
"Prevalent infectious tuberculosis in Harare, Zimbabwe: burden, risk factors and implications for control",26886,"prev100k.prevalent.tb.hiv.total","prevalent tb prevalence total is greater than 10% different than calculated prevalence 100k."
"Changes in pulmonary tuberculosis prevalence: Evidence from the 2010 population survey in a populous province of China",26951,"prev100k.prevalent.tb.age.grp.total","prevalent tb prevalence total is greater than 10% different than calculated prevalence 100k."
"Prevalence of tuberculosis in adolescents, western Kenya: implications for control programs",26924,"prev100k.prevalent.tb.age.grp.total","prevalent tb prevalence total is greater than 10% different than calculated prevalence 100k."
"Report of the national TB prevalence survey, 2002",26912,"prev100k.prevalent.tb.age.grp.total","prevalent tb prevalence total is greater than 10% different than calculated prevalence 100k."
"Burden of tuberculosis in Kampala, Uganda",26895,"prev100k.prevalent.tb.age.grp.total","prevalent tb prevalence total is greater than 10% different than calculated prevalence 100k."
"Prevalence of tuberculosis in a rural population aged 15 years and above in R.S. pura block of district JAMMU",26894,"prev100k.prevalent.tb.age.grp.total","prevalent tb prevalence total is greater than 10% different than calculated prevalence 100k."
"Tuberculosis burden in an urban population: A cross sectional tuberculosis survey from Guinea Bissau",26883,"prev100k.prevalent.tb.age.grp.total","prevalent tb prevalence total is greater than 10% different than calculated prevalence 100k."
"NATIONAL TUBERCULOSIS PREVALENCE SURVEY REPORT, Nepal, 2018-19",26867,"prev100k.prevalent.tb.age.grp.total","prevalent tb prevalence total is greater than 10% different than calculated prevalence 100k."
"Prevalence and risk factors of active pulmonary tuberculosis among elderly people in China: a population based cross-sectional study",26740,"prev100k.prevalent.tb.age.grp.total","prevalent tb prevalence total is greater than 10% different than calculated prevalence 100k."
"Prevalence of bacteriologically confirmed pulmonary tuberculosis and associated risk factors: A community survey in Thirvallur District, south India",22089,"prev100k.prevalent.tb.age.grp.total","prevalent tb prevalence total is greater than 10% different than calculated prevalence 100k."
"Effect of household and community interventions on the burden of tuberculosis in southern Africa: the ZAMSTAR community-randomised trial (SOUTH AFRICA / COMMUNITY B)",26978,"screening.tests","Screening.tests does not match extracted symptom data"
"High prevalence of tuberculosis and insufficient case detection in two communities in the Western Cape, South Africa",26970,"screening.tests","Screening.tests does not match extracted symptom data"
"Prevalence of smear-positive tuberculosis in persons aged >/= 15 years in Bangladesh: results from a national survey, 2007-2009",26956,"screening.tests","Screening.tests does not match extracted symptom data"
"Undiagnosed tuberculosis in a community with high HIV prevalence: implications for tuberculosis control",26953,"screening.tests","Screening.tests does not match extracted symptom data"
"High prevalence of pulmonary tuberculosis and inadequate case finding in rural western Kenya",26947,"screening.tests","Screening.tests does not match extracted symptom data"
"The 1997 nationwide tuberculosis prevalence survey in the Philippines",26946,"screening.tests","Screening.tests does not match extracted symptom data"
"Determining the burden of tuberculosis in Eritrea: a new approach",26935,"screening.tests","Screening.tests does not match extracted symptom data"
"Pulmonary tuberculosis in an indigenous community in the mountains of Ecuador",26933,"screening.tests","Screening.tests does not match extracted symptom data"
"Prevalence of sputum smear-positive tuberculosis in a rural area in Bangladesh",26957,"screening.tests","Screening.tests does not match extracted x-ray data"
"Prevalence of smear-positive tuberculosis in persons aged >/= 15 years in Bangladesh: results from a national survey, 2007-2009",26956,"screening.tests","Screening.tests does not match extracted x-ray data"
"High prevalence of pulmonary tuberculosis and inadequate case finding in rural western Kenya",26947,"screening.tests","Screening.tests does not match extracted x-ray data"
"Prevalence of tuberculosis in a rural population aged 15 years and above in R.S. pura block of district JAMMU",26894,"screening.tests","Screening.tests does not match extracted x-ray data"
"Prevalent infectious tuberculosis in Harare, Zimbabwe: burden, risk factors and implications for control",26886,"screening.tests","Screening.tests does not match extracted x-ray data"
"Burden of Pulmonary Tuberculosis among Tribal Population: A Cross-sectional Study in Tribal Areas of Maharashtra, India",25143,"screening.tests","Screening.tests does not match extracted x-ray data"
"Sub-national TB prevalence surveys in India, 2006-2012: Results of uniformly conducted data analysis (Age Stratification, Combined Sites)",26990,"smear.samples","smear.samples does not match extracted data"
"Recurrence of pulmonary tuberculosis in India: Findings from the 2019-2021 nationwide community-based TB prevalence survey",26863,"xpert.samples","xpert.samples does not match extracted data"
"National Tuberculosis Prevalence Survey in Thailand",26975,"culture.samples","culture.samples does not match extracted data"
"A tuberculosis nationwide prevalence survey in Gambia, 2012",20811,"report.sex","Report variable not marked yes, but stratified data detected."
"High incidence of pulmonary tuberculosis in an indigenous Saharia tribe in Madhya Pradesh, central India-A prospective cohort study",21429,"report.age.grp","Report variable not marked no, but no stratified data."
"National Tuberculosis Prevalence Survey in Thailand",26975,"report.age.grp","Report variable not marked yes, but stratified data detected."
"Prevalence of tuberculosis in adolescents, western Kenya: implications for control programs",26924,"report.age.grp","Report variable not marked yes, but stratified data detected."
