measure_name,location_id,location_name,sex_id,sex_name,age_group_id,age_group_name,year_id,val,upper,lower
Age-Standardized Smoking Prevalence,6,China,1,Male,29,15+ years,1990,0.608152596,0.619318317,0.596352857
Age-Standardized Smoking Prevalence,6,China,2,Female,29,15+ years,1990,0.04488875,0.051309111,0.03934342
Age-Standardized Smoking Prevalence,6,China,3,Both,29,15+ years,1990,0.33396704,0.340773763,0.327536834
Age-Standardized Smoking Prevalence,6,China,1,Male,29,15+ years,1991,0.606038948,0.616324559,0.594769909
Age-Standardized Smoking Prevalence,6,China,2,Female,29,15+ years,1991,0.045696932,0.051702025,0.040452686
Age-Standardized Smoking Prevalence,6,China,3,Both,29,15+ years,1991,0.333513839,0.339938723,0.327440478
Age-Standardized Smoking Prevalence,6,China,1,Male,29,15+ years,1992,0.602314425,0.612108031,0.591932187
Age-Standardized Smoking Prevalence,6,China,2,Female,29,15+ years,1992,0.046264188,0.052199681,0.041359002
Age-Standardized Smoking Prevalence,6,China,3,Both,29,15+ years,1992,0.332066716,0.337871087,0.326315432
Age-Standardized Smoking Prevalence,6,China,1,Male,29,15+ years,1993,0.596882325,0.606352669,0.586585806
Age-Standardized Smoking Prevalence,6,China,2,Female,29,15+ years,1993,0.04654783,0.05235984,0.041923779
Age-Standardized Smoking Prevalence,6,China,3,Both,29,15+ years,1993,0.329516739,0.335011754,0.323960598
Age-Standardized Smoking Prevalence,6,China,1,Male,29,15+ years,1994,0.589594257,0.598951179,0.579985705
Age-Standardized Smoking Prevalence,6,China,2,Female,29,15+ years,1994,0.046448923,0.052122904,0.041930031
Age-Standardized Smoking Prevalence,6,China,3,Both,29,15+ years,1994,0.325750362,0.331133153,0.320356642
Age-Standardized Smoking Prevalence,6,China,1,Male,29,15+ years,1995,0.581115397,0.590077528,0.572401571
Age-Standardized Smoking Prevalence,6,China,2,Female,29,15+ years,1995,0.04613894,0.051374767,0.041682882
Age-Standardized Smoking Prevalence,6,China,3,Both,29,15+ years,1995,0.321165523,0.326397219,0.316079546
Age-Standardized Smoking Prevalence,6,China,1,Male,29,15+ years,1996,0.571373312,0.579450796,0.562887538
Age-Standardized Smoking Prevalence,6,China,2,Female,29,15+ years,1996,0.045622095,0.050702779,0.041217478
Age-Standardized Smoking Prevalence,6,China,3,Both,29,15+ years,1996,0.315704697,0.320549465,0.310851482
Age-Standardized Smoking Prevalence,6,China,1,Male,29,15+ years,1997,0.560405485,0.56832896,0.552486901
Age-Standardized Smoking Prevalence,6,China,2,Female,29,15+ years,1997,0.044817504,0.049733961,0.040541114
Age-Standardized Smoking Prevalence,6,China,3,Both,29,15+ years,1997,0.309393056,0.313941802,0.30465125
Age-Standardized Smoking Prevalence,6,China,1,Male,29,15+ years,1998,0.549001049,0.55684658,0.54144306
Age-Standardized Smoking Prevalence,6,China,2,Female,29,15+ years,1998,0.043860928,0.048559798,0.039636907
Age-Standardized Smoking Prevalence,6,China,3,Both,29,15+ years,1998,0.302690273,0.307177326,0.298213133
Age-Standardized Smoking Prevalence,6,China,1,Male,29,15+ years,1999,0.537797243,0.545172881,0.53042398
Age-Standardized Smoking Prevalence,6,China,2,Female,29,15+ years,1999,0.042817256,0.047451058,0.038558067
Age-Standardized Smoking Prevalence,6,China,3,Both,29,15+ years,1999,0.296040296,0.300589727,0.29162947
Age-Standardized Smoking Prevalence,6,China,1,Male,29,15+ years,2000,0.527440743,0.534819471,0.520348081
Age-Standardized Smoking Prevalence,6,China,2,Female,29,15+ years,2000,0.041879419,0.046432992,0.037784671
Age-Standardized Smoking Prevalence,6,China,3,Both,29,15+ years,2000,0.289862117,0.294114495,0.285600551
Age-Standardized Smoking Prevalence,6,China,1,Male,29,15+ years,2001,0.518447579,0.525619842,0.511190075
Age-Standardized Smoking Prevalence,6,China,2,Female,29,15+ years,2001,0.041026426,0.04536375,0.036973763
Age-Standardized Smoking Prevalence,6,China,3,Both,29,15+ years,2001,0.284411231,0.2885918,0.280162222
Age-Standardized Smoking Prevalence,6,China,1,Male,29,15+ years,2002,0.511028912,0.518336597,0.50346483
Age-Standardized Smoking Prevalence,6,China,2,Female,29,15+ years,2002,0.040314732,0.044766433,0.036284834
Age-Standardized Smoking Prevalence,6,China,3,Both,29,15+ years,2002,0.279868805,0.284221307,0.275613244
Age-Standardized Smoking Prevalence,6,China,1,Male,29,15+ years,2003,0.505310935,0.512700312,0.497788356
Age-Standardized Smoking Prevalence,6,China,2,Female,29,15+ years,2003,0.03975311,0.044031632,0.035771069
Age-Standardized Smoking Prevalence,6,China,3,Both,29,15+ years,2003,0.276325109,0.280780025,0.272104925
Age-Standardized Smoking Prevalence,6,China,1,Male,29,15+ years,2004,0.501470256,0.508718175,0.494269688
Age-Standardized Smoking Prevalence,6,China,2,Female,29,15+ years,2004,0.039283737,0.043643883,0.035240234
Age-Standardized Smoking Prevalence,6,China,3,Both,29,15+ years,2004,0.273862989,0.278177554,0.26956682
Age-Standardized Smoking Prevalence,6,China,1,Male,29,15+ years,2005,0.499266026,0.506312703,0.492279791
Age-Standardized Smoking Prevalence,6,China,2,Female,29,15+ years,2005,0.038936534,0.04316921,0.034950278
Age-Standardized Smoking Prevalence,6,China,3,Both,29,15+ years,2005,0.272340523,0.276420204,0.268134434
Age-Standardized Smoking Prevalence,6,China,1,Male,29,15+ years,2006,0.498311237,0.505307052,0.491430826
Age-Standardized Smoking Prevalence,6,China,2,Female,29,15+ years,2006,0.038673978,0.042951138,0.034568221
Age-Standardized Smoking Prevalence,6,China,3,Both,29,15+ years,2006,0.271510416,0.275493777,0.267230516
Age-Standardized Smoking Prevalence,6,China,1,Male,29,15+ years,2007,0.498181706,0.505319825,0.491244776
Age-Standardized Smoking Prevalence,6,China,2,Female,29,15+ years,2007,0.038437571,0.042975911,0.034520451
Age-Standardized Smoking Prevalence,6,China,3,Both,29,15+ years,2007,0.271138702,0.275168161,0.267036191
Age-Standardized Smoking Prevalence,6,China,1,Male,29,15+ years,2008,0.498884503,0.506226007,0.491731487
Age-Standardized Smoking Prevalence,6,China,2,Female,29,15+ years,2008,0.038275149,0.042969119,0.034315111
Age-Standardized Smoking Prevalence,6,China,3,Both,29,15+ years,2008,0.271246951,0.275347839,0.267196993
Age-Standardized Smoking Prevalence,6,China,1,Male,29,15+ years,2009,0.500316718,0.507780232,0.493164146
Age-Standardized Smoking Prevalence,6,China,2,Female,29,15+ years,2009,0.038201573,0.042978176,0.034214342
Age-Standardized Smoking Prevalence,6,China,3,Both,29,15+ years,2009,0.271808337,0.276063576,0.26775564
Age-Standardized Smoking Prevalence,6,China,1,Male,29,15+ years,2010,0.501949902,0.509564377,0.494812932
Age-Standardized Smoking Prevalence,6,China,2,Female,29,15+ years,2010,0.038186645,0.043131425,0.034125309
Age-Standardized Smoking Prevalence,6,China,3,Both,29,15+ years,2010,0.272519864,0.277042222,0.268125906
Age-Standardized Smoking Prevalence,6,China,1,Male,29,15+ years,2011,0.503093141,0.511363852,0.495272431
Age-Standardized Smoking Prevalence,6,China,2,Female,29,15+ years,2011,0.03810174,0.043120645,0.03382667
Age-Standardized Smoking Prevalence,6,China,3,Both,29,15+ years,2011,0.272926255,0.277612652,0.268287041
Age-Standardized Smoking Prevalence,6,China,1,Male,29,15+ years,2012,0.503715159,0.512545834,0.495062988
Age-Standardized Smoking Prevalence,6,China,2,Female,29,15+ years,2012,0.037955941,0.043089467,0.033541861
Age-Standardized Smoking Prevalence,6,China,3,Both,29,15+ years,2012,0.273047781,0.278210994,0.267975935
Age-Standardized Smoking Prevalence,6,China,1,Male,29,15+ years,2013,0.503570738,0.513410668,0.494121832
Age-Standardized Smoking Prevalence,6,China,2,Female,29,15+ years,2013,0.037713257,0.042972415,0.03313027
Age-Standardized Smoking Prevalence,6,China,3,Both,29,15+ years,2013,0.27276589,0.278315102,0.26726356
Age-Standardized Smoking Prevalence,6,China,1,Male,29,15+ years,2014,0.502991407,0.513451091,0.492673073
Age-Standardized Smoking Prevalence,6,China,2,Female,29,15+ years,2014,0.037427824,0.042814335,0.032529534
Age-Standardized Smoking Prevalence,6,China,3,Both,29,15+ years,2014,0.272315416,0.278165268,0.266304931
Age-Standardized Smoking Prevalence,6,China,1,Male,29,15+ years,2015,0.501899776,0.512963432,0.490578406
Age-Standardized Smoking Prevalence,6,China,2,Female,29,15+ years,2015,0.037062689,0.042738754,0.031880715
Age-Standardized Smoking Prevalence,6,China,3,Both,29,15+ years,2015,0.271604374,0.277892033,0.265056289
Age-Standardized Smoking Prevalence,6,China,1,Male,29,15+ years,2016,0.500510372,0.512301129,0.488592484
Age-Standardized Smoking Prevalence,6,China,2,Female,29,15+ years,2016,0.03665144,0.042625335,0.031224245
Age-Standardized Smoking Prevalence,6,China,3,Both,29,15+ years,2016,0.270719624,0.277257377,0.263560148
Age-Standardized Smoking Prevalence,6,China,1,Male,29,15+ years,2017,0.499084021,0.511341484,0.486396603
Age-Standardized Smoking Prevalence,6,China,2,Female,29,15+ years,2017,0.036207942,0.04230988,0.030574516
Age-Standardized Smoking Prevalence,6,China,3,Both,29,15+ years,2017,0.269823221,0.27669109,0.262411118
Age-Standardized Smoking Prevalence,6,China,1,Male,29,15+ years,2018,0.497893322,0.5108152,0.484188065
Age-Standardized Smoking Prevalence,6,China,2,Female,29,15+ years,2018,0.035756692,0.041984229,0.029757967
Age-Standardized Smoking Prevalence,6,China,3,Both,29,15+ years,2018,0.269089194,0.276421692,0.261599016
Age-Standardized Smoking Prevalence,6,China,1,Male,29,15+ years,2019,0.497344149,0.510936396,0.482873313
Age-Standardized Smoking Prevalence,6,China,2,Female,29,15+ years,2019,0.035361424,0.041773131,0.029116489
Age-Standardized Smoking Prevalence,6,China,3,Both,29,15+ years,2019,0.268767941,0.276298742,0.260758785
Age-Standardized Smoking Prevalence,7,Democratic People's Republic of Korea,1,Male,29,15+ years,1990,0.476244547,0.503974068,0.449667496
Age-Standardized Smoking Prevalence,7,Democratic People's Republic of Korea,2,Female,29,15+ years,1990,0.040863904,0.05269618,0.031413234
Age-Standardized Smoking Prevalence,7,Democratic People's Republic of Korea,3,Both,29,15+ years,1990,0.240719076,0.2558113,0.22725259
Age-Standardized Smoking Prevalence,7,Democratic People's Republic of Korea,1,Male,29,15+ years,1991,0.480178131,0.50884428,0.453592004
Age-Standardized Smoking Prevalence,7,Democratic People's Republic of Korea,2,Female,29,15+ years,1991,0.041370211,0.053244585,0.031734516
Age-Standardized Smoking Prevalence,7,Democratic People's Republic of Korea,3,Both,29,15+ years,1991,0.242603985,0.257496868,0.229277475
Age-Standardized Smoking Prevalence,7,Democratic People's Republic of Korea,1,Male,29,15+ years,1992,0.483914053,0.512993686,0.457984169
Age-Standardized Smoking Prevalence,7,Democratic People's Republic of Korea,2,Female,29,15+ years,1992,0.041876494,0.053676089,0.032089944
Age-Standardized Smoking Prevalence,7,Democratic People's Republic of Korea,3,Both,29,15+ years,1992,0.24442625,0.259011661,0.23126905
Age-Standardized Smoking Prevalence,7,Democratic People's Republic of Korea,1,Male,29,15+ years,1993,0.487337821,0.516440443,0.461992343
Age-Standardized Smoking Prevalence,7,Democratic People's Republic of Korea,2,Female,29,15+ years,1993,0.042347943,0.054502028,0.032357471
Age-Standardized Smoking Prevalence,7,Democratic People's Republic of Korea,3,Both,29,15+ years,1993,0.246131416,0.260429014,0.233209627
Age-Standardized Smoking Prevalence,7,Democratic People's Republic of Korea,1,Male,29,15+ years,1994,0.490471327,0.519444256,0.466545766
Age-Standardized Smoking Prevalence,7,Democratic People's Republic of Korea,2,Female,29,15+ years,1994,0.042838449,0.055115181,0.032805324
Age-Standardized Smoking Prevalence,7,Democratic People's Republic of Korea,3,Both,29,15+ years,1994,0.247922437,0.262043386,0.235273862
Age-Standardized Smoking Prevalence,7,Democratic People's Republic of Korea,1,Male,29,15+ years,1995,0.493248694,0.522305419,0.470143057
Age-Standardized Smoking Prevalence,7,Democratic People's Republic of Korea,2,Female,29,15+ years,1995,0.043297506,0.056403459,0.033333296
Age-Standardized Smoking Prevalence,7,Democratic People's Republic of Korea,3,Both,29,15+ years,1995,0.249581583,0.263395946,0.237403429
Age-Standardized Smoking Prevalence,7,Democratic People's Republic of Korea,1,Male,29,15+ years,1996,0.495646003,0.523095999,0.472421174
Age-Standardized Smoking Prevalence,7,Democratic People's Republic of Korea,2,Female,29,15+ years,1996,0.04373452,0.056529255,0.033990505
Age-Standardized Smoking Prevalence,7,Democratic People's Republic of Korea,3,Both,29,15+ years,1996,0.251203618,0.264432664,0.238933092
Age-Standardized Smoking Prevalence,7,Democratic People's Republic of Korea,1,Male,29,15+ years,1997,0.497633565,0.523833176,0.474914374
Age-Standardized Smoking Prevalence,7,Democratic People's Republic of Korea,2,Female,29,15+ years,1997,0.044134244,0.056675282,0.03451004
Age-Standardized Smoking Prevalence,7,Democratic People's Republic of Korea,3,Both,29,15+ years,1997,0.252779789,0.265846634,0.240552915
Age-Standardized Smoking Prevalence,7,Democratic People's Republic of Korea,1,Male,29,15+ years,1998,0.499148475,0.524561665,0.476549999
Age-Standardized Smoking Prevalence,7,Democratic People's Republic of Korea,2,Female,29,15+ years,1998,0.044495437,0.05739277,0.034639362
Age-Standardized Smoking Prevalence,7,Democratic People's Republic of Korea,3,Both,29,15+ years,1998,0.254150506,0.266903321,0.241748988
Age-Standardized Smoking Prevalence,7,Democratic People's Republic of Korea,1,Male,29,15+ years,1999,0.500187981,0.52404712,0.477937322
Age-Standardized Smoking Prevalence,7,Democratic People's Republic of Korea,2,Female,29,15+ years,1999,0.044814342,0.057733079,0.034988654
Age-Standardized Smoking Prevalence,7,Democratic People's Republic of Korea,3,Both,29,15+ years,1999,0.255494986,0.267928186,0.243077566
Age-Standardized Smoking Prevalence,7,Democratic People's Republic of Korea,1,Male,29,15+ years,2000,0.498998206,0.521007614,0.475979972
Age-Standardized Smoking Prevalence,7,Democratic People's Republic of Korea,2,Female,29,15+ years,2000,0.044886108,0.058169836,0.034971283
Age-Standardized Smoking Prevalence,7,Democratic People's Republic of Korea,3,Both,29,15+ years,2000,0.255724311,0.267970309,0.243550173
Age-Standardized Smoking Prevalence,7,Democratic People's Republic of Korea,1,Male,29,15+ years,2001,0.496395663,0.518676766,0.47477122
Age-Standardized Smoking Prevalence,7,Democratic People's Republic of Korea,2,Female,29,15+ years,2001,0.044779353,0.057785079,0.034738239
Age-Standardized Smoking Prevalence,7,Democratic People's Republic of Korea,3,Both,29,15+ years,2001,0.255284818,0.267517933,0.242885313
Age-Standardized Smoking Prevalence,7,Democratic People's Republic of Korea,1,Male,29,15+ years,2002,0.493008419,0.513676042,0.472405076
Age-Standardized Smoking Prevalence,7,Democratic People's Republic of Korea,2,Female,29,15+ years,2002,0.044567517,0.056995758,0.034708528
Age-Standardized Smoking Prevalence,7,Democratic People's Republic of Korea,3,Both,29,15+ years,2002,0.254441609,0.265941345,0.242126904
Age-Standardized Smoking Prevalence,7,Democratic People's Republic of Korea,1,Male,29,15+ years,2003,0.489704698,0.509908528,0.469487926
Age-Standardized Smoking Prevalence,7,Democratic People's Republic of Korea,2,Female,29,15+ years,2003,0.04440637,0.056396625,0.034542295
Age-Standardized Smoking Prevalence,7,Democratic People's Republic of Korea,3,Both,29,15+ years,2003,0.253712374,0.265172902,0.241833581
Age-Standardized Smoking Prevalence,7,Democratic People's Republic of Korea,1,Male,29,15+ years,2004,0.486525849,0.506045311,0.466428183
Age-Standardized Smoking Prevalence,7,Democratic People's Republic of Korea,2,Female,29,15+ years,2004,0.044280945,0.05614067,0.034536181
Age-Standardized Smoking Prevalence,7,Democratic People's Republic of Korea,3,Both,29,15+ years,2004,0.253230231,0.264642975,0.241915881
Age-Standardized Smoking Prevalence,7,Democratic People's Republic of Korea,1,Male,29,15+ years,2005,0.483329654,0.502699803,0.463839603
Age-Standardized Smoking Prevalence,7,Democratic People's Republic of Korea,2,Female,29,15+ years,2005,0.044176296,0.05578152,0.034468031
Age-Standardized Smoking Prevalence,7,Democratic People's Republic of Korea,3,Both,29,15+ years,2005,0.252752609,0.26376815,0.241275891
Age-Standardized Smoking Prevalence,7,Democratic People's Republic of Korea,1,Male,29,15+ years,2006,0.479182702,0.498377588,0.461101627
Age-Standardized Smoking Prevalence,7,Democratic People's Republic of Korea,2,Female,29,15+ years,2006,0.04404296,0.055665313,0.034372098
Age-Standardized Smoking Prevalence,7,Democratic People's Republic of Korea,3,Both,29,15+ years,2006,0.251849798,0.262837035,0.240921174
Age-Standardized Smoking Prevalence,7,Democratic People's Republic of Korea,1,Male,29,15+ years,2007,0.475124841,0.494561466,0.457317775
Age-Standardized Smoking Prevalence,7,Democratic People's Republic of Korea,2,Female,29,15+ years,2007,0.043935141,0.055506928,0.034459237
Age-Standardized Smoking Prevalence,7,Democratic People's Republic of Korea,3,Both,29,15+ years,2007,0.250913487,0.261742216,0.240555644
Age-Standardized Smoking Prevalence,7,Democratic People's Republic of Korea,1,Male,29,15+ years,2008,0.470542922,0.489637701,0.452147732
Age-Standardized Smoking Prevalence,7,Democratic People's Republic of Korea,2,Female,29,15+ years,2008,0.043851772,0.055680644,0.034530957
Age-Standardized Smoking Prevalence,7,Democratic People's Republic of Korea,3,Both,29,15+ years,2008,0.249603599,0.260307355,0.239166788
Age-Standardized Smoking Prevalence,7,Democratic People's Republic of Korea,1,Male,29,15+ years,2009,0.466034907,0.48518143,0.447143043
Age-Standardized Smoking Prevalence,7,Democratic People's Republic of Korea,2,Female,29,15+ years,2009,0.043836849,0.054949058,0.034745006
Age-Standardized Smoking Prevalence,7,Democratic People's Republic of Korea,3,Both,29,15+ years,2009,0.248453663,0.259326461,0.237909488
Age-Standardized Smoking Prevalence,7,Democratic People's Republic of Korea,1,Male,29,15+ years,2010,0.461705464,0.480782302,0.441788061
Age-Standardized Smoking Prevalence,7,Democratic People's Republic of Korea,2,Female,29,15+ years,2010,0.043897225,0.055079129,0.034690239
Age-Standardized Smoking Prevalence,7,Democratic People's Republic of Korea,3,Both,29,15+ years,2010,0.247346194,0.257900874,0.236924803
Age-Standardized Smoking Prevalence,7,Democratic People's Republic of Korea,1,Male,29,15+ years,2011,0.457408913,0.476947527,0.437695307
Age-Standardized Smoking Prevalence,7,Democratic People's Republic of Korea,2,Female,29,15+ years,2011,0.043951941,0.054991184,0.03473813
Age-Standardized Smoking Prevalence,7,Democratic People's Republic of Korea,3,Both,29,15+ years,2011,0.246223538,0.256922371,0.235597714
Age-Standardized Smoking Prevalence,7,Democratic People's Republic of Korea,1,Male,29,15+ years,2012,0.453302647,0.472931771,0.433895398
Age-Standardized Smoking Prevalence,7,Democratic People's Republic of Korea,2,Female,29,15+ years,2012,0.044041469,0.05530216,0.034897666
Age-Standardized Smoking Prevalence,7,Democratic People's Republic of Korea,3,Both,29,15+ years,2012,0.24512695,0.256506465,0.234293918
Age-Standardized Smoking Prevalence,7,Democratic People's Republic of Korea,1,Male,29,15+ years,2013,0.449464923,0.468933945,0.430063108
Age-Standardized Smoking Prevalence,7,Democratic People's Republic of Korea,2,Female,29,15+ years,2013,0.044160385,0.05576299,0.035072226
Age-Standardized Smoking Prevalence,7,Democratic People's Republic of Korea,3,Both,29,15+ years,2013,0.244063277,0.255546377,0.233108397
Age-Standardized Smoking Prevalence,7,Democratic People's Republic of Korea,1,Male,29,15+ years,2014,0.445860012,0.465634856,0.425532979
Age-Standardized Smoking Prevalence,7,Democratic People's Republic of Korea,2,Female,29,15+ years,2014,0.044316682,0.056164513,0.035247382
Age-Standardized Smoking Prevalence,7,Democratic People's Republic of Korea,3,Both,29,15+ years,2014,0.243162558,0.254857815,0.231781473
Age-Standardized Smoking Prevalence,7,Democratic People's Republic of Korea,1,Male,29,15+ years,2015,0.442482493,0.461936031,0.421166547
Age-Standardized Smoking Prevalence,7,Democratic People's Republic of Korea,2,Female,29,15+ years,2015,0.044471406,0.0565901,0.035187327
Age-Standardized Smoking Prevalence,7,Democratic People's Republic of Korea,3,Both,29,15+ years,2015,0.242303647,0.25361975,0.230379668
Age-Standardized Smoking Prevalence,7,Democratic People's Republic of Korea,1,Male,29,15+ years,2016,0.439282837,0.458740007,0.416953934
Age-Standardized Smoking Prevalence,7,Democratic People's Republic of Korea,2,Female,29,15+ years,2016,0.044657075,0.056702725,0.035466975
Age-Standardized Smoking Prevalence,7,Democratic People's Republic of Korea,3,Both,29,15+ years,2016,0.241526987,0.252985257,0.229166425
Age-Standardized Smoking Prevalence,7,Democratic People's Republic of Korea,1,Male,29,15+ years,2017,0.436373654,0.455716418,0.41363263
Age-Standardized Smoking Prevalence,7,Democratic People's Republic of Korea,2,Female,29,15+ years,2017,0.044847854,0.056729565,0.035731556
Age-Standardized Smoking Prevalence,7,Democratic People's Republic of Korea,3,Both,29,15+ years,2017,0.240826178,0.25245972,0.227933951
Age-Standardized Smoking Prevalence,7,Democratic People's Republic of Korea,1,Male,29,15+ years,2018,0.435769716,0.455718636,0.413278182
Age-Standardized Smoking Prevalence,7,Democratic People's Republic of Korea,2,Female,29,15+ years,2018,0.044852142,0.056512599,0.035674414
Age-Standardized Smoking Prevalence,7,Democratic People's Republic of Korea,3,Both,29,15+ years,2018,0.241073078,0.25259996,0.22820551
Age-Standardized Smoking Prevalence,7,Democratic People's Republic of Korea,1,Male,29,15+ years,2019,0.435506592,0.456492517,0.413258272
Age-Standardized Smoking Prevalence,7,Democratic People's Republic of Korea,2,Female,29,15+ years,2019,0.044832177,0.056926821,0.03573438
Age-Standardized Smoking Prevalence,7,Democratic People's Republic of Korea,3,Both,29,15+ years,2019,0.241501743,0.253313529,0.228376753
Age-Standardized Smoking Prevalence,10,Cambodia,1,Male,29,15+ years,1990,0.506195202,0.527723133,0.484611511
Age-Standardized Smoking Prevalence,10,Cambodia,2,Female,29,15+ years,1990,0.059693026,0.072463248,0.049199594
Age-Standardized Smoking Prevalence,10,Cambodia,3,Both,29,15+ years,1990,0.254625239,0.266787939,0.243305086
Age-Standardized Smoking Prevalence,10,Cambodia,1,Male,29,15+ years,1991,0.511644041,0.532147621,0.491589178
Age-Standardized Smoking Prevalence,10,Cambodia,2,Female,29,15+ years,1991,0.060774511,0.072680169,0.05054518
Age-Standardized Smoking Prevalence,10,Cambodia,3,Both,29,15+ years,1991,0.25783153,0.269520803,0.246926649
Age-Standardized Smoking Prevalence,10,Cambodia,1,Male,29,15+ years,1992,0.517376482,0.537547204,0.498697385
Age-Standardized Smoking Prevalence,10,Cambodia,2,Female,29,15+ years,1992,0.061956019,0.073348703,0.051894691
Age-Standardized Smoking Prevalence,10,Cambodia,3,Both,29,15+ years,1992,0.261288027,0.272527117,0.250895799
Age-Standardized Smoking Prevalence,10,Cambodia,1,Male,29,15+ years,1993,0.523383857,0.541980646,0.506050271
Age-Standardized Smoking Prevalence,10,Cambodia,2,Female,29,15+ years,1993,0.063238715,0.074364309,0.053382982
Age-Standardized Smoking Prevalence,10,Cambodia,3,Both,29,15+ years,1993,0.26493244,0.275371534,0.255248562
Age-Standardized Smoking Prevalence,10,Cambodia,1,Male,29,15+ years,1994,0.529170298,0.546179421,0.512812833
Age-Standardized Smoking Prevalence,10,Cambodia,2,Female,29,15+ years,1994,0.064527283,0.075302048,0.055089361
Age-Standardized Smoking Prevalence,10,Cambodia,3,Both,29,15+ years,1994,0.268471598,0.278299115,0.259631776
Age-Standardized Smoking Prevalence,10,Cambodia,1,Male,29,15+ years,1995,0.534389423,0.550651542,0.518782225
Age-Standardized Smoking Prevalence,10,Cambodia,2,Female,29,15+ years,1995,0.06575989,0.076075836,0.056774527
Age-Standardized Smoking Prevalence,10,Cambodia,3,Both,29,15+ years,1995,0.271761283,0.280671448,0.26364913
Age-Standardized Smoking Prevalence,10,Cambodia,1,Male,29,15+ years,1996,0.538446112,0.553172844,0.524094974
Age-Standardized Smoking Prevalence,10,Cambodia,2,Female,29,15+ years,1996,0.066799349,0.07633317,0.058435114
Age-Standardized Smoking Prevalence,10,Cambodia,3,Both,29,15+ years,1996,0.274458791,0.282828261,0.266645675
Age-Standardized Smoking Prevalence,10,Cambodia,1,Male,29,15+ years,1997,0.541500485,0.554659809,0.528727469
Age-Standardized Smoking Prevalence,10,Cambodia,2,Female,29,15+ years,1997,0.067655923,0.076583736,0.059686215
Age-Standardized Smoking Prevalence,10,Cambodia,3,Both,29,15+ years,1997,0.276679165,0.284426414,0.269352661
Age-Standardized Smoking Prevalence,10,Cambodia,1,Male,29,15+ years,1998,0.543071524,0.555393004,0.531398779
Age-Standardized Smoking Prevalence,10,Cambodia,2,Female,29,15+ years,1998,0.068246832,0.076640063,0.060632788
Age-Standardized Smoking Prevalence,10,Cambodia,3,Both,29,15+ years,1998,0.278145205,0.285529816,0.271202435
Age-Standardized Smoking Prevalence,10,Cambodia,1,Male,29,15+ years,1999,0.543112676,0.554322908,0.532228478
Age-Standardized Smoking Prevalence,10,Cambodia,2,Female,29,15+ years,1999,0.068569323,0.076511851,0.061372466
Age-Standardized Smoking Prevalence,10,Cambodia,3,Both,29,15+ years,1999,0.27880957,0.285503374,0.272435209
Age-Standardized Smoking Prevalence,10,Cambodia,1,Male,29,15+ years,2000,0.540088924,0.55028391,0.530221097
Age-Standardized Smoking Prevalence,10,Cambodia,2,Female,29,15+ years,2000,0.068258763,0.075621538,0.061278474
Age-Standardized Smoking Prevalence,10,Cambodia,3,Both,29,15+ years,2000,0.277736116,0.283754052,0.27189061
Age-Standardized Smoking Prevalence,10,Cambodia,1,Male,29,15+ years,2001,0.534795635,0.543799668,0.525730494
Age-Standardized Smoking Prevalence,10,Cambodia,2,Female,29,15+ years,2001,0.067487774,0.074410351,0.061234461
Age-Standardized Smoking Prevalence,10,Cambodia,3,Both,29,15+ years,2001,0.275359257,0.280805649,0.270126478
Age-Standardized Smoking Prevalence,10,Cambodia,1,Male,29,15+ years,2002,0.527446868,0.535783985,0.519117606
Age-Standardized Smoking Prevalence,10,Cambodia,2,Female,29,15+ years,2002,0.066359494,0.072864067,0.060209884
Age-Standardized Smoking Prevalence,10,Cambodia,3,Both,29,15+ years,2002,0.271861751,0.276966913,0.266977808
Age-Standardized Smoking Prevalence,10,Cambodia,1,Male,29,15+ years,2003,0.518303986,0.526228486,0.510718346
Age-Standardized Smoking Prevalence,10,Cambodia,2,Female,29,15+ years,2003,0.064951644,0.070942713,0.058846962
Age-Standardized Smoking Prevalence,10,Cambodia,3,Both,29,15+ years,2003,0.267403898,0.272265568,0.262666658
Age-Standardized Smoking Prevalence,10,Cambodia,1,Male,29,15+ years,2004,0.507981493,0.514984914,0.500838937
Age-Standardized Smoking Prevalence,10,Cambodia,2,Female,29,15+ years,2004,0.063420596,0.069283521,0.05762795
Age-Standardized Smoking Prevalence,10,Cambodia,3,Both,29,15+ years,2004,0.262315827,0.266943988,0.257567732
Age-Standardized Smoking Prevalence,10,Cambodia,1,Male,29,15+ years,2005,0.495468459,0.502596929,0.487920159
Age-Standardized Smoking Prevalence,10,Cambodia,2,Female,29,15+ years,2005,0.061491775,0.067044001,0.055912708
Age-Standardized Smoking Prevalence,10,Cambodia,3,Both,29,15+ years,2005,0.25599799,0.260774153,0.251125549
Age-Standardized Smoking Prevalence,10,Cambodia,1,Male,29,15+ years,2006,0.48398596,0.491344514,0.476597364
Age-Standardized Smoking Prevalence,10,Cambodia,2,Female,29,15+ years,2006,0.059864426,0.065388457,0.054307356
Age-Standardized Smoking Prevalence,10,Cambodia,3,Both,29,15+ years,2006,0.250274599,0.255125762,0.245545617
Age-Standardized Smoking Prevalence,10,Cambodia,1,Male,29,15+ years,2007,0.472961256,0.480594937,0.465187708
Age-Standardized Smoking Prevalence,10,Cambodia,2,Female,29,15+ years,2007,0.058588349,0.064482889,0.052699345
Age-Standardized Smoking Prevalence,10,Cambodia,3,Both,29,15+ years,2007,0.244931551,0.249925653,0.240003991
Age-Standardized Smoking Prevalence,10,Cambodia,1,Male,29,15+ years,2008,0.462063178,0.470117657,0.453999033
Age-Standardized Smoking Prevalence,10,Cambodia,2,Female,29,15+ years,2008,0.057380904,0.063522075,0.051205462
Age-Standardized Smoking Prevalence,10,Cambodia,3,Both,29,15+ years,2008,0.23965901,0.24470058,0.234510657
Age-Standardized Smoking Prevalence,10,Cambodia,1,Male,29,15+ years,2009,0.45147556,0.459690998,0.442854163
Age-Standardized Smoking Prevalence,10,Cambodia,2,Female,29,15+ years,2009,0.056246633,0.062695441,0.04998093
Age-Standardized Smoking Prevalence,10,Cambodia,3,Both,29,15+ years,2009,0.234546483,0.239764599,0.229253477
Age-Standardized Smoking Prevalence,10,Cambodia,1,Male,29,15+ years,2010,0.441259188,0.449745196,0.432322673
Age-Standardized Smoking Prevalence,10,Cambodia,2,Female,29,15+ years,2010,0.055185253,0.061781716,0.048720056
Age-Standardized Smoking Prevalence,10,Cambodia,3,Both,29,15+ years,2010,0.229619903,0.234852888,0.224072166
Age-Standardized Smoking Prevalence,10,Cambodia,1,Male,29,15+ years,2011,0.431337625,0.440100923,0.422273333
Age-Standardized Smoking Prevalence,10,Cambodia,2,Female,29,15+ years,2011,0.054228795,0.061227458,0.047640577
Age-Standardized Smoking Prevalence,10,Cambodia,3,Both,29,15+ years,2011,0.224868891,0.230289961,0.219293519
Age-Standardized Smoking Prevalence,10,Cambodia,1,Male,29,15+ years,2012,0.422347994,0.431244789,0.412920538
Age-Standardized Smoking Prevalence,10,Cambodia,2,Female,29,15+ years,2012,0.053151907,0.060556593,0.046592609
Age-Standardized Smoking Prevalence,10,Cambodia,3,Both,29,15+ years,2012,0.220473378,0.226116434,0.214770304
Age-Standardized Smoking Prevalence,10,Cambodia,1,Male,29,15+ years,2013,0.415082363,0.424261186,0.404894182
Age-Standardized Smoking Prevalence,10,Cambodia,2,Female,29,15+ years,2013,0.052189391,0.059644508,0.045250062
Age-Standardized Smoking Prevalence,10,Cambodia,3,Both,29,15+ years,2013,0.216940668,0.222934746,0.210861298
Age-Standardized Smoking Prevalence,10,Cambodia,1,Male,29,15+ years,2014,0.409151207,0.419257855,0.397934412
Age-Standardized Smoking Prevalence,10,Cambodia,2,Female,29,15+ years,2014,0.051334905,0.059319593,0.043799871
Age-Standardized Smoking Prevalence,10,Cambodia,3,Both,29,15+ years,2014,0.214087402,0.22030361,0.207648331
Age-Standardized Smoking Prevalence,10,Cambodia,1,Male,29,15+ years,2015,0.405935482,0.417306753,0.393277255
Age-Standardized Smoking Prevalence,10,Cambodia,2,Female,29,15+ years,2015,0.050984434,0.059166865,0.043306368
Age-Standardized Smoking Prevalence,10,Cambodia,3,Both,29,15+ years,2015,0.212783818,0.219592461,0.205997126
Age-Standardized Smoking Prevalence,10,Cambodia,1,Male,29,15+ years,2016,0.40416589,0.416663608,0.390499257
Age-Standardized Smoking Prevalence,10,Cambodia,2,Female,29,15+ years,2016,0.050772684,0.059209727,0.043039566
Age-Standardized Smoking Prevalence,10,Cambodia,3,Both,29,15+ years,2016,0.212242207,0.219570906,0.20472913
Age-Standardized Smoking Prevalence,10,Cambodia,1,Male,29,15+ years,2017,0.403746485,0.417485758,0.388647123
Age-Standardized Smoking Prevalence,10,Cambodia,2,Female,29,15+ years,2017,0.050695453,0.059598128,0.042339214
Age-Standardized Smoking Prevalence,10,Cambodia,3,Both,29,15+ years,2017,0.212431152,0.220516095,0.204187489
Age-Standardized Smoking Prevalence,10,Cambodia,1,Male,29,15+ years,2018,0.404529784,0.41984772,0.387386771
Age-Standardized Smoking Prevalence,10,Cambodia,2,Female,29,15+ years,2018,0.050752555,0.060435385,0.042282656
Age-Standardized Smoking Prevalence,10,Cambodia,3,Both,29,15+ years,2018,0.213256641,0.222058431,0.204442878
Age-Standardized Smoking Prevalence,10,Cambodia,1,Male,29,15+ years,2019,0.406229435,0.423156061,0.388247724
Age-Standardized Smoking Prevalence,10,Cambodia,2,Female,29,15+ years,2019,0.050892161,0.060953445,0.041728959
Age-Standardized Smoking Prevalence,10,Cambodia,3,Both,29,15+ years,2019,0.214543019,0.223961368,0.205107966
Age-Standardized Smoking Prevalence,11,Indonesia,1,Male,29,15+ years,1990,0.545542985,0.560571718,0.530312747
Age-Standardized Smoking Prevalence,11,Indonesia,2,Female,29,15+ years,1990,0.033638298,0.040418837,0.027847226
Age-Standardized Smoking Prevalence,11,Indonesia,3,Both,29,15+ years,1990,0.284533918,0.293094075,0.276379626
Age-Standardized Smoking Prevalence,11,Indonesia,1,Male,29,15+ years,1991,0.547746063,0.561297715,0.534282458
Age-Standardized Smoking Prevalence,11,Indonesia,2,Female,29,15+ years,1991,0.034092413,0.04063176,0.028575267
Age-Standardized Smoking Prevalence,11,Indonesia,3,Both,29,15+ years,1991,0.28596107,0.293527554,0.278527436
Age-Standardized Smoking Prevalence,11,Indonesia,1,Male,29,15+ years,1992,0.550821366,0.562925695,0.539013395
Age-Standardized Smoking Prevalence,11,Indonesia,2,Female,29,15+ years,1992,0.034577998,0.040923541,0.029006347
Age-Standardized Smoking Prevalence,11,Indonesia,3,Both,29,15+ years,1992,0.287816918,0.294484993,0.28148884
Age-Standardized Smoking Prevalence,11,Indonesia,1,Male,29,15+ years,1993,0.555054242,0.565735347,0.544661931
Age-Standardized Smoking Prevalence,11,Indonesia,2,Female,29,15+ years,1993,0.035119388,0.04136877,0.029750605
Age-Standardized Smoking Prevalence,11,Indonesia,3,Both,29,15+ years,1993,0.290270513,0.296268266,0.284231984
Age-Standardized Smoking Prevalence,11,Indonesia,1,Male,29,15+ years,1994,0.56084613,0.570460346,0.5514015
Age-Standardized Smoking Prevalence,11,Indonesia,2,Female,29,15+ years,1994,0.035708369,0.041712093,0.030270219
Age-Standardized Smoking Prevalence,11,Indonesia,3,Both,29,15+ years,1994,0.293523912,0.299169534,0.287793211
Age-Standardized Smoking Prevalence,11,Indonesia,1,Male,29,15+ years,1995,0.567614905,0.576570592,0.558511953
Age-Standardized Smoking Prevalence,11,Indonesia,2,Female,29,15+ years,1995,0.036357549,0.042168482,0.031078437
Age-Standardized Smoking Prevalence,11,Indonesia,3,Both,29,15+ years,1995,0.297302501,0.302783316,0.291887848
Age-Standardized Smoking Prevalence,11,Indonesia,1,Male,29,15+ years,1996,0.57527151,0.584105675,0.566797333
Age-Standardized Smoking Prevalence,11,Indonesia,2,Female,29,15+ years,1996,0.037024309,0.042617024,0.031656319
Age-Standardized Smoking Prevalence,11,Indonesia,3,Both,29,15+ years,1996,0.301575007,0.306792511,0.296559551
Age-Standardized Smoking Prevalence,11,Indonesia,1,Male,29,15+ years,1997,0.58320842,0.591478296,0.574938987
Age-Standardized Smoking Prevalence,11,Indonesia,2,Female,29,15+ years,1997,0.037710079,0.04326249,0.032374799
Age-Standardized Smoking Prevalence,11,Indonesia,3,Both,29,15+ years,1997,0.306005524,0.311234875,0.301290658
Age-Standardized Smoking Prevalence,11,Indonesia,1,Male,29,15+ years,1998,0.590911129,0.598950421,0.582861537
Age-Standardized Smoking Prevalence,11,Indonesia,2,Female,29,15+ years,1998,0.03843298,0.044056281,0.033232328
Age-Standardized Smoking Prevalence,11,Indonesia,3,Both,29,15+ years,1998,0.310354419,0.315427189,0.305633609
Age-Standardized Smoking Prevalence,11,Indonesia,1,Male,29,15+ years,1999,0.598337351,0.606274837,0.590437969
Age-Standardized Smoking Prevalence,11,Indonesia,2,Female,29,15+ years,1999,0.039171999,0.044844623,0.033866384
Age-Standardized Smoking Prevalence,11,Indonesia,3,Both,29,15+ years,1999,0.31459102,0.319420147,0.309895937
Age-Standardized Smoking Prevalence,11,Indonesia,1,Male,29,15+ years,2000,0.605207206,0.612989346,0.597402355
Age-Standardized Smoking Prevalence,11,Indonesia,2,Female,29,15+ years,2000,0.039904703,0.045477769,0.034743093
Age-Standardized Smoking Prevalence,11,Indonesia,3,Both,29,15+ years,2000,0.318562843,0.323409433,0.31387659
Age-Standardized Smoking Prevalence,11,Indonesia,1,Male,29,15+ years,2001,0.611241973,0.619208769,0.603821238
Age-Standardized Smoking Prevalence,11,Indonesia,2,Female,29,15+ years,2001,0.040611216,0.045944678,0.035707718
Age-Standardized Smoking Prevalence,11,Indonesia,3,Both,29,15+ years,2001,0.322152158,0.326823272,0.317771301
Age-Standardized Smoking Prevalence,11,Indonesia,1,Male,29,15+ years,2002,0.615378086,0.623234215,0.608158063
Age-Standardized Smoking Prevalence,11,Indonesia,2,Female,29,15+ years,2002,0.041149813,0.046632061,0.03628706
Age-Standardized Smoking Prevalence,11,Indonesia,3,Both,29,15+ years,2002,0.32472669,0.329162484,0.32027792
Age-Standardized Smoking Prevalence,11,Indonesia,1,Male,29,15+ years,2003,0.618671681,0.626692,0.61158867
Age-Standardized Smoking Prevalence,11,Indonesia,2,Female,29,15+ years,2003,0.041663509,0.047071753,0.037079931
Age-Standardized Smoking Prevalence,11,Indonesia,3,Both,29,15+ years,2003,0.326880645,0.331158622,0.322657863
Age-Standardized Smoking Prevalence,11,Indonesia,1,Male,29,15+ years,2004,0.622107871,0.629665733,0.61529915
Age-Standardized Smoking Prevalence,11,Indonesia,2,Female,29,15+ years,2004,0.042321756,0.04779092,0.037837097
Age-Standardized Smoking Prevalence,11,Indonesia,3,Both,29,15+ years,2004,0.329149996,0.333244116,0.324994985
Age-Standardized Smoking Prevalence,11,Indonesia,1,Male,29,15+ years,2005,0.624971219,0.632204862,0.618653479
Age-Standardized Smoking Prevalence,11,Indonesia,2,Female,29,15+ years,2005,0.042815268,0.047971782,0.038581888
Age-Standardized Smoking Prevalence,11,Indonesia,3,Both,29,15+ years,2005,0.331054102,0.33504879,0.326932175
Age-Standardized Smoking Prevalence,11,Indonesia,1,Male,29,15+ years,2006,0.627406854,0.634330604,0.621192394
Age-Standardized Smoking Prevalence,11,Indonesia,2,Female,29,15+ years,2006,0.043204166,0.048045149,0.038814815
Age-Standardized Smoking Prevalence,11,Indonesia,3,Both,29,15+ years,2006,0.332750175,0.336781408,0.328833908
Age-Standardized Smoking Prevalence,11,Indonesia,1,Male,29,15+ years,2007,0.62932218,0.63643501,0.62330609
Age-Standardized Smoking Prevalence,11,Indonesia,2,Female,29,15+ years,2007,0.043488512,0.048355064,0.039274065
Age-Standardized Smoking Prevalence,11,Indonesia,3,Both,29,15+ years,2007,0.33411583,0.338052018,0.33019302
Age-Standardized Smoking Prevalence,11,Indonesia,1,Male,29,15+ years,2008,0.630647811,0.637301482,0.624359613
Age-Standardized Smoking Prevalence,11,Indonesia,2,Female,29,15+ years,2008,0.043535334,0.048404449,0.039394354
Age-Standardized Smoking Prevalence,11,Indonesia,3,Both,29,15+ years,2008,0.335056537,0.338964417,0.331247557
Age-Standardized Smoking Prevalence,11,Indonesia,1,Male,29,15+ years,2009,0.63114494,0.637580541,0.625017284
Age-Standardized Smoking Prevalence,11,Indonesia,2,Female,29,15+ years,2009,0.043428422,0.048081685,0.039381345
Age-Standardized Smoking Prevalence,11,Indonesia,3,Both,29,15+ years,2009,0.335498274,0.339318287,0.33161809
Age-Standardized Smoking Prevalence,11,Indonesia,1,Male,29,15+ years,2010,0.630469967,0.63695694,0.624168768
Age-Standardized Smoking Prevalence,11,Indonesia,2,Female,29,15+ years,2010,0.043079505,0.047770752,0.038711789
Age-Standardized Smoking Prevalence,11,Indonesia,3,Both,29,15+ years,2010,0.335222628,0.339187797,0.331182418
Age-Standardized Smoking Prevalence,11,Indonesia,1,Male,29,15+ years,2011,0.62841061,0.635023535,0.62187303
Age-Standardized Smoking Prevalence,11,Indonesia,2,Female,29,15+ years,2011,0.04250998,0.047332366,0.038051746
Age-Standardized Smoking Prevalence,11,Indonesia,3,Both,29,15+ years,2011,0.334150591,0.33820355,0.330237517
Age-Standardized Smoking Prevalence,11,Indonesia,1,Male,29,15+ years,2012,0.624737068,0.631857137,0.617694116
Age-Standardized Smoking Prevalence,11,Indonesia,2,Female,29,15+ years,2012,0.041797676,0.047006999,0.037100034
Age-Standardized Smoking Prevalence,11,Indonesia,3,Both,29,15+ years,2012,0.332173992,0.336183084,0.32805163
Age-Standardized Smoking Prevalence,11,Indonesia,1,Male,29,15+ years,2013,0.619176288,0.626479644,0.61137096
Age-Standardized Smoking Prevalence,11,Indonesia,2,Female,29,15+ years,2013,0.040947438,0.046457924,0.036088774
Age-Standardized Smoking Prevalence,11,Indonesia,3,Both,29,15+ years,2013,0.329172122,0.333561349,0.324688261
Age-Standardized Smoking Prevalence,11,Indonesia,1,Male,29,15+ years,2014,0.612174253,0.620073377,0.604058352
Age-Standardized Smoking Prevalence,11,Indonesia,2,Female,29,15+ years,2014,0.03995112,0.045749844,0.034863138
Age-Standardized Smoking Prevalence,11,Indonesia,3,Both,29,15+ years,2014,0.325361789,0.330037156,0.320552389
Age-Standardized Smoking Prevalence,11,Indonesia,1,Male,29,15+ years,2015,0.604620475,0.613100845,0.595925613
Age-Standardized Smoking Prevalence,11,Indonesia,2,Female,29,15+ years,2015,0.038916481,0.044989796,0.033647693
Age-Standardized Smoking Prevalence,11,Indonesia,3,Both,29,15+ years,2015,0.321243363,0.326235888,0.316016215
Age-Standardized Smoking Prevalence,11,Indonesia,1,Male,29,15+ years,2016,0.59738067,0.606512984,0.587545443
Age-Standardized Smoking Prevalence,11,Indonesia,2,Female,29,15+ years,2016,0.037901082,0.044094644,0.032434466
Age-Standardized Smoking Prevalence,11,Indonesia,3,Both,29,15+ years,2016,0.317296228,0.322627665,0.311450163
Age-Standardized Smoking Prevalence,11,Indonesia,1,Male,29,15+ years,2017,0.59129507,0.601446994,0.580186653
Age-Standardized Smoking Prevalence,11,Indonesia,2,Female,29,15+ years,2017,0.037103873,0.043494501,0.031574264
Age-Standardized Smoking Prevalence,11,Indonesia,3,Both,29,15+ years,2017,0.314006963,0.319716812,0.307656933
Age-Standardized Smoking Prevalence,11,Indonesia,1,Male,29,15+ years,2018,0.586685624,0.598282667,0.574664977
Age-Standardized Smoking Prevalence,11,Indonesia,2,Female,29,15+ years,2018,0.036516905,0.043076563,0.030781869
Age-Standardized Smoking Prevalence,11,Indonesia,3,Both,29,15+ years,2018,0.311541415,0.317843521,0.30472438
Age-Standardized Smoking Prevalence,11,Indonesia,1,Male,29,15+ years,2019,0.583269087,0.595732375,0.569809949
Age-Standardized Smoking Prevalence,11,Indonesia,2,Female,29,15+ years,2019,0.035995332,0.04312921,0.030031194
Age-Standardized Smoking Prevalence,11,Indonesia,3,Both,29,15+ years,2019,0.309691206,0.316629534,0.30232313
Age-Standardized Smoking Prevalence,12,Lao People's Democratic Republic,1,Male,29,15+ years,1990,0.450634735,0.477462411,0.42438322
Age-Standardized Smoking Prevalence,12,Lao People's Democratic Republic,2,Female,29,15+ years,1990,0.054864397,0.070885403,0.042092475
Age-Standardized Smoking Prevalence,12,Lao People's Democratic Republic,3,Both,29,15+ years,1990,0.243652224,0.25892886,0.229278119
Age-Standardized Smoking Prevalence,12,Lao People's Democratic Republic,1,Male,29,15+ years,1991,0.444592162,0.470938872,0.418545444
Age-Standardized Smoking Prevalence,12,Lao People's Democratic Republic,2,Female,29,15+ years,1991,0.054014788,0.069518561,0.041430802
Age-Standardized Smoking Prevalence,12,Lao People's Democratic Republic,3,Both,29,15+ years,1991,0.240736251,0.255368783,0.226734388
Age-Standardized Smoking Prevalence,12,Lao People's Democratic Republic,1,Male,29,15+ years,1992,0.43966741,0.46561596,0.413966674
Age-Standardized Smoking Prevalence,12,Lao People's Democratic Republic,2,Female,29,15+ years,1992,0.053363963,0.068300732,0.040966875
Age-Standardized Smoking Prevalence,12,Lao People's Democratic Republic,3,Both,29,15+ years,1992,0.238487975,0.252790779,0.224533972
Age-Standardized Smoking Prevalence,12,Lao People's Democratic Republic,1,Male,29,15+ years,1993,0.436047581,0.461891517,0.410628397
Age-Standardized Smoking Prevalence,12,Lao People's Democratic Republic,2,Female,29,15+ years,1993,0.052926937,0.06745656,0.040670211
Age-Standardized Smoking Prevalence,12,Lao People's Democratic Republic,3,Both,29,15+ years,1993,0.236951531,0.251152794,0.223501745
Age-Standardized Smoking Prevalence,12,Lao People's Democratic Republic,1,Male,29,15+ years,1994,0.433713037,0.458800963,0.408384609
Age-Standardized Smoking Prevalence,12,Lao People's Democratic Republic,2,Female,29,15+ years,1994,0.052722832,0.067510363,0.040778682
Age-Standardized Smoking Prevalence,12,Lao People's Democratic Republic,3,Both,29,15+ years,1994,0.236106965,0.249494794,0.222866328
Age-Standardized Smoking Prevalence,12,Lao People's Democratic Republic,1,Male,29,15+ years,1995,0.431903144,0.456533124,0.407279221
Age-Standardized Smoking Prevalence,12,Lao People's Democratic Republic,2,Female,29,15+ years,1995,0.052592495,0.067316805,0.040778952
Age-Standardized Smoking Prevalence,12,Lao People's Democratic Republic,3,Both,29,15+ years,1995,0.235504162,0.248937003,0.222296272
Age-Standardized Smoking Prevalence,12,Lao People's Democratic Republic,1,Male,29,15+ years,1996,0.430520198,0.454495032,0.407268319
Age-Standardized Smoking Prevalence,12,Lao People's Democratic Republic,2,Female,29,15+ years,1996,0.052562884,0.067051567,0.041120174
Age-Standardized Smoking Prevalence,12,Lao People's Democratic Republic,3,Both,29,15+ years,1996,0.235173295,0.2486503,0.222365556
Age-Standardized Smoking Prevalence,12,Lao People's Democratic Republic,1,Male,29,15+ years,1997,0.429485211,0.452797853,0.407096542
Age-Standardized Smoking Prevalence,12,Lao People's Democratic Republic,2,Female,29,15+ years,1997,0.052581041,0.06639045,0.041446495
Age-Standardized Smoking Prevalence,12,Lao People's Democratic Republic,3,Both,29,15+ years,1997,0.235035292,0.248179977,0.222340586
Age-Standardized Smoking Prevalence,12,Lao People's Democratic Republic,1,Male,29,15+ years,1998,0.428670796,0.450828497,0.407235821
Age-Standardized Smoking Prevalence,12,Lao People's Democratic Republic,2,Female,29,15+ years,1998,0.052661733,0.066647695,0.041633201
Age-Standardized Smoking Prevalence,12,Lao People's Democratic Republic,3,Both,29,15+ years,1998,0.235040585,0.247943471,0.223303507
Age-Standardized Smoking Prevalence,12,Lao People's Democratic Republic,1,Male,29,15+ years,1999,0.428158513,0.449794364,0.407136951
Age-Standardized Smoking Prevalence,12,Lao People's Democratic Republic,2,Female,29,15+ years,1999,0.052786904,0.066305545,0.041804136
Age-Standardized Smoking Prevalence,12,Lao People's Democratic Republic,3,Both,29,15+ years,1999,0.235219051,0.247348008,0.223784339
Age-Standardized Smoking Prevalence,12,Lao People's Democratic Republic,1,Male,29,15+ years,2000,0.427784216,0.44897565,0.407832731
Age-Standardized Smoking Prevalence,12,Lao People's Democratic Republic,2,Female,29,15+ years,2000,0.052936996,0.06551806,0.041978933
Age-Standardized Smoking Prevalence,12,Lao People's Democratic Republic,3,Both,29,15+ years,2000,0.235482703,0.247430701,0.22429407
Age-Standardized Smoking Prevalence,12,Lao People's Democratic Republic,1,Male,29,15+ years,2001,0.427613028,0.448569983,0.407505349
Age-Standardized Smoking Prevalence,12,Lao People's Democratic Republic,2,Female,29,15+ years,2001,0.05314912,0.065566954,0.042261316
Age-Standardized Smoking Prevalence,12,Lao People's Democratic Republic,3,Both,29,15+ years,2001,0.235835168,0.247319517,0.224978969
Age-Standardized Smoking Prevalence,12,Lao People's Democratic Republic,1,Male,29,15+ years,2002,0.427469596,0.44725264,0.408583368
Age-Standardized Smoking Prevalence,12,Lao People's Democratic Republic,2,Female,29,15+ years,2002,0.053419902,0.065198206,0.042744147
Age-Standardized Smoking Prevalence,12,Lao People's Democratic Republic,3,Both,29,15+ years,2002,0.236233894,0.247566239,0.225676803
Age-Standardized Smoking Prevalence,12,Lao People's Democratic Republic,1,Male,29,15+ years,2003,0.427472048,0.446641677,0.40938224
Age-Standardized Smoking Prevalence,12,Lao People's Democratic Republic,2,Female,29,15+ years,2003,0.0537747,0.065404797,0.043121823
Age-Standardized Smoking Prevalence,12,Lao People's Democratic Republic,3,Both,29,15+ years,2003,0.236710803,0.247661197,0.226228133
Age-Standardized Smoking Prevalence,12,Lao People's Democratic Republic,1,Male,29,15+ years,2004,0.428196648,0.446602216,0.410103259
Age-Standardized Smoking Prevalence,12,Lao People's Democratic Republic,2,Female,29,15+ years,2004,0.054330329,0.066214592,0.043870215
Age-Standardized Smoking Prevalence,12,Lao People's Democratic Republic,3,Both,29,15+ years,2004,0.237568793,0.248410384,0.227219229
Age-Standardized Smoking Prevalence,12,Lao People's Democratic Republic,1,Male,29,15+ years,2005,0.429369744,0.447724667,0.411011698
Age-Standardized Smoking Prevalence,12,Lao People's Democratic Republic,2,Female,29,15+ years,2005,0.054958332,0.067213941,0.044859745
Age-Standardized Smoking Prevalence,12,Lao People's Democratic Republic,3,Both,29,15+ years,2005,0.238585662,0.249455466,0.228272861
Age-Standardized Smoking Prevalence,12,Lao People's Democratic Republic,1,Male,29,15+ years,2006,0.43106771,0.44937399,0.412863919
Age-Standardized Smoking Prevalence,12,Lao People's Democratic Republic,2,Female,29,15+ years,2006,0.055680825,0.067567384,0.045671378
Age-Standardized Smoking Prevalence,12,Lao People's Democratic Republic,3,Both,29,15+ years,2006,0.240024429,0.251033608,0.229618875
Age-Standardized Smoking Prevalence,12,Lao People's Democratic Republic,1,Male,29,15+ years,2007,0.435271398,0.454105315,0.417274406
Age-Standardized Smoking Prevalence,12,Lao People's Democratic Republic,2,Female,29,15+ years,2007,0.056863669,0.068831525,0.047014757
Age-Standardized Smoking Prevalence,12,Lao People's Democratic Republic,3,Both,29,15+ years,2007,0.242911446,0.253744754,0.232511711
Age-Standardized Smoking Prevalence,12,Lao People's Democratic Republic,1,Male,29,15+ years,2008,0.439859088,0.459076455,0.42196551
Age-Standardized Smoking Prevalence,12,Lao People's Democratic Republic,2,Female,29,15+ years,2008,0.058190594,0.069851212,0.048091725
Age-Standardized Smoking Prevalence,12,Lao People's Democratic Republic,3,Both,29,15+ years,2008,0.246038372,0.257067554,0.23573512
Age-Standardized Smoking Prevalence,12,Lao People's Democratic Republic,1,Male,29,15+ years,2009,0.444900957,0.463907357,0.426931587
Age-Standardized Smoking Prevalence,12,Lao People's Democratic Republic,2,Female,29,15+ years,2009,0.059597731,0.071560401,0.049449387
Age-Standardized Smoking Prevalence,12,Lao People's Democratic Republic,3,Both,29,15+ years,2009,0.249423675,0.260929235,0.23897854
Age-Standardized Smoking Prevalence,12,Lao People's Democratic Republic,1,Male,29,15+ years,2010,0.450165016,0.469154777,0.431421375
Age-Standardized Smoking Prevalence,12,Lao People's Democratic Republic,2,Female,29,15+ years,2010,0.061055027,0.072640201,0.050499938
Age-Standardized Smoking Prevalence,12,Lao People's Democratic Republic,3,Both,29,15+ years,2010,0.25294565,0.264522312,0.24216999
Age-Standardized Smoking Prevalence,12,Lao People's Democratic Republic,1,Male,29,15+ years,2011,0.455227793,0.474384717,0.436986151
Age-Standardized Smoking Prevalence,12,Lao People's Democratic Republic,2,Female,29,15+ years,2011,0.062514126,0.07442444,0.052485877
Age-Standardized Smoking Prevalence,12,Lao People's Democratic Republic,3,Both,29,15+ years,2011,0.256363896,0.267691811,0.245410505
Age-Standardized Smoking Prevalence,12,Lao People's Democratic Republic,1,Male,29,15+ years,2012,0.460960631,0.480883299,0.442851936
Age-Standardized Smoking Prevalence,12,Lao People's Democratic Republic,2,Female,29,15+ years,2012,0.063775016,0.074936746,0.053693667
Age-Standardized Smoking Prevalence,12,Lao People's Democratic Republic,3,Both,29,15+ years,2012,0.260023598,0.2713774,0.248880849
Age-Standardized Smoking Prevalence,12,Lao People's Democratic Republic,1,Male,29,15+ years,2013,0.466687783,0.486641254,0.447596697
Age-Standardized Smoking Prevalence,12,Lao People's Democratic Republic,2,Female,29,15+ years,2013,0.065068563,0.07618826,0.054879721
Age-Standardized Smoking Prevalence,12,Lao People's Democratic Republic,3,Both,29,15+ years,2013,0.263691477,0.275028546,0.252803511
Age-Standardized Smoking Prevalence,12,Lao People's Democratic Republic,1,Male,29,15+ years,2014,0.472527923,0.49278747,0.452448683
Age-Standardized Smoking Prevalence,12,Lao People's Democratic Republic,2,Female,29,15+ years,2014,0.066375858,0.077838925,0.056145165
Age-Standardized Smoking Prevalence,12,Lao People's Democratic Republic,3,Both,29,15+ years,2014,0.26738621,0.278668156,0.256031822
Age-Standardized Smoking Prevalence,12,Lao People's Democratic Republic,1,Male,29,15+ years,2015,0.47788801,0.497814726,0.45706825
Age-Standardized Smoking Prevalence,12,Lao People's Democratic Republic,2,Female,29,15+ years,2015,0.067612526,0.079480847,0.057150141
Age-Standardized Smoking Prevalence,12,Lao People's Democratic Republic,3,Both,29,15+ years,2015,0.270727668,0.281889742,0.25914815
Age-Standardized Smoking Prevalence,12,Lao People's Democratic Republic,1,Male,29,15+ years,2016,0.48141926,0.502034152,0.459867598
Age-Standardized Smoking Prevalence,12,Lao People's Democratic Republic,2,Female,29,15+ years,2016,0.068219513,0.08011928,0.057208463
Age-Standardized Smoking Prevalence,12,Lao People's Democratic Republic,3,Both,29,15+ years,2016,0.27293566,0.284356548,0.260955736
Age-Standardized Smoking Prevalence,12,Lao People's Democratic Republic,1,Male,29,15+ years,2017,0.484868034,0.505845855,0.462884866
Age-Standardized Smoking Prevalence,12,Lao People's Democratic Republic,2,Female,29,15+ years,2017,0.068777842,0.080701502,0.057278312
Age-Standardized Smoking Prevalence,12,Lao People's Democratic Republic,3,Both,29,15+ years,2017,0.275076884,0.286844715,0.262481338
Age-Standardized Smoking Prevalence,12,Lao People's Democratic Republic,1,Male,29,15+ years,2018,0.488131641,0.509162793,0.46600365
Age-Standardized Smoking Prevalence,12,Lao People's Democratic Republic,2,Female,29,15+ years,2018,0.069345178,0.081662131,0.057147978
Age-Standardized Smoking Prevalence,12,Lao People's Democratic Republic,3,Both,29,15+ years,2018,0.277118409,0.289107962,0.264187552
Age-Standardized Smoking Prevalence,12,Lao People's Democratic Republic,1,Male,29,15+ years,2019,0.491010101,0.512371548,0.468485574
Age-Standardized Smoking Prevalence,12,Lao People's Democratic Republic,2,Female,29,15+ years,2019,0.069828992,0.082871434,0.057303755
Age-Standardized Smoking Prevalence,12,Lao People's Democratic Republic,3,Both,29,15+ years,2019,0.278899165,0.291590098,0.265488412
Age-Standardized Smoking Prevalence,15,Myanmar,1,Male,29,15+ years,1990,0.605790626,0.631841704,0.577626736
Age-Standardized Smoking Prevalence,15,Myanmar,2,Female,29,15+ years,1990,0.168675143,0.195648841,0.141431871
Age-Standardized Smoking Prevalence,15,Myanmar,3,Both,29,15+ years,1990,0.38191326,0.401818189,0.36215364
Age-Standardized Smoking Prevalence,15,Myanmar,1,Male,29,15+ years,1991,0.593749651,0.619765713,0.56576709
Age-Standardized Smoking Prevalence,15,Myanmar,2,Female,29,15+ years,1991,0.166301168,0.193202691,0.140668269
Age-Standardized Smoking Prevalence,15,Myanmar,3,Both,29,15+ years,1991,0.374672434,0.393457543,0.355620914
Age-Standardized Smoking Prevalence,15,Myanmar,1,Male,29,15+ years,1992,0.581757097,0.607002174,0.554844634
Age-Standardized Smoking Prevalence,15,Myanmar,2,Female,29,15+ years,1992,0.164024447,0.189955461,0.13941144
Age-Standardized Smoking Prevalence,15,Myanmar,3,Both,29,15+ years,1992,0.367499716,0.385882128,0.349758197
Age-Standardized Smoking Prevalence,15,Myanmar,1,Male,29,15+ years,1993,0.569952676,0.594481524,0.543789721
Age-Standardized Smoking Prevalence,15,Myanmar,2,Female,29,15+ years,1993,0.161839,0.187312355,0.138603961
Age-Standardized Smoking Prevalence,15,Myanmar,3,Both,29,15+ years,1993,0.360472018,0.37777378,0.343434095
Age-Standardized Smoking Prevalence,15,Myanmar,1,Male,29,15+ years,1994,0.558212159,0.582004777,0.533514878
Age-Standardized Smoking Prevalence,15,Myanmar,2,Female,29,15+ years,1994,0.159717486,0.183349858,0.137716226
Age-Standardized Smoking Prevalence,15,Myanmar,3,Both,29,15+ years,1994,0.353492148,0.369669467,0.33755705
Age-Standardized Smoking Prevalence,15,Myanmar,1,Male,29,15+ years,1995,0.54685542,0.569989717,0.523990637
Age-Standardized Smoking Prevalence,15,Myanmar,2,Female,29,15+ years,1995,0.157643309,0.180548793,0.137047898
Age-Standardized Smoking Prevalence,15,Myanmar,3,Both,29,15+ years,1995,0.346723947,0.361825599,0.331706151
Age-Standardized Smoking Prevalence,15,Myanmar,1,Male,29,15+ years,1996,0.535947705,0.557997697,0.514497969
Age-Standardized Smoking Prevalence,15,Myanmar,2,Female,29,15+ years,1996,0.155648291,0.176233705,0.136058424
Age-Standardized Smoking Prevalence,15,Myanmar,3,Both,29,15+ years,1996,0.340187799,0.354456159,0.32588642
Age-Standardized Smoking Prevalence,15,Myanmar,1,Male,29,15+ years,1997,0.525436098,0.54673737,0.504846523
Age-Standardized Smoking Prevalence,15,Myanmar,2,Female,29,15+ years,1997,0.153588158,0.172979647,0.134894826
Age-Standardized Smoking Prevalence,15,Myanmar,3,Both,29,15+ years,1997,0.333804935,0.347414169,0.320418408
Age-Standardized Smoking Prevalence,15,Myanmar,1,Male,29,15+ years,1998,0.515090895,0.534971545,0.495856457
Age-Standardized Smoking Prevalence,15,Myanmar,2,Female,29,15+ years,1998,0.151385951,0.169071348,0.134526148
Age-Standardized Smoking Prevalence,15,Myanmar,3,Both,29,15+ years,1998,0.327418954,0.340053637,0.314870723
Age-Standardized Smoking Prevalence,15,Myanmar,1,Male,29,15+ years,1999,0.505000941,0.523810939,0.487279529
Age-Standardized Smoking Prevalence,15,Myanmar,2,Female,29,15+ years,1999,0.148923666,0.164454519,0.133468349
Age-Standardized Smoking Prevalence,15,Myanmar,3,Both,29,15+ years,1999,0.321050086,0.332745909,0.30921069
Age-Standardized Smoking Prevalence,15,Myanmar,1,Male,29,15+ years,2000,0.49494337,0.512944537,0.478327108
Age-Standardized Smoking Prevalence,15,Myanmar,2,Female,29,15+ years,2000,0.14608039,0.160679233,0.1319333
Age-Standardized Smoking Prevalence,15,Myanmar,3,Both,29,15+ years,2000,0.314507136,0.325708912,0.303436573
Age-Standardized Smoking Prevalence,15,Myanmar,1,Male,29,15+ years,2001,0.485025966,0.501755169,0.469240975
Age-Standardized Smoking Prevalence,15,Myanmar,2,Female,29,15+ years,2001,0.142848955,0.156098971,0.129613025
Age-Standardized Smoking Prevalence,15,Myanmar,3,Both,29,15+ years,2001,0.307858309,0.318174028,0.297298562
Age-Standardized Smoking Prevalence,15,Myanmar,1,Male,29,15+ years,2002,0.475192301,0.490719731,0.460883559
Age-Standardized Smoking Prevalence,15,Myanmar,2,Female,29,15+ years,2002,0.138594311,0.149896694,0.126916659
Age-Standardized Smoking Prevalence,15,Myanmar,3,Both,29,15+ years,2002,0.300702415,0.310699735,0.291168724
Age-Standardized Smoking Prevalence,15,Myanmar,1,Male,29,15+ years,2003,0.465634287,0.480364936,0.451616079
Age-Standardized Smoking Prevalence,15,Myanmar,2,Female,29,15+ years,2003,0.134055037,0.144482867,0.123289018
Age-Standardized Smoking Prevalence,15,Myanmar,3,Both,29,15+ years,2003,0.293539559,0.303192844,0.284868013
Age-Standardized Smoking Prevalence,15,Myanmar,1,Male,29,15+ years,2004,0.456585596,0.470410176,0.442954753
Age-Standardized Smoking Prevalence,15,Myanmar,2,Female,29,15+ years,2004,0.128278776,0.138358555,0.117979036
Age-Standardized Smoking Prevalence,15,Myanmar,3,Both,29,15+ years,2004,0.285976386,0.295023196,0.277633866
Age-Standardized Smoking Prevalence,15,Myanmar,1,Male,29,15+ years,2005,0.448322679,0.461369212,0.435748251
Age-Standardized Smoking Prevalence,15,Myanmar,2,Female,29,15+ years,2005,0.12259255,0.132494447,0.112739986
Age-Standardized Smoking Prevalence,15,Myanmar,3,Both,29,15+ years,2005,0.278835221,0.287511728,0.270599069
Age-Standardized Smoking Prevalence,15,Myanmar,1,Male,29,15+ years,2006,0.440615688,0.45339229,0.42819218
Age-Standardized Smoking Prevalence,15,Myanmar,2,Female,29,15+ years,2006,0.117031225,0.127309466,0.107576433
Age-Standardized Smoking Prevalence,15,Myanmar,3,Both,29,15+ years,2006,0.272024449,0.280446367,0.263913863
Age-Standardized Smoking Prevalence,15,Myanmar,1,Male,29,15+ years,2007,0.433081014,0.445490003,0.420585505
Age-Standardized Smoking Prevalence,15,Myanmar,2,Female,29,15+ years,2007,0.111754678,0.121913311,0.102294491
Age-Standardized Smoking Prevalence,15,Myanmar,3,Both,29,15+ years,2007,0.265448579,0.27337617,0.257425298
Age-Standardized Smoking Prevalence,15,Myanmar,1,Male,29,15+ years,2008,0.426154854,0.438700863,0.414472197
Age-Standardized Smoking Prevalence,15,Myanmar,2,Female,29,15+ years,2008,0.106970864,0.11722573,0.097636226
Age-Standardized Smoking Prevalence,15,Myanmar,3,Both,29,15+ years,2008,0.259356994,0.267377033,0.251893013
Age-Standardized Smoking Prevalence,15,Myanmar,1,Male,29,15+ years,2009,0.420326153,0.432629608,0.409129709
Age-Standardized Smoking Prevalence,15,Myanmar,2,Female,29,15+ years,2009,0.102772531,0.112806945,0.093212666
Age-Standardized Smoking Prevalence,15,Myanmar,3,Both,29,15+ years,2009,0.254090389,0.261698626,0.246764288
Age-Standardized Smoking Prevalence,15,Myanmar,1,Male,29,15+ years,2010,0.415586181,0.427455805,0.404202416
Age-Standardized Smoking Prevalence,15,Myanmar,2,Female,29,15+ years,2010,0.099334068,0.109517439,0.089274744
Age-Standardized Smoking Prevalence,15,Myanmar,3,Both,29,15+ years,2010,0.249816466,0.257506416,0.242583
Age-Standardized Smoking Prevalence,15,Myanmar,1,Male,29,15+ years,2011,0.411693428,0.423486017,0.399786453
Age-Standardized Smoking Prevalence,15,Myanmar,2,Female,29,15+ years,2011,0.096441098,0.107464654,0.086142724
Age-Standardized Smoking Prevalence,15,Myanmar,3,Both,29,15+ years,2011,0.246226428,0.254224332,0.238839695
Age-Standardized Smoking Prevalence,15,Myanmar,1,Male,29,15+ years,2012,0.40890609,0.421400536,0.396899292
Age-Standardized Smoking Prevalence,15,Myanmar,2,Female,29,15+ years,2012,0.094255793,0.105173287,0.083686526
Age-Standardized Smoking Prevalence,15,Myanmar,3,Both,29,15+ years,2012,0.243546374,0.25185061,0.235843917
Age-Standardized Smoking Prevalence,15,Myanmar,1,Male,29,15+ years,2013,0.406879425,0.419503541,0.394533212
Age-Standardized Smoking Prevalence,15,Myanmar,2,Female,29,15+ years,2013,0.09190368,0.103078892,0.081372682
Age-Standardized Smoking Prevalence,15,Myanmar,3,Both,29,15+ years,2013,0.241134752,0.249750914,0.233407172
Age-Standardized Smoking Prevalence,15,Myanmar,1,Male,29,15+ years,2014,0.406379163,0.419292244,0.393446758
Age-Standardized Smoking Prevalence,15,Myanmar,2,Female,29,15+ years,2014,0.090082895,0.101638022,0.079433446
Age-Standardized Smoking Prevalence,15,Myanmar,3,Both,29,15+ years,2014,0.239766623,0.248741348,0.231763947
Age-Standardized Smoking Prevalence,15,Myanmar,1,Male,29,15+ years,2015,0.406350695,0.42039919,0.392947445
Age-Standardized Smoking Prevalence,15,Myanmar,2,Female,29,15+ years,2015,0.088444614,0.100558155,0.077643028
Age-Standardized Smoking Prevalence,15,Myanmar,3,Both,29,15+ years,2015,0.238743209,0.248087999,0.230411141
Age-Standardized Smoking Prevalence,15,Myanmar,1,Male,29,15+ years,2016,0.407058874,0.422370833,0.392939364
Age-Standardized Smoking Prevalence,15,Myanmar,2,Female,29,15+ years,2016,0.087524497,0.100020772,0.076033715
Age-Standardized Smoking Prevalence,15,Myanmar,3,Both,29,15+ years,2016,0.238484385,0.247909918,0.22926724
Age-Standardized Smoking Prevalence,15,Myanmar,1,Male,29,15+ years,2017,0.407897861,0.423350145,0.392152599
Age-Standardized Smoking Prevalence,15,Myanmar,2,Female,29,15+ years,2017,0.086772542,0.099614543,0.074225426
Age-Standardized Smoking Prevalence,15,Myanmar,3,Both,29,15+ years,2017,0.238386533,0.248595763,0.228541299
Age-Standardized Smoking Prevalence,15,Myanmar,1,Male,29,15+ years,2018,0.409080852,0.425539601,0.391561514
Age-Standardized Smoking Prevalence,15,Myanmar,2,Female,29,15+ years,2018,0.08628086,0.100686213,0.073211012
Age-Standardized Smoking Prevalence,15,Myanmar,3,Both,29,15+ years,2018,0.238609177,0.249767214,0.227993256
Age-Standardized Smoking Prevalence,15,Myanmar,1,Male,29,15+ years,2019,0.410471124,0.428050944,0.391625378
Age-Standardized Smoking Prevalence,15,Myanmar,2,Female,29,15+ years,2019,0.085933419,0.100299389,0.072366392
Age-Standardized Smoking Prevalence,15,Myanmar,3,Both,29,15+ years,2019,0.239038538,0.251053315,0.227457854
Age-Standardized Smoking Prevalence,16,Philippines,1,Male,29,15+ years,1990,0.575007547,0.600202387,0.550355731
Age-Standardized Smoking Prevalence,16,Philippines,2,Female,29,15+ years,1990,0.133356763,0.159327239,0.111933806
Age-Standardized Smoking Prevalence,16,Philippines,3,Both,29,15+ years,1990,0.353331645,0.371880482,0.337013927
Age-Standardized Smoking Prevalence,16,Philippines,1,Male,29,15+ years,1991,0.573426619,0.598008552,0.548731855
Age-Standardized Smoking Prevalence,16,Philippines,2,Female,29,15+ years,1991,0.133386597,0.157730116,0.112761149
Age-Standardized Smoking Prevalence,16,Philippines,3,Both,29,15+ years,1991,0.352802236,0.370599994,0.336825328
Age-Standardized Smoking Prevalence,16,Philippines,1,Male,29,15+ years,1992,0.571366519,0.595380875,0.547436345
Age-Standardized Smoking Prevalence,16,Philippines,2,Female,29,15+ years,1992,0.133299485,0.157223826,0.113633056
Age-Standardized Smoking Prevalence,16,Philippines,3,Both,29,15+ years,1992,0.351969373,0.369154683,0.336416675
Age-Standardized Smoking Prevalence,16,Philippines,1,Male,29,15+ years,1993,0.568818676,0.591345948,0.546208756
Age-Standardized Smoking Prevalence,16,Philippines,2,Female,29,15+ years,1993,0.133090546,0.156490654,0.113949564
Age-Standardized Smoking Prevalence,16,Philippines,3,Both,29,15+ years,1993,0.350809914,0.366959702,0.336090319
Age-Standardized Smoking Prevalence,16,Philippines,1,Male,29,15+ years,1994,0.565820081,0.587564273,0.544058958
Age-Standardized Smoking Prevalence,16,Philippines,2,Female,29,15+ years,1994,0.132766521,0.155037527,0.1142318
Age-Standardized Smoking Prevalence,16,Philippines,3,Both,29,15+ years,1994,0.349340391,0.364646555,0.335921963
Age-Standardized Smoking Prevalence,16,Philippines,1,Male,29,15+ years,1995,0.562538649,0.583376619,0.542653671
Age-Standardized Smoking Prevalence,16,Philippines,2,Female,29,15+ years,1995,0.132374398,0.152123699,0.115241896
Age-Standardized Smoking Prevalence,16,Philippines,3,Both,29,15+ years,1995,0.347672342,0.361782819,0.334953481
Age-Standardized Smoking Prevalence,16,Philippines,1,Male,29,15+ years,1996,0.559125585,0.57897381,0.540583728
Age-Standardized Smoking Prevalence,16,Philippines,2,Female,29,15+ years,1996,0.131998956,0.150401417,0.115682246
Age-Standardized Smoking Prevalence,16,Philippines,3,Both,29,15+ years,1996,0.345906251,0.358711927,0.333756986
Age-Standardized Smoking Prevalence,16,Philippines,1,Male,29,15+ years,1997,0.555527227,0.573901204,0.538491225
Age-Standardized Smoking Prevalence,16,Philippines,2,Female,29,15+ years,1997,0.131579865,0.148367374,0.116325266
Age-Standardized Smoking Prevalence,16,Philippines,3,Both,29,15+ years,1997,0.344005966,0.355888293,0.333138128
Age-Standardized Smoking Prevalence,16,Philippines,1,Male,29,15+ years,1998,0.551757633,0.568427064,0.536441602
Age-Standardized Smoking Prevalence,16,Philippines,2,Female,29,15+ years,1998,0.131141927,0.146715067,0.116873247
Age-Standardized Smoking Prevalence,16,Philippines,3,Both,29,15+ years,1998,0.341998667,0.353235504,0.331736714
Age-Standardized Smoking Prevalence,16,Philippines,1,Male,29,15+ years,1999,0.547740807,0.562558747,0.534155597
Age-Standardized Smoking Prevalence,16,Philippines,2,Female,29,15+ years,1999,0.130663211,0.14501854,0.11745025
Age-Standardized Smoking Prevalence,16,Philippines,3,Both,29,15+ years,1999,0.339844003,0.350056427,0.330555482
Age-Standardized Smoking Prevalence,16,Philippines,1,Male,29,15+ years,2000,0.54332838,0.556273056,0.530848206
Age-Standardized Smoking Prevalence,16,Philippines,2,Female,29,15+ years,2000,0.130109573,0.142755419,0.118079653
Age-Standardized Smoking Prevalence,16,Philippines,3,Both,29,15+ years,2000,0.337452432,0.346463704,0.328869814
Age-Standardized Smoking Prevalence,16,Philippines,1,Male,29,15+ years,2001,0.538344599,0.549519292,0.526806346
Age-Standardized Smoking Prevalence,16,Philippines,2,Female,29,15+ years,2001,0.129368853,0.140780358,0.118344041
Age-Standardized Smoking Prevalence,16,Philippines,3,Both,29,15+ years,2001,0.334657727,0.342709952,0.326449451
Age-Standardized Smoking Prevalence,16,Philippines,1,Male,29,15+ years,2002,0.5326906,0.543298509,0.522457448
Age-Standardized Smoking Prevalence,16,Philippines,2,Female,29,15+ years,2002,0.128431221,0.138938439,0.118947655
Age-Standardized Smoking Prevalence,16,Philippines,3,Both,29,15+ years,2002,0.331427203,0.338561176,0.323937481
Age-Standardized Smoking Prevalence,16,Philippines,1,Male,29,15+ years,2003,0.526027917,0.535618134,0.51638352
Age-Standardized Smoking Prevalence,16,Philippines,2,Female,29,15+ years,2003,0.127125824,0.136984389,0.117705693
Age-Standardized Smoking Prevalence,16,Philippines,3,Both,29,15+ years,2003,0.327500045,0.334543726,0.320346305
Age-Standardized Smoking Prevalence,16,Philippines,1,Male,29,15+ years,2004,0.516743995,0.525960314,0.507473123
Age-Standardized Smoking Prevalence,16,Philippines,2,Female,29,15+ years,2004,0.124775864,0.134087485,0.115688377
Age-Standardized Smoking Prevalence,16,Philippines,3,Both,29,15+ years,2004,0.321727418,0.328390668,0.315262783
Age-Standardized Smoking Prevalence,16,Philippines,1,Male,29,15+ years,2005,0.506694241,0.516034041,0.497341489
Age-Standardized Smoking Prevalence,16,Philippines,2,Female,29,15+ years,2005,0.122121373,0.13079072,0.113515842
Age-Standardized Smoking Prevalence,16,Philippines,3,Both,29,15+ years,2005,0.315399715,0.322234282,0.309042356
Age-Standardized Smoking Prevalence,16,Philippines,1,Male,29,15+ years,2006,0.495643429,0.505230909,0.4863118
Age-Standardized Smoking Prevalence,16,Philippines,2,Female,29,15+ years,2006,0.11907413,0.127456677,0.110696374
Age-Standardized Smoking Prevalence,16,Philippines,3,Both,29,15+ years,2006,0.308347346,0.31525194,0.302013512
Age-Standardized Smoking Prevalence,16,Philippines,1,Male,29,15+ years,2007,0.485290145,0.495057246,0.475720528
Age-Standardized Smoking Prevalence,16,Philippines,2,Female,29,15+ years,2007,0.115890136,0.123646969,0.108336025
Age-Standardized Smoking Prevalence,16,Philippines,3,Both,29,15+ years,2007,0.301549765,0.307971013,0.295256861
Age-Standardized Smoking Prevalence,16,Philippines,1,Male,29,15+ years,2008,0.475119789,0.484624329,0.465288552
Age-Standardized Smoking Prevalence,16,Philippines,2,Female,29,15+ years,2008,0.112290532,0.119812463,0.10489856
Age-Standardized Smoking Prevalence,16,Philippines,3,Both,29,15+ years,2008,0.294616476,0.300721721,0.288262877
Age-Standardized Smoking Prevalence,16,Philippines,1,Male,29,15+ years,2009,0.465037144,0.474162425,0.454795843
Age-Standardized Smoking Prevalence,16,Philippines,2,Female,29,15+ years,2009,0.108660154,0.116323177,0.101011225
Age-Standardized Smoking Prevalence,16,Philippines,3,Both,29,15+ years,2009,0.287711747,0.293864786,0.281269425
Age-Standardized Smoking Prevalence,16,Philippines,1,Male,29,15+ years,2010,0.455758666,0.464648325,0.445661286
Age-Standardized Smoking Prevalence,16,Philippines,2,Female,29,15+ years,2010,0.105004349,0.113016705,0.097509214
Age-Standardized Smoking Prevalence,16,Philippines,3,Both,29,15+ years,2010,0.281224375,0.287206157,0.27467335
Age-Standardized Smoking Prevalence,16,Philippines,1,Male,29,15+ years,2011,0.446492587,0.455576819,0.436692813
Age-Standardized Smoking Prevalence,16,Philippines,2,Female,29,15+ years,2011,0.101246318,0.109418703,0.093881068
Age-Standardized Smoking Prevalence,16,Philippines,3,Both,29,15+ years,2011,0.274738253,0.281023299,0.26833463
Age-Standardized Smoking Prevalence,16,Philippines,1,Male,29,15+ years,2012,0.437872409,0.44699413,0.428201698
Age-Standardized Smoking Prevalence,16,Philippines,2,Female,29,15+ years,2012,0.097668322,0.105775541,0.090772503
Age-Standardized Smoking Prevalence,16,Philippines,3,Both,29,15+ years,2012,0.268675844,0.274758499,0.262303069
Age-Standardized Smoking Prevalence,16,Philippines,1,Male,29,15+ years,2013,0.430016672,0.43912637,0.420733607
Age-Standardized Smoking Prevalence,16,Philippines,2,Female,29,15+ years,2013,0.094263131,0.102461932,0.087154613
Age-Standardized Smoking Prevalence,16,Philippines,3,Both,29,15+ years,2013,0.263104212,0.269116847,0.256915229
Age-Standardized Smoking Prevalence,16,Philippines,1,Male,29,15+ years,2014,0.423645793,0.43326583,0.413543736
Age-Standardized Smoking Prevalence,16,Philippines,2,Female,29,15+ years,2014,0.091288184,0.099656632,0.083953761
Age-Standardized Smoking Prevalence,16,Philippines,3,Both,29,15+ years,2014,0.258509964,0.264784986,0.251955037
Age-Standardized Smoking Prevalence,16,Philippines,1,Male,29,15+ years,2015,0.418232026,0.428959105,0.407668832
Age-Standardized Smoking Prevalence,16,Philippines,2,Female,29,15+ years,2015,0.088616413,0.097172987,0.080790452
Age-Standardized Smoking Prevalence,16,Philippines,3,Both,29,15+ years,2015,0.254551603,0.26133483,0.247553168
Age-Standardized Smoking Prevalence,16,Philippines,1,Male,29,15+ years,2016,0.413727077,0.425786756,0.402401172
Age-Standardized Smoking Prevalence,16,Philippines,2,Female,29,15+ years,2016,0.08631496,0.095158275,0.077924969
Age-Standardized Smoking Prevalence,16,Philippines,3,Both,29,15+ years,2016,0.251248719,0.258700029,0.243876205
Age-Standardized Smoking Prevalence,16,Philippines,1,Male,29,15+ years,2017,0.410666527,0.423647278,0.398099164
Age-Standardized Smoking Prevalence,16,Philippines,2,Female,29,15+ years,2017,0.08448402,0.094023536,0.075500055
Age-Standardized Smoking Prevalence,16,Philippines,3,Both,29,15+ years,2017,0.248906885,0.25715425,0.240941878
Age-Standardized Smoking Prevalence,16,Philippines,1,Male,29,15+ years,2018,0.40935909,0.423756406,0.395179693
Age-Standardized Smoking Prevalence,16,Philippines,2,Female,29,15+ years,2018,0.083286705,0.093368678,0.073883049
Age-Standardized Smoking Prevalence,16,Philippines,3,Both,29,15+ years,2018,0.247766965,0.256795434,0.239277884
Age-Standardized Smoking Prevalence,16,Philippines,1,Male,29,15+ years,2019,0.40883083,0.424934134,0.392879553
Age-Standardized Smoking Prevalence,16,Philippines,2,Female,29,15+ years,2019,0.082368272,0.093145279,0.072381372
Age-Standardized Smoking Prevalence,16,Philippines,3,Both,29,15+ years,2019,0.247159122,0.25688243,0.237854919
Age-Standardized Smoking Prevalence,18,Thailand,1,Male,29,15+ years,1990,0.534803806,0.558841102,0.511508745
Age-Standardized Smoking Prevalence,18,Thailand,2,Female,29,15+ years,1990,0.065746511,0.078181704,0.054107694
Age-Standardized Smoking Prevalence,18,Thailand,3,Both,29,15+ years,1990,0.293465601,0.306045162,0.281145351
Age-Standardized Smoking Prevalence,18,Thailand,1,Male,29,15+ years,1991,0.525914598,0.549192423,0.503283667
Age-Standardized Smoking Prevalence,18,Thailand,2,Female,29,15+ years,1991,0.065063146,0.076846195,0.0540225
Age-Standardized Smoking Prevalence,18,Thailand,3,Both,29,15+ years,1991,0.288640214,0.301060786,0.27654279
Age-Standardized Smoking Prevalence,18,Thailand,1,Male,29,15+ years,1992,0.515760917,0.538407894,0.494047381
Age-Standardized Smoking Prevalence,18,Thailand,2,Female,29,15+ years,1992,0.064171734,0.075315679,0.053930831
Age-Standardized Smoking Prevalence,18,Thailand,3,Both,29,15+ years,1992,0.283097222,0.295002908,0.271416193
Age-Standardized Smoking Prevalence,18,Thailand,1,Male,29,15+ years,1993,0.505710976,0.527682398,0.485291859
Age-Standardized Smoking Prevalence,18,Thailand,2,Female,29,15+ years,1993,0.063238508,0.073580925,0.053679657
Age-Standardized Smoking Prevalence,18,Thailand,3,Both,29,15+ years,1993,0.27757554,0.288601038,0.266076703
Age-Standardized Smoking Prevalence,18,Thailand,1,Male,29,15+ years,1994,0.497040885,0.517629464,0.476799396
Age-Standardized Smoking Prevalence,18,Thailand,2,Female,29,15+ years,1994,0.062482103,0.071726897,0.053613904
Age-Standardized Smoking Prevalence,18,Thailand,3,Both,29,15+ years,1994,0.272827919,0.283611264,0.261358903
Age-Standardized Smoking Prevalence,18,Thailand,1,Male,29,15+ years,1995,0.48875158,0.508092136,0.468215613
Age-Standardized Smoking Prevalence,18,Thailand,2,Female,29,15+ years,1995,0.061676399,0.070517135,0.053407588
Age-Standardized Smoking Prevalence,18,Thailand,3,Both,29,15+ years,1995,0.268279556,0.278829503,0.257234673
Age-Standardized Smoking Prevalence,18,Thailand,1,Male,29,15+ years,1996,0.480991045,0.498788905,0.461464727
Age-Standardized Smoking Prevalence,18,Thailand,2,Female,29,15+ years,1996,0.060828395,0.069188377,0.052887819
Age-Standardized Smoking Prevalence,18,Thailand,3,Both,29,15+ years,1996,0.263974284,0.27377192,0.253308618
Age-Standardized Smoking Prevalence,18,Thailand,1,Male,29,15+ years,1997,0.47311172,0.490399272,0.454964389
Age-Standardized Smoking Prevalence,18,Thailand,2,Female,29,15+ years,1997,0.059522324,0.067590085,0.052250057
Age-Standardized Smoking Prevalence,18,Thailand,3,Both,29,15+ years,1997,0.25944283,0.268399232,0.248931361
Age-Standardized Smoking Prevalence,18,Thailand,1,Male,29,15+ years,1998,0.465516722,0.482061346,0.447526096
Age-Standardized Smoking Prevalence,18,Thailand,2,Female,29,15+ years,1998,0.058144001,0.065883028,0.051274652
Age-Standardized Smoking Prevalence,18,Thailand,3,Both,29,15+ years,1998,0.25505726,0.263734172,0.244987443
Age-Standardized Smoking Prevalence,18,Thailand,1,Male,29,15+ years,1999,0.458096617,0.473733312,0.441396363
Age-Standardized Smoking Prevalence,18,Thailand,2,Female,29,15+ years,1999,0.056653537,0.064209205,0.050375436
Age-Standardized Smoking Prevalence,18,Thailand,3,Both,29,15+ years,1999,0.250700745,0.259162305,0.241195709
Age-Standardized Smoking Prevalence,18,Thailand,1,Male,29,15+ years,2000,0.4494538,0.464791481,0.433520079
Age-Standardized Smoking Prevalence,18,Thailand,2,Female,29,15+ years,2000,0.054851074,0.061754948,0.048765338
Age-Standardized Smoking Prevalence,18,Thailand,3,Both,29,15+ years,2000,0.245632493,0.253886495,0.236818099
Age-Standardized Smoking Prevalence,18,Thailand,1,Male,29,15+ years,2001,0.441419223,0.455143617,0.426078341
Age-Standardized Smoking Prevalence,18,Thailand,2,Female,29,15+ years,2001,0.05301895,0.059582473,0.046940406
Age-Standardized Smoking Prevalence,18,Thailand,3,Both,29,15+ years,2001,0.240884033,0.248619484,0.232805443
Age-Standardized Smoking Prevalence,18,Thailand,1,Male,29,15+ years,2002,0.433143976,0.446046732,0.419096154
Age-Standardized Smoking Prevalence,18,Thailand,2,Female,29,15+ years,2002,0.050968853,0.057538974,0.045018511
Age-Standardized Smoking Prevalence,18,Thailand,3,Both,29,15+ years,2002,0.235941171,0.243186349,0.228466441
Age-Standardized Smoking Prevalence,18,Thailand,1,Male,29,15+ years,2003,0.425889481,0.437856427,0.413318899
Age-Standardized Smoking Prevalence,18,Thailand,2,Female,29,15+ years,2003,0.048992412,0.055382092,0.04321548
Age-Standardized Smoking Prevalence,18,Thailand,3,Both,29,15+ years,2003,0.231530275,0.238250384,0.224518287
Age-Standardized Smoking Prevalence,18,Thailand,1,Male,29,15+ years,2004,0.421209958,0.432112686,0.409923381
Age-Standardized Smoking Prevalence,18,Thailand,2,Female,29,15+ years,2004,0.04732563,0.053464543,0.041901338
Age-Standardized Smoking Prevalence,18,Thailand,3,Both,29,15+ years,2004,0.228523263,0.234879295,0.222325429
Age-Standardized Smoking Prevalence,18,Thailand,1,Male,29,15+ years,2005,0.417939325,0.427968908,0.407797681
Age-Standardized Smoking Prevalence,18,Thailand,2,Female,29,15+ years,2005,0.045782858,0.052055317,0.040561016
Age-Standardized Smoking Prevalence,18,Thailand,3,Both,29,15+ years,2005,0.22626459,0.2321143,0.220707043
Age-Standardized Smoking Prevalence,18,Thailand,1,Male,29,15+ years,2006,0.416659014,0.426307574,0.407585519
Age-Standardized Smoking Prevalence,18,Thailand,2,Female,29,15+ years,2006,0.044404829,0.050471558,0.039359775
Age-Standardized Smoking Prevalence,18,Thailand,3,Both,29,15+ years,2006,0.225473504,0.23133605,0.220345072
Age-Standardized Smoking Prevalence,18,Thailand,1,Male,29,15+ years,2007,0.417489523,0.426356574,0.409208108
Age-Standardized Smoking Prevalence,18,Thailand,2,Female,29,15+ years,2007,0.04320807,0.049121142,0.038077332
Age-Standardized Smoking Prevalence,18,Thailand,3,Both,29,15+ years,2007,0.226204703,0.231804317,0.221413347
Age-Standardized Smoking Prevalence,18,Thailand,1,Male,29,15+ years,2008,0.419138922,0.427379617,0.411265081
Age-Standardized Smoking Prevalence,18,Thailand,2,Female,29,15+ years,2008,0.042260958,0.048131556,0.037128713
Age-Standardized Smoking Prevalence,18,Thailand,3,Both,29,15+ years,2008,0.226736895,0.231897991,0.222131494
Age-Standardized Smoking Prevalence,18,Thailand,1,Male,29,15+ years,2009,0.420440105,0.428363318,0.412917387
Age-Standardized Smoking Prevalence,18,Thailand,2,Female,29,15+ years,2009,0.041344394,0.047216244,0.036219445
Age-Standardized Smoking Prevalence,18,Thailand,3,Both,29,15+ years,2009,0.226261433,0.231195267,0.221726371
Age-Standardized Smoking Prevalence,18,Thailand,1,Male,29,15+ years,2010,0.421426506,0.428727919,0.414013057
Age-Standardized Smoking Prevalence,18,Thailand,2,Female,29,15+ years,2010,0.040507336,0.046546053,0.035316297
Age-Standardized Smoking Prevalence,18,Thailand,3,Both,29,15+ years,2010,0.226015097,0.230594956,0.221490833
Age-Standardized Smoking Prevalence,18,Thailand,1,Male,29,15+ years,2011,0.421529342,0.42907176,0.4143087
Age-Standardized Smoking Prevalence,18,Thailand,2,Female,29,15+ years,2011,0.039701738,0.045600895,0.034478793
Age-Standardized Smoking Prevalence,18,Thailand,3,Both,29,15+ years,2011,0.225722884,0.230455877,0.22122098
Age-Standardized Smoking Prevalence,18,Thailand,1,Male,29,15+ years,2012,0.420084372,0.427731872,0.412796067
Age-Standardized Smoking Prevalence,18,Thailand,2,Female,29,15+ years,2012,0.038952845,0.045242808,0.033806084
Age-Standardized Smoking Prevalence,18,Thailand,3,Both,29,15+ years,2012,0.224694703,0.229501037,0.220090457
Age-Standardized Smoking Prevalence,18,Thailand,1,Male,29,15+ years,2013,0.416826174,0.425021157,0.409235107
Age-Standardized Smoking Prevalence,18,Thailand,2,Female,29,15+ years,2013,0.038200781,0.044501261,0.032938577
Age-Standardized Smoking Prevalence,18,Thailand,3,Both,29,15+ years,2013,0.22276187,0.227709509,0.217938209
Age-Standardized Smoking Prevalence,18,Thailand,1,Male,29,15+ years,2014,0.412507217,0.421279428,0.404341896
Age-Standardized Smoking Prevalence,18,Thailand,2,Female,29,15+ years,2014,0.037436849,0.043773817,0.032130707
Age-Standardized Smoking Prevalence,18,Thailand,3,Both,29,15+ years,2014,0.220297507,0.225778034,0.215255813
Age-Standardized Smoking Prevalence,18,Thailand,1,Male,29,15+ years,2015,0.407889428,0.417642527,0.398891704
Age-Standardized Smoking Prevalence,18,Thailand,2,Female,29,15+ years,2015,0.036710617,0.043259805,0.031412198
Age-Standardized Smoking Prevalence,18,Thailand,3,Both,29,15+ years,2015,0.217710709,0.223480185,0.212359531
Age-Standardized Smoking Prevalence,18,Thailand,1,Male,29,15+ years,2016,0.403772102,0.414457305,0.393817437
Age-Standardized Smoking Prevalence,18,Thailand,2,Female,29,15+ years,2016,0.036016199,0.042408021,0.030601111
Age-Standardized Smoking Prevalence,18,Thailand,3,Both,29,15+ years,2016,0.215381027,0.221494724,0.209667918
Age-Standardized Smoking Prevalence,18,Thailand,1,Male,29,15+ years,2017,0.400445856,0.412206975,0.3895939
Age-Standardized Smoking Prevalence,18,Thailand,2,Female,29,15+ years,2017,0.035426377,0.042057861,0.029763293
Age-Standardized Smoking Prevalence,18,Thailand,3,Both,29,15+ years,2017,0.21347156,0.219878225,0.20737493
Age-Standardized Smoking Prevalence,18,Thailand,1,Male,29,15+ years,2018,0.398924272,0.41231401,0.386923077
Age-Standardized Smoking Prevalence,18,Thailand,2,Female,29,15+ years,2018,0.035116086,0.041951855,0.02916506
Age-Standardized Smoking Prevalence,18,Thailand,3,Both,29,15+ years,2018,0.212592007,0.219318462,0.205867407
Age-Standardized Smoking Prevalence,18,Thailand,1,Male,29,15+ years,2019,0.398154241,0.412977075,0.38486064
Age-Standardized Smoking Prevalence,18,Thailand,2,Female,29,15+ years,2019,0.034882277,0.041902666,0.028896822
Age-Standardized Smoking Prevalence,18,Thailand,3,Both,29,15+ years,2019,0.212135076,0.21930808,0.204974843
Age-Standardized Smoking Prevalence,20,Viet Nam,1,Male,29,15+ years,1990,0.59108834,0.610545933,0.57307454
Age-Standardized Smoking Prevalence,20,Viet Nam,2,Female,29,15+ years,1990,0.040311445,0.048391633,0.033042814
Age-Standardized Smoking Prevalence,20,Viet Nam,3,Both,29,15+ years,1990,0.294386182,0.304768096,0.285121215
Age-Standardized Smoking Prevalence,20,Viet Nam,1,Male,29,15+ years,1991,0.595123081,0.613787128,0.578175858
Age-Standardized Smoking Prevalence,20,Viet Nam,2,Female,29,15+ years,1991,0.041267807,0.049092047,0.034238962
Age-Standardized Smoking Prevalence,20,Viet Nam,3,Both,29,15+ years,1991,0.29727748,0.307234758,0.288259288
Age-Standardized Smoking Prevalence,20,Viet Nam,1,Male,29,15+ years,1992,0.598491691,0.616143156,0.582774551
Age-Standardized Smoking Prevalence,20,Viet Nam,2,Female,29,15+ years,1992,0.042149773,0.049631268,0.035331236
Age-Standardized Smoking Prevalence,20,Viet Nam,3,Both,29,15+ years,1992,0.29991591,0.309170879,0.29141987
Age-Standardized Smoking Prevalence,20,Viet Nam,1,Male,29,15+ years,1993,0.60111489,0.617617443,0.585617334
Age-Standardized Smoking Prevalence,20,Viet Nam,2,Female,29,15+ years,1993,0.042931381,0.050335125,0.036273489
Age-Standardized Smoking Prevalence,20,Viet Nam,3,Both,29,15+ years,1993,0.30227483,0.311146928,0.294200976
Age-Standardized Smoking Prevalence,20,Viet Nam,1,Male,29,15+ years,1994,0.600980636,0.615522049,0.585650485
Age-Standardized Smoking Prevalence,20,Viet Nam,2,Female,29,15+ years,1994,0.043145097,0.050393255,0.036591485
Age-Standardized Smoking Prevalence,20,Viet Nam,3,Both,29,15+ years,1994,0.303170528,0.31172075,0.295443113
Age-Standardized Smoking Prevalence,20,Viet Nam,1,Male,29,15+ years,1995,0.599871109,0.614050901,0.584987152
Age-Standardized Smoking Prevalence,20,Viet Nam,2,Female,29,15+ years,1995,0.043211848,0.050183204,0.036750538
Age-Standardized Smoking Prevalence,20,Viet Nam,3,Both,29,15+ years,1995,0.303457496,0.311589049,0.295754266
Age-Standardized Smoking Prevalence,20,Viet Nam,1,Male,29,15+ years,1996,0.59750957,0.610821363,0.583194772
Age-Standardized Smoking Prevalence,20,Viet Nam,2,Female,29,15+ years,1996,0.043095896,0.049826118,0.036758684
Age-Standardized Smoking Prevalence,20,Viet Nam,3,Both,29,15+ years,1996,0.303233093,0.311054536,0.295993261
Age-Standardized Smoking Prevalence,20,Viet Nam,1,Male,29,15+ years,1997,0.593697643,0.606384226,0.580410903
Age-Standardized Smoking Prevalence,20,Viet Nam,2,Female,29,15+ years,1997,0.042766852,0.049515529,0.03656583
Age-Standardized Smoking Prevalence,20,Viet Nam,3,Both,29,15+ years,1997,0.302194476,0.309517799,0.295145493
Age-Standardized Smoking Prevalence,20,Viet Nam,1,Male,29,15+ years,1998,0.587303877,0.599240446,0.574691422
Age-Standardized Smoking Prevalence,20,Viet Nam,2,Female,29,15+ years,1998,0.041930793,0.04858706,0.035725537
Age-Standardized Smoking Prevalence,20,Viet Nam,3,Both,29,15+ years,1998,0.299632058,0.30633065,0.293088012
Age-Standardized Smoking Prevalence,20,Viet Nam,1,Male,29,15+ years,1999,0.579575297,0.591146205,0.56758972
Age-Standardized Smoking Prevalence,20,Viet Nam,2,Female,29,15+ years,1999,0.040935792,0.047682077,0.035076503
Age-Standardized Smoking Prevalence,20,Viet Nam,3,Both,29,15+ years,1999,0.296328635,0.302628294,0.2898606
Age-Standardized Smoking Prevalence,20,Viet Nam,1,Male,29,15+ years,2000,0.570586703,0.582059383,0.559412036
Age-Standardized Smoking Prevalence,20,Viet Nam,2,Female,29,15+ years,2000,0.039813338,0.046118375,0.034254937
Age-Standardized Smoking Prevalence,20,Viet Nam,3,Both,29,15+ years,2000,0.292177426,0.298383255,0.285833546
Age-Standardized Smoking Prevalence,20,Viet Nam,1,Male,29,15+ years,2001,0.560567455,0.571644974,0.549364394
Age-Standardized Smoking Prevalence,20,Viet Nam,2,Female,29,15+ years,2001,0.038606742,0.044617182,0.033262962
Age-Standardized Smoking Prevalence,20,Viet Nam,3,Both,29,15+ years,2001,0.287527764,0.29378449,0.281358235
Age-Standardized Smoking Prevalence,20,Viet Nam,1,Male,29,15+ years,2002,0.549733297,0.560275574,0.539194476
Age-Standardized Smoking Prevalence,20,Viet Nam,2,Female,29,15+ years,2002,0.037343327,0.043381695,0.032056528
Age-Standardized Smoking Prevalence,20,Viet Nam,3,Both,29,15+ years,2002,0.282344656,0.288380378,0.27643948
Age-Standardized Smoking Prevalence,20,Viet Nam,1,Male,29,15+ years,2003,0.537608548,0.547729943,0.52737487
Age-Standardized Smoking Prevalence,20,Viet Nam,2,Female,29,15+ years,2003,0.036030838,0.041992665,0.030920854
Age-Standardized Smoking Prevalence,20,Viet Nam,3,Both,29,15+ years,2003,0.276398862,0.282395804,0.270625646
Age-Standardized Smoking Prevalence,20,Viet Nam,1,Male,29,15+ years,2004,0.526015077,0.536065149,0.516122964
Age-Standardized Smoking Prevalence,20,Viet Nam,2,Female,29,15+ years,2004,0.034805855,0.040726482,0.029781011
Age-Standardized Smoking Prevalence,20,Viet Nam,3,Both,29,15+ years,2004,0.270677136,0.276515763,0.264997589
Age-Standardized Smoking Prevalence,20,Viet Nam,1,Male,29,15+ years,2005,0.514992833,0.524767276,0.505306391
Age-Standardized Smoking Prevalence,20,Viet Nam,2,Female,29,15+ years,2005,0.033655094,0.03958995,0.028643846
Age-Standardized Smoking Prevalence,20,Viet Nam,3,Both,29,15+ years,2005,0.265106483,0.270677198,0.259616616
Age-Standardized Smoking Prevalence,20,Viet Nam,1,Male,29,15+ years,2006,0.505011958,0.514572911,0.495467024
Age-Standardized Smoking Prevalence,20,Viet Nam,2,Female,29,15+ years,2006,0.032645444,0.038296925,0.027688942
Age-Standardized Smoking Prevalence,20,Viet Nam,3,Both,29,15+ years,2006,0.260160102,0.265587425,0.254731983
Age-Standardized Smoking Prevalence,20,Viet Nam,1,Male,29,15+ years,2007,0.496518572,0.505741294,0.487102219
Age-Standardized Smoking Prevalence,20,Viet Nam,2,Female,29,15+ years,2007,0.031792595,0.037510078,0.026806253
Age-Standardized Smoking Prevalence,20,Viet Nam,3,Both,29,15+ years,2007,0.255936057,0.261110159,0.250698154
Age-Standardized Smoking Prevalence,20,Viet Nam,1,Male,29,15+ years,2008,0.489183567,0.498353383,0.479409608
Age-Standardized Smoking Prevalence,20,Viet Nam,2,Female,29,15+ years,2008,0.031001808,0.036833351,0.02595772
Age-Standardized Smoking Prevalence,20,Viet Nam,3,Both,29,15+ years,2008,0.252248458,0.257524567,0.247147388
Age-Standardized Smoking Prevalence,20,Viet Nam,1,Male,29,15+ years,2009,0.482866734,0.492044262,0.473091897
Age-Standardized Smoking Prevalence,20,Viet Nam,2,Female,29,15+ years,2009,0.030281178,0.036027275,0.025144115
Age-Standardized Smoking Prevalence,20,Viet Nam,3,Both,29,15+ years,2009,0.249068674,0.254397834,0.243959813
Age-Standardized Smoking Prevalence,20,Viet Nam,1,Male,29,15+ years,2010,0.477618996,0.486850177,0.467712904
Age-Standardized Smoking Prevalence,20,Viet Nam,2,Female,29,15+ years,2010,0.029621157,0.035379528,0.024650971
Age-Standardized Smoking Prevalence,20,Viet Nam,3,Both,29,15+ years,2010,0.246388321,0.251975749,0.241030235
Age-Standardized Smoking Prevalence,20,Viet Nam,1,Male,29,15+ years,2011,0.47328106,0.483198051,0.463153889
Age-Standardized Smoking Prevalence,20,Viet Nam,2,Female,29,15+ years,2011,0.029062137,0.034636737,0.024168795
Age-Standardized Smoking Prevalence,20,Viet Nam,3,Both,29,15+ years,2011,0.244239626,0.249820774,0.238590766
Age-Standardized Smoking Prevalence,20,Viet Nam,1,Male,29,15+ years,2012,0.470344756,0.480819097,0.459484181
Age-Standardized Smoking Prevalence,20,Viet Nam,2,Female,29,15+ years,2012,0.028581547,0.034180788,0.023635009
Age-Standardized Smoking Prevalence,20,Viet Nam,3,Both,29,15+ years,2012,0.242798732,0.248693787,0.237147646
Age-Standardized Smoking Prevalence,20,Viet Nam,1,Male,29,15+ years,2013,0.467694489,0.478291532,0.456597573
Age-Standardized Smoking Prevalence,20,Viet Nam,2,Female,29,15+ years,2013,0.028130049,0.033789984,0.023222909
Age-Standardized Smoking Prevalence,20,Viet Nam,3,Both,29,15+ years,2013,0.24149102,0.247666624,0.235798124
Age-Standardized Smoking Prevalence,20,Viet Nam,1,Male,29,15+ years,2014,0.465452751,0.476941313,0.453881591
Age-Standardized Smoking Prevalence,20,Viet Nam,2,Female,29,15+ years,2014,0.027678527,0.033456618,0.022736891
Age-Standardized Smoking Prevalence,20,Viet Nam,3,Both,29,15+ years,2014,0.240380529,0.246661377,0.234444837
Age-Standardized Smoking Prevalence,20,Viet Nam,1,Male,29,15+ years,2015,0.463987505,0.476559565,0.451770286
Age-Standardized Smoking Prevalence,20,Viet Nam,2,Female,29,15+ years,2015,0.027263313,0.033164003,0.022203969
Age-Standardized Smoking Prevalence,20,Viet Nam,3,Both,29,15+ years,2015,0.239618561,0.246393504,0.233300737
Age-Standardized Smoking Prevalence,20,Viet Nam,1,Male,29,15+ years,2016,0.464505163,0.478302723,0.451240798
Age-Standardized Smoking Prevalence,20,Viet Nam,2,Female,29,15+ years,2016,0.027080176,0.033049147,0.02194546
Age-Standardized Smoking Prevalence,20,Viet Nam,3,Both,29,15+ years,2016,0.239999874,0.247268881,0.233181617
Age-Standardized Smoking Prevalence,20,Viet Nam,1,Male,29,15+ years,2017,0.465917566,0.481151245,0.451887358
Age-Standardized Smoking Prevalence,20,Viet Nam,2,Female,29,15+ years,2017,0.02694879,0.032878728,0.02175697
Age-Standardized Smoking Prevalence,20,Viet Nam,3,Both,29,15+ years,2017,0.240831054,0.248603542,0.233451791
Age-Standardized Smoking Prevalence,20,Viet Nam,1,Male,29,15+ years,2018,0.468081634,0.484481068,0.452217475
Age-Standardized Smoking Prevalence,20,Viet Nam,2,Female,29,15+ years,2018,0.026864707,0.032801532,0.021401375
Age-Standardized Smoking Prevalence,20,Viet Nam,3,Both,29,15+ years,2018,0.242048021,0.250436011,0.233895371
Age-Standardized Smoking Prevalence,20,Viet Nam,1,Male,29,15+ years,2019,0.470689311,0.488264441,0.453325854
Age-Standardized Smoking Prevalence,20,Viet Nam,2,Female,29,15+ years,2019,0.026799019,0.033016757,0.021316121
Age-Standardized Smoking Prevalence,20,Viet Nam,3,Both,29,15+ years,2019,0.243495744,0.252584708,0.234494818
Age-Standardized Smoking Prevalence,38,Mongolia,1,Male,29,15+ years,1990,0.466007156,0.486924448,0.442810868
Age-Standardized Smoking Prevalence,38,Mongolia,2,Female,29,15+ years,1990,0.057842385,0.071539321,0.046652549
Age-Standardized Smoking Prevalence,38,Mongolia,3,Both,29,15+ years,1990,0.260269605,0.272254315,0.247600915
Age-Standardized Smoking Prevalence,38,Mongolia,1,Male,29,15+ years,1991,0.466486167,0.486184797,0.444517131
Age-Standardized Smoking Prevalence,38,Mongolia,2,Female,29,15+ years,1991,0.057956368,0.071154308,0.047198996
Age-Standardized Smoking Prevalence,38,Mongolia,3,Both,29,15+ years,1991,0.260321073,0.271512411,0.247991086
Age-Standardized Smoking Prevalence,38,Mongolia,1,Male,29,15+ years,1992,0.467022124,0.485796923,0.445968886
Age-Standardized Smoking Prevalence,38,Mongolia,2,Female,29,15+ years,1992,0.058115389,0.070424021,0.047513808
Age-Standardized Smoking Prevalence,38,Mongolia,3,Both,29,15+ years,1992,0.260438711,0.271709846,0.248635437
Age-Standardized Smoking Prevalence,38,Mongolia,1,Male,29,15+ years,1993,0.467722854,0.485517268,0.448534282
Age-Standardized Smoking Prevalence,38,Mongolia,2,Female,29,15+ years,1993,0.058340902,0.069996091,0.047959621
Age-Standardized Smoking Prevalence,38,Mongolia,3,Both,29,15+ years,1993,0.260657144,0.271348632,0.249283522
Age-Standardized Smoking Prevalence,38,Mongolia,1,Male,29,15+ years,1994,0.468636852,0.485412427,0.450126768
Age-Standardized Smoking Prevalence,38,Mongolia,2,Female,29,15+ years,1994,0.058666317,0.070130458,0.048838262
Age-Standardized Smoking Prevalence,38,Mongolia,3,Both,29,15+ years,1994,0.260994637,0.271128281,0.249964916
Age-Standardized Smoking Prevalence,38,Mongolia,1,Male,29,15+ years,1995,0.46938195,0.485444488,0.451448863
Age-Standardized Smoking Prevalence,38,Mongolia,2,Female,29,15+ years,1995,0.059013008,0.070049593,0.04941491
Age-Standardized Smoking Prevalence,38,Mongolia,3,Both,29,15+ years,1995,0.261208098,0.271299006,0.250428739
Age-Standardized Smoking Prevalence,38,Mongolia,1,Male,29,15+ years,1996,0.47016556,0.485590074,0.453231386
Age-Standardized Smoking Prevalence,38,Mongolia,2,Female,29,15+ years,1996,0.059414321,0.070228598,0.050172723
Age-Standardized Smoking Prevalence,38,Mongolia,3,Both,29,15+ years,1996,0.261448051,0.27123416,0.251382481
Age-Standardized Smoking Prevalence,38,Mongolia,1,Male,29,15+ years,1997,0.471932694,0.486548178,0.456299793
Age-Standardized Smoking Prevalence,38,Mongolia,2,Female,29,15+ years,1997,0.060068036,0.070953307,0.051161817
Age-Standardized Smoking Prevalence,38,Mongolia,3,Both,29,15+ years,1997,0.262313869,0.271732018,0.253140787
Age-Standardized Smoking Prevalence,38,Mongolia,1,Male,29,15+ years,1998,0.474564578,0.488787318,0.459401303
Age-Standardized Smoking Prevalence,38,Mongolia,2,Female,29,15+ years,1998,0.060973525,0.071479721,0.052571876
Age-Standardized Smoking Prevalence,38,Mongolia,3,Both,29,15+ years,1998,0.26379691,0.272771067,0.255311853
Age-Standardized Smoking Prevalence,38,Mongolia,1,Male,29,15+ years,1999,0.476411265,0.49013029,0.461799369
Age-Standardized Smoking Prevalence,38,Mongolia,2,Female,29,15+ years,1999,0.062067081,0.072237827,0.053634934
Age-Standardized Smoking Prevalence,38,Mongolia,3,Both,29,15+ years,1999,0.264987909,0.273515037,0.256979646
Age-Standardized Smoking Prevalence,38,Mongolia,1,Male,29,15+ years,2000,0.478039029,0.491341937,0.464703638
Age-Standardized Smoking Prevalence,38,Mongolia,2,Female,29,15+ years,2000,0.063009011,0.072574569,0.054714423
Age-Standardized Smoking Prevalence,38,Mongolia,3,Both,29,15+ years,2000,0.266083515,0.274356673,0.25843378
Age-Standardized Smoking Prevalence,38,Mongolia,1,Male,29,15+ years,2001,0.479760952,0.49278681,0.466943326
Age-Standardized Smoking Prevalence,38,Mongolia,2,Female,29,15+ years,2001,0.064062997,0.07338657,0.056001125
Age-Standardized Smoking Prevalence,38,Mongolia,3,Both,29,15+ years,2001,0.267306039,0.275100026,0.259867284
Age-Standardized Smoking Prevalence,38,Mongolia,1,Male,29,15+ years,2002,0.482120135,0.495040423,0.469985406
Age-Standardized Smoking Prevalence,38,Mongolia,2,Female,29,15+ years,2002,0.065351584,0.07429226,0.057598169
Age-Standardized Smoking Prevalence,38,Mongolia,3,Both,29,15+ years,2002,0.26894198,0.276357859,0.261711026
Age-Standardized Smoking Prevalence,38,Mongolia,1,Male,29,15+ years,2003,0.485245077,0.497861109,0.473592408
Age-Standardized Smoking Prevalence,38,Mongolia,2,Female,29,15+ years,2003,0.066908267,0.075319025,0.059250064
Age-Standardized Smoking Prevalence,38,Mongolia,3,Both,29,15+ years,2003,0.271101857,0.278287192,0.2638697
Age-Standardized Smoking Prevalence,38,Mongolia,1,Male,29,15+ years,2004,0.488121681,0.500434796,0.476867329
Age-Standardized Smoking Prevalence,38,Mongolia,2,Female,29,15+ years,2004,0.068701986,0.076979488,0.061296694
Age-Standardized Smoking Prevalence,38,Mongolia,3,Both,29,15+ years,2004,0.273267743,0.280119067,0.266092408
Age-Standardized Smoking Prevalence,38,Mongolia,1,Male,29,15+ years,2005,0.49107016,0.503076307,0.479987732
Age-Standardized Smoking Prevalence,38,Mongolia,2,Female,29,15+ years,2005,0.070594371,0.078822801,0.063128684
Age-Standardized Smoking Prevalence,38,Mongolia,3,Both,29,15+ years,2005,0.275518998,0.282171487,0.268813019
Age-Standardized Smoking Prevalence,38,Mongolia,1,Male,29,15+ years,2006,0.49409739,0.506196506,0.482714025
Age-Standardized Smoking Prevalence,38,Mongolia,2,Female,29,15+ years,2006,0.072534535,0.080981708,0.065185361
Age-Standardized Smoking Prevalence,38,Mongolia,3,Both,29,15+ years,2006,0.277854513,0.284443186,0.271212438
Age-Standardized Smoking Prevalence,38,Mongolia,1,Male,29,15+ years,2007,0.497044285,0.509206063,0.48531992
Age-Standardized Smoking Prevalence,38,Mongolia,2,Female,29,15+ years,2007,0.074494001,0.082872854,0.067228596
Age-Standardized Smoking Prevalence,38,Mongolia,3,Both,29,15+ years,2007,0.280094771,0.286877444,0.273240927
Age-Standardized Smoking Prevalence,38,Mongolia,1,Male,29,15+ years,2008,0.499669426,0.512321227,0.487741625
Age-Standardized Smoking Prevalence,38,Mongolia,2,Female,29,15+ years,2008,0.076382397,0.085069541,0.069104403
Age-Standardized Smoking Prevalence,38,Mongolia,3,Both,29,15+ years,2008,0.282164825,0.289359218,0.275234602
Age-Standardized Smoking Prevalence,38,Mongolia,1,Male,29,15+ years,2009,0.502080897,0.515270778,0.489434263
Age-Standardized Smoking Prevalence,38,Mongolia,2,Female,29,15+ years,2009,0.07813,0.08690393,0.070779998
Age-Standardized Smoking Prevalence,38,Mongolia,3,Both,29,15+ years,2009,0.284007755,0.291639108,0.276822223
Age-Standardized Smoking Prevalence,38,Mongolia,1,Male,29,15+ years,2010,0.504864701,0.518890685,0.491589127
Age-Standardized Smoking Prevalence,38,Mongolia,2,Female,29,15+ years,2010,0.079753167,0.088750629,0.071603466
Age-Standardized Smoking Prevalence,38,Mongolia,3,Both,29,15+ years,2010,0.285965769,0.294065024,0.278863448
Age-Standardized Smoking Prevalence,38,Mongolia,1,Male,29,15+ years,2011,0.50739446,0.522092819,0.492711826
Age-Standardized Smoking Prevalence,38,Mongolia,2,Female,29,15+ years,2011,0.081147423,0.090746434,0.072456918
Age-Standardized Smoking Prevalence,38,Mongolia,3,Both,29,15+ years,2011,0.287675302,0.296345612,0.279986821
Age-Standardized Smoking Prevalence,38,Mongolia,1,Male,29,15+ years,2012,0.509741899,0.525353311,0.494374038
Age-Standardized Smoking Prevalence,38,Mongolia,2,Female,29,15+ years,2012,0.082266474,0.092494143,0.073089649
Age-Standardized Smoking Prevalence,38,Mongolia,3,Both,29,15+ years,2012,0.289170745,0.298280622,0.280702055
Age-Standardized Smoking Prevalence,38,Mongolia,1,Male,29,15+ years,2013,0.511186475,0.528052722,0.494918617
Age-Standardized Smoking Prevalence,38,Mongolia,2,Female,29,15+ years,2013,0.082880445,0.093621067,0.073145016
Age-Standardized Smoking Prevalence,38,Mongolia,3,Both,29,15+ years,2013,0.290035266,0.299542129,0.281080961
Age-Standardized Smoking Prevalence,38,Mongolia,1,Male,29,15+ years,2014,0.512158203,0.529688306,0.494785639
Age-Standardized Smoking Prevalence,38,Mongolia,2,Female,29,15+ years,2014,0.083208431,0.094554499,0.072630769
Age-Standardized Smoking Prevalence,38,Mongolia,3,Both,29,15+ years,2014,0.290522245,0.300383207,0.280780983
Age-Standardized Smoking Prevalence,38,Mongolia,1,Male,29,15+ years,2015,0.513578209,0.531770407,0.495350827
Age-Standardized Smoking Prevalence,38,Mongolia,2,Female,29,15+ years,2015,0.083355163,0.095367441,0.072210353
Age-Standardized Smoking Prevalence,38,Mongolia,3,Both,29,15+ years,2015,0.291179044,0.302029482,0.281079712
Age-Standardized Smoking Prevalence,38,Mongolia,1,Male,29,15+ years,2016,0.51472677,0.534059297,0.49541165
Age-Standardized Smoking Prevalence,38,Mongolia,2,Female,29,15+ years,2016,0.083331886,0.096410966,0.07140044
Age-Standardized Smoking Prevalence,38,Mongolia,3,Both,29,15+ years,2016,0.291641391,0.303376523,0.280686978
Age-Standardized Smoking Prevalence,38,Mongolia,1,Male,29,15+ years,2017,0.515766699,0.535503574,0.496064216
Age-Standardized Smoking Prevalence,38,Mongolia,2,Female,29,15+ years,2017,0.083190087,0.097230953,0.070553213
Age-Standardized Smoking Prevalence,38,Mongolia,3,Both,29,15+ years,2017,0.291975067,0.304365902,0.280773261
Age-Standardized Smoking Prevalence,38,Mongolia,1,Male,29,15+ years,2018,0.516545212,0.538043589,0.496092765
Age-Standardized Smoking Prevalence,38,Mongolia,2,Female,29,15+ years,2018,0.082921887,0.097474448,0.069729424
Age-Standardized Smoking Prevalence,38,Mongolia,3,Both,29,15+ years,2018,0.292165428,0.305543169,0.280249738
Age-Standardized Smoking Prevalence,38,Mongolia,1,Male,29,15+ years,2019,0.517108043,0.538994746,0.495908801
Age-Standardized Smoking Prevalence,38,Mongolia,2,Female,29,15+ years,2019,0.082555001,0.098358664,0.068572656
Age-Standardized Smoking Prevalence,38,Mongolia,3,Both,29,15+ years,2019,0.292181389,0.30651334,0.2795127
Age-Standardized Smoking Prevalence,122,Ecuador,1,Male,29,15+ years,1990,0.269810432,0.292391717,0.249341312
Age-Standardized Smoking Prevalence,122,Ecuador,2,Female,29,15+ years,1990,0.061420244,0.075317958,0.04865061
Age-Standardized Smoking Prevalence,122,Ecuador,3,Both,29,15+ years,1990,0.164145753,0.176556469,0.152159625
Age-Standardized Smoking Prevalence,122,Ecuador,1,Male,29,15+ years,1991,0.262752981,0.28395549,0.243205115
Age-Standardized Smoking Prevalence,122,Ecuador,2,Female,29,15+ years,1991,0.06035392,0.073530439,0.047614712
Age-Standardized Smoking Prevalence,122,Ecuador,3,Both,29,15+ years,1991,0.160038943,0.172058601,0.148735187
Age-Standardized Smoking Prevalence,122,Ecuador,1,Male,29,15+ years,1992,0.256016505,0.276366511,0.236962553
Age-Standardized Smoking Prevalence,122,Ecuador,2,Female,29,15+ years,1992,0.059346379,0.072244547,0.047074044
Age-Standardized Smoking Prevalence,122,Ecuador,3,Both,29,15+ years,1992,0.156134717,0.167426858,0.145240763
Age-Standardized Smoking Prevalence,122,Ecuador,1,Male,29,15+ years,1993,0.249632738,0.268862625,0.231720359
Age-Standardized Smoking Prevalence,122,Ecuador,2,Female,29,15+ years,1993,0.058389281,0.071420896,0.046740754
Age-Standardized Smoking Prevalence,122,Ecuador,3,Both,29,15+ years,1993,0.15247713,0.162872784,0.142122395
Age-Standardized Smoking Prevalence,122,Ecuador,1,Male,29,15+ years,1994,0.243708454,0.261367271,0.226706424
Age-Standardized Smoking Prevalence,122,Ecuador,2,Female,29,15+ years,1994,0.057501281,0.06963508,0.046158058
Age-Standardized Smoking Prevalence,122,Ecuador,3,Both,29,15+ years,1994,0.14908066,0.159253905,0.139282166
Age-Standardized Smoking Prevalence,122,Ecuador,1,Male,29,15+ years,1995,0.23851926,0.255646812,0.222724363
Age-Standardized Smoking Prevalence,122,Ecuador,2,Female,29,15+ years,1995,0.056735297,0.06857449,0.045971791
Age-Standardized Smoking Prevalence,122,Ecuador,3,Both,29,15+ years,1995,0.146090187,0.155970317,0.136793942
Age-Standardized Smoking Prevalence,122,Ecuador,1,Male,29,15+ years,1996,0.233573329,0.250196673,0.218559205
Age-Standardized Smoking Prevalence,122,Ecuador,2,Female,29,15+ years,1996,0.055974937,0.067719223,0.045713784
Age-Standardized Smoking Prevalence,122,Ecuador,3,Both,29,15+ years,1996,0.143221847,0.152871488,0.134354053
Age-Standardized Smoking Prevalence,122,Ecuador,1,Male,29,15+ years,1997,0.229887312,0.244989755,0.215707729
Age-Standardized Smoking Prevalence,122,Ecuador,2,Female,29,15+ years,1997,0.055446447,0.066660935,0.045827048
Age-Standardized Smoking Prevalence,122,Ecuador,3,Both,29,15+ years,1997,0.141090288,0.150492195,0.132355588
Age-Standardized Smoking Prevalence,122,Ecuador,1,Male,29,15+ years,1998,0.227504868,0.241456078,0.214021712
Age-Standardized Smoking Prevalence,122,Ecuador,2,Female,29,15+ years,1998,0.055144969,0.065856667,0.045810846
Age-Standardized Smoking Prevalence,122,Ecuador,3,Both,29,15+ years,1998,0.139749876,0.148852015,0.131378547
Age-Standardized Smoking Prevalence,122,Ecuador,1,Male,29,15+ years,1999,0.227478147,0.240612082,0.214588902
Age-Standardized Smoking Prevalence,122,Ecuador,2,Female,29,15+ years,1999,0.055386193,0.065313178,0.046588831
Age-Standardized Smoking Prevalence,122,Ecuador,3,Both,29,15+ years,1999,0.139821886,0.148799414,0.131635034
Age-Standardized Smoking Prevalence,122,Ecuador,1,Male,29,15+ years,2000,0.22855268,0.241298259,0.21615733
Age-Standardized Smoking Prevalence,122,Ecuador,2,Female,29,15+ years,2000,0.055777599,0.065402611,0.047319827
Age-Standardized Smoking Prevalence,122,Ecuador,3,Both,29,15+ years,2000,0.140508214,0.149084227,0.132208473
Age-Standardized Smoking Prevalence,122,Ecuador,1,Male,29,15+ years,2001,0.230547068,0.24366011,0.218454681
Age-Standardized Smoking Prevalence,122,Ecuador,2,Female,29,15+ years,2001,0.056248527,0.065932168,0.048114466
Age-Standardized Smoking Prevalence,122,Ecuador,3,Both,29,15+ years,2001,0.141689314,0.14982111,0.133640148
Age-Standardized Smoking Prevalence,122,Ecuador,1,Male,29,15+ years,2002,0.233489832,0.246507304,0.220899822
Age-Standardized Smoking Prevalence,122,Ecuador,2,Female,29,15+ years,2002,0.056783559,0.066478614,0.048787704
Age-Standardized Smoking Prevalence,122,Ecuador,3,Both,29,15+ years,2002,0.143366701,0.15122227,0.135482249
Age-Standardized Smoking Prevalence,122,Ecuador,1,Male,29,15+ years,2003,0.237129366,0.249992424,0.224419148
Age-Standardized Smoking Prevalence,122,Ecuador,2,Female,29,15+ years,2003,0.057292574,0.066915785,0.049441549
Age-Standardized Smoking Prevalence,122,Ecuador,3,Both,29,15+ years,2003,0.145387209,0.152874116,0.137779354
Age-Standardized Smoking Prevalence,122,Ecuador,1,Male,29,15+ years,2004,0.239290237,0.25233138,0.226820265
Age-Standardized Smoking Prevalence,122,Ecuador,2,Female,29,15+ years,2004,0.057041678,0.066245212,0.049674621
Age-Standardized Smoking Prevalence,122,Ecuador,3,Both,29,15+ years,2004,0.146294434,0.153643912,0.138803887
Age-Standardized Smoking Prevalence,122,Ecuador,1,Male,29,15+ years,2005,0.241611422,0.254059719,0.229067483
Age-Standardized Smoking Prevalence,122,Ecuador,2,Female,29,15+ years,2005,0.056558874,0.065672621,0.049369067
Age-Standardized Smoking Prevalence,122,Ecuador,3,Both,29,15+ years,2005,0.14717296,0.154337212,0.139724361
Age-Standardized Smoking Prevalence,122,Ecuador,1,Male,29,15+ years,2006,0.247137779,0.259379915,0.234556935
Age-Standardized Smoking Prevalence,122,Ecuador,2,Female,29,15+ years,2006,0.056714515,0.065644409,0.049617901
Age-Standardized Smoking Prevalence,122,Ecuador,3,Both,29,15+ years,2006,0.149951005,0.156891148,0.142452033
Age-Standardized Smoking Prevalence,122,Ecuador,1,Male,29,15+ years,2007,0.253535108,0.265517626,0.241220085
Age-Standardized Smoking Prevalence,122,Ecuador,2,Female,29,15+ years,2007,0.057135797,0.065815927,0.049809504
Age-Standardized Smoking Prevalence,122,Ecuador,3,Both,29,15+ years,2007,0.153301504,0.160425465,0.145958146
Age-Standardized Smoking Prevalence,122,Ecuador,1,Male,29,15+ years,2008,0.259795137,0.271379604,0.247646858
Age-Standardized Smoking Prevalence,122,Ecuador,2,Female,29,15+ years,2008,0.057458343,0.066007027,0.050034898
Age-Standardized Smoking Prevalence,122,Ecuador,3,Both,29,15+ years,2008,0.156507638,0.16371909,0.149363463
Age-Standardized Smoking Prevalence,122,Ecuador,1,Male,29,15+ years,2009,0.265599291,0.276935964,0.254034412
Age-Standardized Smoking Prevalence,122,Ecuador,2,Female,29,15+ years,2009,0.05766147,0.066197249,0.050053817
Age-Standardized Smoking Prevalence,122,Ecuador,3,Both,29,15+ years,2009,0.159453856,0.166466462,0.152567045
Age-Standardized Smoking Prevalence,122,Ecuador,1,Male,29,15+ years,2010,0.270652157,0.28204618,0.259385188
Age-Standardized Smoking Prevalence,122,Ecuador,2,Female,29,15+ years,2010,0.057742448,0.066154313,0.049993114
Age-Standardized Smoking Prevalence,122,Ecuador,3,Both,29,15+ years,2010,0.161982957,0.168998214,0.155014917
Age-Standardized Smoking Prevalence,122,Ecuador,1,Male,29,15+ years,2011,0.275296519,0.286321159,0.263721817
Age-Standardized Smoking Prevalence,122,Ecuador,2,Female,29,15+ years,2011,0.057818279,0.066489497,0.049881909
Age-Standardized Smoking Prevalence,122,Ecuador,3,Both,29,15+ years,2011,0.164317422,0.171361491,0.157450611
Age-Standardized Smoking Prevalence,122,Ecuador,1,Male,29,15+ years,2012,0.27827749,0.289443523,0.266851604
Age-Standardized Smoking Prevalence,122,Ecuador,2,Female,29,15+ years,2012,0.057674715,0.066742378,0.049581324
Age-Standardized Smoking Prevalence,122,Ecuador,3,Both,29,15+ years,2012,0.165735922,0.172649012,0.159235258
Age-Standardized Smoking Prevalence,122,Ecuador,1,Male,29,15+ years,2013,0.275995072,0.287377117,0.264431172
Age-Standardized Smoking Prevalence,122,Ecuador,2,Female,29,15+ years,2013,0.056644052,0.065476002,0.048494431
Age-Standardized Smoking Prevalence,122,Ecuador,3,Both,29,15+ years,2013,0.164138667,0.171052589,0.157343787
Age-Standardized Smoking Prevalence,122,Ecuador,1,Male,29,15+ years,2014,0.271974398,0.283513692,0.260232379
Age-Standardized Smoking Prevalence,122,Ecuador,2,Female,29,15+ years,2014,0.055428942,0.064246633,0.04735521
Age-Standardized Smoking Prevalence,122,Ecuador,3,Both,29,15+ years,2014,0.161595695,0.168731352,0.15487116
Age-Standardized Smoking Prevalence,122,Ecuador,1,Male,29,15+ years,2015,0.267108685,0.278825784,0.255252407
Age-Standardized Smoking Prevalence,122,Ecuador,2,Female,29,15+ years,2015,0.054181418,0.063005594,0.046254625
Age-Standardized Smoking Prevalence,122,Ecuador,3,Both,29,15+ years,2015,0.158625747,0.165988409,0.151793896
Age-Standardized Smoking Prevalence,122,Ecuador,1,Male,29,15+ years,2016,0.261935458,0.274180681,0.249873088
Age-Standardized Smoking Prevalence,122,Ecuador,2,Female,29,15+ years,2016,0.052989422,0.062540356,0.044884686
Age-Standardized Smoking Prevalence,122,Ecuador,3,Both,29,15+ years,2016,0.155613224,0.163135015,0.148586749
Age-Standardized Smoking Prevalence,122,Ecuador,1,Male,29,15+ years,2017,0.257467745,0.269261275,0.245422494
Age-Standardized Smoking Prevalence,122,Ecuador,2,Female,29,15+ years,2017,0.05191559,0.061561691,0.043915777
Age-Standardized Smoking Prevalence,122,Ecuador,3,Both,29,15+ years,2017,0.153062903,0.16079218,0.14591517
Age-Standardized Smoking Prevalence,122,Ecuador,1,Male,29,15+ years,2018,0.25264522,0.264889809,0.240715317
Age-Standardized Smoking Prevalence,122,Ecuador,2,Female,29,15+ years,2018,0.05082331,0.060702067,0.04265991
Age-Standardized Smoking Prevalence,122,Ecuador,3,Both,29,15+ years,2018,0.150261489,0.158056532,0.143110792
Age-Standardized Smoking Prevalence,122,Ecuador,1,Male,29,15+ years,2019,0.246802405,0.259409404,0.235026606
Age-Standardized Smoking Prevalence,122,Ecuador,2,Female,29,15+ years,2019,0.049661056,0.059777874,0.041359874
Age-Standardized Smoking Prevalence,122,Ecuador,3,Both,29,15+ years,2019,0.146857022,0.155124043,0.139414236
Age-Standardized Smoking Prevalence,135,Brazil,1,Male,29,15+ years,1990,0.394687388,0.414901646,0.375190134
Age-Standardized Smoking Prevalence,135,Brazil,2,Female,29,15+ years,1990,0.271105337,0.284915492,0.257474914
Age-Standardized Smoking Prevalence,135,Brazil,3,Both,29,15+ years,1990,0.331104899,0.343093087,0.319293211
Age-Standardized Smoking Prevalence,135,Brazil,1,Male,29,15+ years,1991,0.386638913,0.405779314,0.366765494
Age-Standardized Smoking Prevalence,135,Brazil,2,Female,29,15+ years,1991,0.266495529,0.280490033,0.252810876
Age-Standardized Smoking Prevalence,135,Brazil,3,Both,29,15+ years,1991,0.324755609,0.336226375,0.312899946
Age-Standardized Smoking Prevalence,135,Brazil,1,Male,29,15+ years,1992,0.377728526,0.397154755,0.358696394
Age-Standardized Smoking Prevalence,135,Brazil,2,Female,29,15+ years,1992,0.260928636,0.275191722,0.246828954
Age-Standardized Smoking Prevalence,135,Brazil,3,Both,29,15+ years,1992,0.317514293,0.329120467,0.305401753
Age-Standardized Smoking Prevalence,135,Brazil,1,Male,29,15+ years,1993,0.368126911,0.386342647,0.34934468
Age-Standardized Smoking Prevalence,135,Brazil,2,Female,29,15+ years,1993,0.254820707,0.269695839,0.239972343
Age-Standardized Smoking Prevalence,135,Brazil,3,Both,29,15+ years,1993,0.309670637,0.322204221,0.297600601
Age-Standardized Smoking Prevalence,135,Brazil,1,Male,29,15+ years,1994,0.358004602,0.375128325,0.339882026
Age-Standardized Smoking Prevalence,135,Brazil,2,Female,29,15+ years,1994,0.248266476,0.263698409,0.231875454
Age-Standardized Smoking Prevalence,135,Brazil,3,Both,29,15+ years,1994,0.301358804,0.314389249,0.289508126
Age-Standardized Smoking Prevalence,135,Brazil,1,Male,29,15+ years,1995,0.34781494,0.365212239,0.33032333
Age-Standardized Smoking Prevalence,135,Brazil,2,Female,29,15+ years,1995,0.241516566,0.257608884,0.224784853
Age-Standardized Smoking Prevalence,135,Brazil,3,Both,29,15+ years,1995,0.292924576,0.306250409,0.28134711
Age-Standardized Smoking Prevalence,135,Brazil,1,Male,29,15+ years,1996,0.337652567,0.355121154,0.320918797
Age-Standardized Smoking Prevalence,135,Brazil,2,Female,29,15+ years,1996,0.234603895,0.25111434,0.217934786
Age-Standardized Smoking Prevalence,135,Brazil,3,Both,29,15+ years,1996,0.284426962,0.29691985,0.272505087
Age-Standardized Smoking Prevalence,135,Brazil,1,Male,29,15+ years,1997,0.327378798,0.344027612,0.311423749
Age-Standardized Smoking Prevalence,135,Brazil,2,Female,29,15+ years,1997,0.22726371,0.244200641,0.211134303
Age-Standardized Smoking Prevalence,135,Brazil,3,Both,29,15+ years,1997,0.275670292,0.287731364,0.264149285
Age-Standardized Smoking Prevalence,135,Brazil,1,Male,29,15+ years,1998,0.317112149,0.332891394,0.302428777
Age-Standardized Smoking Prevalence,135,Brazil,2,Female,29,15+ years,1998,0.219763078,0.235892275,0.20419225
Age-Standardized Smoking Prevalence,135,Brazil,3,Both,29,15+ years,1998,0.266840636,0.278525619,0.255185494
Age-Standardized Smoking Prevalence,135,Brazil,1,Male,29,15+ years,1999,0.306606503,0.320980091,0.293018096
Age-Standardized Smoking Prevalence,135,Brazil,2,Female,29,15+ years,1999,0.211983258,0.227082779,0.197323178
Age-Standardized Smoking Prevalence,135,Brazil,3,Both,29,15+ years,1999,0.257754509,0.267954645,0.247296802
Age-Standardized Smoking Prevalence,135,Brazil,1,Male,29,15+ years,2000,0.295899447,0.308909157,0.283610138
Age-Standardized Smoking Prevalence,135,Brazil,2,Female,29,15+ years,2000,0.203990142,0.217865978,0.190716672
Age-Standardized Smoking Prevalence,135,Brazil,3,Both,29,15+ years,2000,0.248464568,0.257978703,0.238911111
Age-Standardized Smoking Prevalence,135,Brazil,1,Male,29,15+ years,2001,0.285189734,0.296948952,0.274057614
Age-Standardized Smoking Prevalence,135,Brazil,2,Female,29,15+ years,2001,0.195889046,0.208102121,0.183931264
Age-Standardized Smoking Prevalence,135,Brazil,3,Both,29,15+ years,2001,0.239119477,0.247928461,0.230684951
Age-Standardized Smoking Prevalence,135,Brazil,1,Male,29,15+ years,2002,0.274720581,0.285518431,0.264931482
Age-Standardized Smoking Prevalence,135,Brazil,2,Female,29,15+ years,2002,0.187873641,0.198525461,0.177104111
Age-Standardized Smoking Prevalence,135,Brazil,3,Both,29,15+ years,2002,0.229940798,0.237498975,0.222664973
Age-Standardized Smoking Prevalence,135,Brazil,1,Male,29,15+ years,2003,0.264419645,0.273765121,0.255700284
Age-Standardized Smoking Prevalence,135,Brazil,2,Female,29,15+ years,2003,0.179972953,0.189341168,0.170749257
Age-Standardized Smoking Prevalence,135,Brazil,3,Both,29,15+ years,2003,0.220903315,0.227438224,0.214476802
Age-Standardized Smoking Prevalence,135,Brazil,1,Male,29,15+ years,2004,0.253621327,0.261784831,0.245643909
Age-Standardized Smoking Prevalence,135,Brazil,2,Female,29,15+ years,2004,0.171583613,0.179984692,0.163454191
Age-Standardized Smoking Prevalence,135,Brazil,3,Both,29,15+ years,2004,0.211367636,0.2171305,0.205751775
Age-Standardized Smoking Prevalence,135,Brazil,1,Male,29,15+ years,2005,0.242933219,0.250251897,0.235753826
Age-Standardized Smoking Prevalence,135,Brazil,2,Female,29,15+ years,2005,0.163510807,0.170924819,0.156387054
Age-Standardized Smoking Prevalence,135,Brazil,3,Both,29,15+ years,2005,0.202040257,0.207105249,0.196797806
Age-Standardized Smoking Prevalence,135,Brazil,1,Male,29,15+ years,2006,0.232417591,0.238911852,0.226284056
Age-Standardized Smoking Prevalence,135,Brazil,2,Female,29,15+ years,2006,0.15587639,0.162406673,0.149225996
Age-Standardized Smoking Prevalence,135,Brazil,3,Both,29,15+ years,2006,0.193016713,0.197559907,0.188490923
Age-Standardized Smoking Prevalence,135,Brazil,1,Male,29,15+ years,2007,0.221708643,0.227543503,0.216264033
Age-Standardized Smoking Prevalence,135,Brazil,2,Female,29,15+ years,2007,0.14848328,0.154422905,0.142655722
Age-Standardized Smoking Prevalence,135,Brazil,3,Both,29,15+ years,2007,0.184019391,0.188153328,0.180048803
Age-Standardized Smoking Prevalence,135,Brazil,1,Male,29,15+ years,2008,0.210543298,0.21593021,0.20573613
Age-Standardized Smoking Prevalence,135,Brazil,2,Female,29,15+ years,2008,0.141064822,0.146839621,0.136046258
Age-Standardized Smoking Prevalence,135,Brazil,3,Both,29,15+ years,2008,0.174780712,0.178459481,0.171326991
Age-Standardized Smoking Prevalence,135,Brazil,1,Male,29,15+ years,2009,0.198176521,0.20314657,0.193593985
Age-Standardized Smoking Prevalence,135,Brazil,2,Female,29,15+ years,2009,0.132979626,0.138321334,0.128209747
Age-Standardized Smoking Prevalence,135,Brazil,3,Both,29,15+ years,2009,0.164612877,0.168056337,0.161165665
Age-Standardized Smoking Prevalence,135,Brazil,1,Male,29,15+ years,2010,0.18552447,0.190158848,0.181017756
Age-Standardized Smoking Prevalence,135,Brazil,2,Female,29,15+ years,2010,0.124487763,0.129484293,0.119754983
Age-Standardized Smoking Prevalence,135,Brazil,3,Both,29,15+ years,2010,0.154095183,0.15755529,0.150708972
Age-Standardized Smoking Prevalence,135,Brazil,1,Male,29,15+ years,2011,0.17280378,0.177191755,0.168446287
Age-Standardized Smoking Prevalence,135,Brazil,2,Female,29,15+ years,2011,0.115606742,0.120683499,0.110762347
Age-Standardized Smoking Prevalence,135,Brazil,3,Both,29,15+ years,2011,0.143348157,0.146749093,0.140008673
Age-Standardized Smoking Prevalence,135,Brazil,1,Male,29,15+ years,2012,0.159623249,0.164267293,0.155359417
Age-Standardized Smoking Prevalence,135,Brazil,2,Female,29,15+ years,2012,0.106282612,0.111655502,0.101302368
Age-Standardized Smoking Prevalence,135,Brazil,3,Both,29,15+ years,2012,0.132155406,0.135687615,0.128835389
Age-Standardized Smoking Prevalence,135,Brazil,1,Male,29,15+ years,2013,0.147199933,0.151806233,0.142800705
Age-Standardized Smoking Prevalence,135,Brazil,2,Female,29,15+ years,2013,0.097363071,0.102904467,0.092001125
Age-Standardized Smoking Prevalence,135,Brazil,3,Both,29,15+ years,2013,0.121539728,0.12540198,0.118190689
Age-Standardized Smoking Prevalence,135,Brazil,1,Male,29,15+ years,2014,0.135871467,0.140612625,0.131143507
Age-Standardized Smoking Prevalence,135,Brazil,2,Female,29,15+ years,2014,0.08915904,0.095037807,0.083306838
Age-Standardized Smoking Prevalence,135,Brazil,3,Both,29,15+ years,2014,0.111822997,0.115871071,0.108263516
Age-Standardized Smoking Prevalence,135,Brazil,1,Male,29,15+ years,2015,0.126401147,0.13135929,0.121244306
Age-Standardized Smoking Prevalence,135,Brazil,2,Female,29,15+ years,2015,0.082229767,0.088310564,0.076210768
Age-Standardized Smoking Prevalence,135,Brazil,3,Both,29,15+ years,2015,0.103664181,0.107921907,0.099844005
Age-Standardized Smoking Prevalence,135,Brazil,1,Male,29,15+ years,2016,0.118958396,0.124217246,0.113342744
Age-Standardized Smoking Prevalence,135,Brazil,2,Female,29,15+ years,2016,0.076732693,0.083401034,0.070131001
Age-Standardized Smoking Prevalence,135,Brazil,3,Both,29,15+ years,2016,0.097228717,0.101686391,0.093116885
Age-Standardized Smoking Prevalence,135,Brazil,1,Male,29,15+ years,2017,0.11362594,0.119276752,0.107648086
Age-Standardized Smoking Prevalence,135,Brazil,2,Female,29,15+ years,2017,0.07271644,0.080100749,0.065624879
Age-Standardized Smoking Prevalence,135,Brazil,3,Both,29,15+ years,2017,0.092578833,0.097469365,0.088086477
Age-Standardized Smoking Prevalence,135,Brazil,1,Male,29,15+ years,2018,0.110468187,0.116900704,0.104018281
Age-Standardized Smoking Prevalence,135,Brazil,2,Female,29,15+ years,2018,0.070194025,0.078184298,0.062358438
Age-Standardized Smoking Prevalence,135,Brazil,3,Both,29,15+ years,2018,0.089752869,0.094861827,0.084867365
Age-Standardized Smoking Prevalence,135,Brazil,1,Male,29,15+ years,2019,0.108524129,0.115576591,0.101441884
Age-Standardized Smoking Prevalence,135,Brazil,2,Female,29,15+ years,2019,0.068633975,0.077335364,0.060241015
Age-Standardized Smoking Prevalence,135,Brazil,3,Both,29,15+ years,2019,0.088010954,0.093700937,0.082579709
Age-Standardized Smoking Prevalence,161,Bangladesh,1,Male,29,15+ years,1990,0.507096135,0.527794539,0.485870919
Age-Standardized Smoking Prevalence,161,Bangladesh,2,Female,29,15+ years,1990,0.029896406,0.037294666,0.023777731
Age-Standardized Smoking Prevalence,161,Bangladesh,3,Both,29,15+ years,1990,0.281485916,0.292112493,0.26995004
Age-Standardized Smoking Prevalence,161,Bangladesh,1,Male,29,15+ years,1991,0.498607594,0.518403869,0.478096483
Age-Standardized Smoking Prevalence,161,Bangladesh,2,Female,29,15+ years,1991,0.029537093,0.036547821,0.023672269
Age-Standardized Smoking Prevalence,161,Bangladesh,3,Both,29,15+ years,1991,0.276936868,0.287040725,0.265938217
Age-Standardized Smoking Prevalence,161,Bangladesh,1,Male,29,15+ years,1992,0.490720558,0.509251714,0.470620317
Age-Standardized Smoking Prevalence,161,Bangladesh,2,Female,29,15+ years,1992,0.029210958,0.036082652,0.023512237
Age-Standardized Smoking Prevalence,161,Bangladesh,3,Both,29,15+ years,1992,0.272693391,0.282535761,0.261738288
Age-Standardized Smoking Prevalence,161,Bangladesh,1,Male,29,15+ years,1993,0.483475799,0.501376134,0.463869062
Age-Standardized Smoking Prevalence,161,Bangladesh,2,Female,29,15+ years,1993,0.028903572,0.035711843,0.023280478
Age-Standardized Smoking Prevalence,161,Bangladesh,3,Both,29,15+ years,1993,0.268811147,0.278185345,0.258436711
Age-Standardized Smoking Prevalence,161,Bangladesh,1,Male,29,15+ years,1994,0.476754886,0.493803802,0.458396297
Age-Standardized Smoking Prevalence,161,Bangladesh,2,Female,29,15+ years,1994,0.028584988,0.035297616,0.022920061
Age-Standardized Smoking Prevalence,161,Bangladesh,3,Both,29,15+ years,1994,0.265145033,0.274422562,0.255145681
Age-Standardized Smoking Prevalence,161,Bangladesh,1,Male,29,15+ years,1995,0.470485332,0.487027554,0.453440733
Age-Standardized Smoking Prevalence,161,Bangladesh,2,Female,29,15+ years,1995,0.028236052,0.034834164,0.022772204
Age-Standardized Smoking Prevalence,161,Bangladesh,3,Both,29,15+ years,1995,0.261603636,0.270661543,0.252129324
Age-Standardized Smoking Prevalence,161,Bangladesh,1,Male,29,15+ years,1996,0.464193111,0.479470197,0.44778431
Age-Standardized Smoking Prevalence,161,Bangladesh,2,Female,29,15+ years,1996,0.027516391,0.033716644,0.022248018
Age-Standardized Smoking Prevalence,161,Bangladesh,3,Both,29,15+ years,1996,0.257797061,0.266267581,0.248783292
Age-Standardized Smoking Prevalence,161,Bangladesh,1,Male,29,15+ years,1997,0.458487778,0.472990806,0.442597683
Age-Standardized Smoking Prevalence,161,Bangladesh,2,Female,29,15+ years,1997,0.026789947,0.032538606,0.021902297
Age-Standardized Smoking Prevalence,161,Bangladesh,3,Both,29,15+ years,1997,0.254201522,0.262310599,0.245688933
Age-Standardized Smoking Prevalence,161,Bangladesh,1,Male,29,15+ years,1998,0.453600667,0.467550937,0.43871896
Age-Standardized Smoking Prevalence,161,Bangladesh,2,Female,29,15+ years,1998,0.026071547,0.031701577,0.021245697
Age-Standardized Smoking Prevalence,161,Bangladesh,3,Both,29,15+ years,1998,0.250983931,0.258802614,0.243057224
Age-Standardized Smoking Prevalence,161,Bangladesh,1,Male,29,15+ years,1999,0.449827131,0.462953914,0.436298549
Age-Standardized Smoking Prevalence,161,Bangladesh,2,Female,29,15+ years,1999,0.025390562,0.030895776,0.0207067
Age-Standardized Smoking Prevalence,161,Bangladesh,3,Both,29,15+ years,1999,0.248345064,0.255532132,0.240971723
Age-Standardized Smoking Prevalence,161,Bangladesh,1,Male,29,15+ years,2000,0.447481681,0.45945356,0.434939775
Age-Standardized Smoking Prevalence,161,Bangladesh,2,Female,29,15+ years,2000,0.024764593,0.030164652,0.020227052
Age-Standardized Smoking Prevalence,161,Bangladesh,3,Both,29,15+ years,2000,0.246420172,0.253377126,0.239585075
Age-Standardized Smoking Prevalence,161,Bangladesh,1,Male,29,15+ years,2001,0.446583029,0.457912298,0.434833798
Age-Standardized Smoking Prevalence,161,Bangladesh,2,Female,29,15+ years,2001,0.024192179,0.02944662,0.019752179
Age-Standardized Smoking Prevalence,161,Bangladesh,3,Both,29,15+ years,2001,0.245184849,0.25186283,0.238492624
Age-Standardized Smoking Prevalence,161,Bangladesh,1,Male,29,15+ years,2002,0.447122318,0.457682758,0.435867625
Age-Standardized Smoking Prevalence,161,Bangladesh,2,Female,29,15+ years,2002,0.023681184,0.02883717,0.019271376
Age-Standardized Smoking Prevalence,161,Bangladesh,3,Both,29,15+ years,2002,0.244631869,0.250839496,0.238138627
Age-Standardized Smoking Prevalence,161,Bangladesh,1,Male,29,15+ years,2003,0.449621775,0.459882795,0.43910826
Age-Standardized Smoking Prevalence,161,Bangladesh,2,Female,29,15+ years,2003,0.02353916,0.028515207,0.019194847
Age-Standardized Smoking Prevalence,161,Bangladesh,3,Both,29,15+ years,2003,0.245167217,0.251040813,0.239245226
Age-Standardized Smoking Prevalence,161,Bangladesh,1,Male,29,15+ years,2004,0.452141383,0.461334489,0.44244626
Age-Standardized Smoking Prevalence,161,Bangladesh,2,Female,29,15+ years,2004,0.023341898,0.028249656,0.019048606
Age-Standardized Smoking Prevalence,161,Bangladesh,3,Both,29,15+ years,2004,0.245591889,0.250801434,0.240153312
Age-Standardized Smoking Prevalence,161,Bangladesh,1,Male,29,15+ years,2005,0.454793345,0.46342883,0.445557981
Age-Standardized Smoking Prevalence,161,Bangladesh,2,Female,29,15+ years,2005,0.02315502,0.027997583,0.019001889
Age-Standardized Smoking Prevalence,161,Bangladesh,3,Both,29,15+ years,2005,0.246022393,0.251104365,0.240963147
Age-Standardized Smoking Prevalence,161,Bangladesh,1,Male,29,15+ years,2006,0.45757167,0.465667349,0.448746925
Age-Standardized Smoking Prevalence,161,Bangladesh,2,Female,29,15+ years,2006,0.022993035,0.027815098,0.01897819
Age-Standardized Smoking Prevalence,161,Bangladesh,3,Both,29,15+ years,2006,0.246458717,0.251386936,0.241681197
Age-Standardized Smoking Prevalence,161,Bangladesh,1,Male,29,15+ years,2007,0.460078945,0.468258515,0.451480086
Age-Standardized Smoking Prevalence,161,Bangladesh,2,Female,29,15+ years,2007,0.022859674,0.027592603,0.018935334
Age-Standardized Smoking Prevalence,161,Bangladesh,3,Both,29,15+ years,2007,0.246696578,0.251388773,0.242086311
Age-Standardized Smoking Prevalence,161,Bangladesh,1,Male,29,15+ years,2008,0.462481654,0.471239898,0.453472933
Age-Standardized Smoking Prevalence,161,Bangladesh,2,Female,29,15+ years,2008,0.02278024,0.027450996,0.018934561
Age-Standardized Smoking Prevalence,161,Bangladesh,3,Both,29,15+ years,2008,0.246889099,0.251858593,0.241910518
Age-Standardized Smoking Prevalence,161,Bangladesh,1,Male,29,15+ years,2009,0.464362261,0.473523066,0.455068557
Age-Standardized Smoking Prevalence,161,Bangladesh,2,Female,29,15+ years,2009,0.022731076,0.027333742,0.018904828
Age-Standardized Smoking Prevalence,161,Bangladesh,3,Both,29,15+ years,2009,0.246841858,0.251962686,0.241811679
Age-Standardized Smoking Prevalence,161,Bangladesh,1,Male,29,15+ years,2010,0.464848162,0.475426156,0.454657493
Age-Standardized Smoking Prevalence,161,Bangladesh,2,Female,29,15+ years,2010,0.022624262,0.027490282,0.018801101
Age-Standardized Smoking Prevalence,161,Bangladesh,3,Both,29,15+ years,2010,0.246083065,0.251668674,0.241079016
Age-Standardized Smoking Prevalence,161,Bangladesh,1,Male,29,15+ years,2011,0.464595439,0.476362179,0.453701471
Age-Standardized Smoking Prevalence,161,Bangladesh,2,Female,29,15+ years,2011,0.022520735,0.027616976,0.018596052
Age-Standardized Smoking Prevalence,161,Bangladesh,3,Both,29,15+ years,2011,0.245010378,0.251196324,0.239435579
Age-Standardized Smoking Prevalence,161,Bangladesh,1,Male,29,15+ years,2012,0.46337288,0.475888376,0.451330281
Age-Standardized Smoking Prevalence,161,Bangladesh,2,Female,29,15+ years,2012,0.0223825,0.027531184,0.018347791
Age-Standardized Smoking Prevalence,161,Bangladesh,3,Both,29,15+ years,2012,0.243499484,0.250045964,0.237242156
Age-Standardized Smoking Prevalence,161,Bangladesh,1,Male,29,15+ years,2013,0.461063889,0.474644814,0.448101687
Age-Standardized Smoking Prevalence,161,Bangladesh,2,Female,29,15+ years,2013,0.02222776,0.027435061,0.018062722
Age-Standardized Smoking Prevalence,161,Bangladesh,3,Both,29,15+ years,2013,0.241484509,0.248396623,0.23449287
Age-Standardized Smoking Prevalence,161,Bangladesh,1,Male,29,15+ years,2014,0.457929526,0.473073387,0.444075226
Age-Standardized Smoking Prevalence,161,Bangladesh,2,Female,29,15+ years,2014,0.022009479,0.027341267,0.017894054
Age-Standardized Smoking Prevalence,161,Bangladesh,3,Both,29,15+ years,2014,0.239029786,0.246426819,0.231606764
Age-Standardized Smoking Prevalence,161,Bangladesh,1,Male,29,15+ years,2015,0.455074483,0.471144339,0.439870409
Age-Standardized Smoking Prevalence,161,Bangladesh,2,Female,29,15+ years,2015,0.021815438,0.027385995,0.017546465
Age-Standardized Smoking Prevalence,161,Bangladesh,3,Both,29,15+ years,2015,0.23675467,0.244767959,0.22913138
Age-Standardized Smoking Prevalence,161,Bangladesh,1,Male,29,15+ years,2016,0.452378938,0.469908275,0.436261271
Age-Standardized Smoking Prevalence,161,Bangladesh,2,Female,29,15+ years,2016,0.021632712,0.027285812,0.017296375
Age-Standardized Smoking Prevalence,161,Bangladesh,3,Both,29,15+ years,2016,0.234593387,0.242887858,0.226616044
Age-Standardized Smoking Prevalence,161,Bangladesh,1,Male,29,15+ years,2017,0.450059587,0.46843394,0.433124942
Age-Standardized Smoking Prevalence,161,Bangladesh,2,Female,29,15+ years,2017,0.021469457,0.026998383,0.0170539
Age-Standardized Smoking Prevalence,161,Bangladesh,3,Both,29,15+ years,2017,0.232645654,0.241867488,0.2243258
Age-Standardized Smoking Prevalence,161,Bangladesh,1,Male,29,15+ years,2018,0.449278929,0.468526811,0.431014295
Age-Standardized Smoking Prevalence,161,Bangladesh,2,Female,29,15+ years,2018,0.021367454,0.02666335,0.016936298
Age-Standardized Smoking Prevalence,161,Bangladesh,3,Both,29,15+ years,2018,0.231505634,0.2414411,0.222229975
Age-Standardized Smoking Prevalence,161,Bangladesh,1,Male,29,15+ years,2019,0.449043385,0.469839629,0.430081562
Age-Standardized Smoking Prevalence,161,Bangladesh,2,Female,29,15+ years,2019,0.021291431,0.02656124,0.01682011
Age-Standardized Smoking Prevalence,161,Bangladesh,3,Both,29,15+ years,2019,0.230683015,0.241090632,0.221222946
Age-Standardized Smoking Prevalence,163,India,1,Male,29,15+ years,1990,0.39033322,0.399666174,0.380534035
Age-Standardized Smoking Prevalence,163,India,2,Female,29,15+ years,1990,0.045356584,0.053261329,0.038738838
Age-Standardized Smoking Prevalence,163,India,3,Both,29,15+ years,1990,0.22517221,0.231457925,0.219290509
Age-Standardized Smoking Prevalence,163,India,1,Male,29,15+ years,1991,0.383475344,0.392573417,0.374297411
Age-Standardized Smoking Prevalence,163,India,2,Female,29,15+ years,1991,0.044965239,0.05274902,0.038479899
Age-Standardized Smoking Prevalence,163,India,3,Both,29,15+ years,1991,0.221365993,0.227455225,0.215663326
Age-Standardized Smoking Prevalence,163,India,1,Male,29,15+ years,1992,0.375976184,0.384863818,0.367328699
Age-Standardized Smoking Prevalence,163,India,2,Female,29,15+ years,1992,0.044542834,0.05194122,0.038228737
Age-Standardized Smoking Prevalence,163,India,3,Both,29,15+ years,1992,0.217165032,0.223081087,0.211701434
Age-Standardized Smoking Prevalence,163,India,1,Male,29,15+ years,1993,0.368169876,0.376829563,0.359795034
Age-Standardized Smoking Prevalence,163,India,2,Female,29,15+ years,1993,0.04412518,0.051625862,0.037973432
Age-Standardized Smoking Prevalence,163,India,3,Both,29,15+ years,1993,0.212760785,0.218375942,0.207079976
Age-Standardized Smoking Prevalence,163,India,1,Male,29,15+ years,1994,0.35951271,0.367844415,0.350622963
Age-Standardized Smoking Prevalence,163,India,2,Female,29,15+ years,1994,0.043799395,0.051137692,0.037635137
Age-Standardized Smoking Prevalence,163,India,3,Both,29,15+ years,1994,0.207893493,0.213280747,0.202411327
Age-Standardized Smoking Prevalence,163,India,1,Male,29,15+ years,1995,0.351170601,0.359588666,0.341883616
Age-Standardized Smoking Prevalence,163,India,2,Female,29,15+ years,1995,0.043521902,0.050988222,0.037476751
Age-Standardized Smoking Prevalence,163,India,3,Both,29,15+ years,1995,0.203175999,0.208632452,0.197395246
Age-Standardized Smoking Prevalence,163,India,1,Male,29,15+ years,1996,0.343368836,0.351885356,0.33424851
Age-Standardized Smoking Prevalence,163,India,2,Female,29,15+ years,1996,0.043281543,0.050696672,0.037178716
Age-Standardized Smoking Prevalence,163,India,3,Both,29,15+ years,1996,0.198727611,0.204139969,0.192638024
Age-Standardized Smoking Prevalence,163,India,1,Male,29,15+ years,1997,0.336380295,0.345027697,0.327330473
Age-Standardized Smoking Prevalence,163,India,2,Female,29,15+ years,1997,0.043088236,0.050509022,0.036836309
Age-Standardized Smoking Prevalence,163,India,3,Both,29,15+ years,1997,0.19470542,0.200398542,0.188851221
Age-Standardized Smoking Prevalence,163,India,1,Male,29,15+ years,1998,0.330350127,0.339292146,0.32125094
Age-Standardized Smoking Prevalence,163,India,2,Female,29,15+ years,1998,0.042854185,0.049944028,0.036525793
Age-Standardized Smoking Prevalence,163,India,3,Both,29,15+ years,1998,0.191165235,0.19701557,0.185428213
Age-Standardized Smoking Prevalence,163,India,1,Male,29,15+ years,1999,0.325181739,0.334501315,0.316010079
Age-Standardized Smoking Prevalence,163,India,2,Female,29,15+ years,1999,0.042675417,0.049876019,0.036460707
Age-Standardized Smoking Prevalence,163,India,3,Both,29,15+ years,1999,0.188125027,0.194316787,0.182438262
Age-Standardized Smoking Prevalence,163,India,1,Male,29,15+ years,2000,0.320812643,0.330424898,0.311956803
Age-Standardized Smoking Prevalence,163,India,2,Female,29,15+ years,2000,0.042553592,0.049643509,0.036203036
Age-Standardized Smoking Prevalence,163,India,3,Both,29,15+ years,2000,0.185545578,0.191636296,0.179857159
Age-Standardized Smoking Prevalence,163,India,1,Male,29,15+ years,2001,0.317340475,0.326838329,0.308189812
Age-Standardized Smoking Prevalence,163,India,2,Female,29,15+ years,2001,0.042475957,0.049256865,0.036467858
Age-Standardized Smoking Prevalence,163,India,3,Both,29,15+ years,2001,0.183467423,0.189247055,0.177941327
Age-Standardized Smoking Prevalence,163,India,1,Male,29,15+ years,2002,0.31460199,0.324029128,0.305844722
Age-Standardized Smoking Prevalence,163,India,2,Female,29,15+ years,2002,0.042438853,0.049215164,0.03641589
Age-Standardized Smoking Prevalence,163,India,3,Both,29,15+ years,2002,0.181820911,0.18764742,0.17624966
Age-Standardized Smoking Prevalence,163,India,1,Male,29,15+ years,2003,0.312384112,0.321641782,0.303449663
Age-Standardized Smoking Prevalence,163,India,2,Female,29,15+ years,2003,0.04242612,0.048907602,0.036434498
Age-Standardized Smoking Prevalence,163,India,3,Both,29,15+ years,2003,0.180476452,0.186152939,0.174778863
Age-Standardized Smoking Prevalence,163,India,1,Male,29,15+ years,2004,0.310267534,0.31909661,0.301701853
Age-Standardized Smoking Prevalence,163,India,2,Female,29,15+ years,2004,0.042373114,0.048592907,0.036637845
Age-Standardized Smoking Prevalence,163,India,3,Both,29,15+ years,2004,0.17918543,0.184463654,0.173708199
Age-Standardized Smoking Prevalence,163,India,1,Male,29,15+ years,2005,0.307987829,0.316727946,0.299705488
Age-Standardized Smoking Prevalence,163,India,2,Female,29,15+ years,2005,0.042258658,0.048302011,0.036596978
Age-Standardized Smoking Prevalence,163,India,3,Both,29,15+ years,2005,0.177805624,0.182999891,0.17267835
Age-Standardized Smoking Prevalence,163,India,1,Male,29,15+ years,2006,0.304566111,0.312767848,0.296969953
Age-Standardized Smoking Prevalence,163,India,2,Female,29,15+ years,2006,0.042050857,0.047978903,0.036536361
Age-Standardized Smoking Prevalence,163,India,3,Both,29,15+ years,2006,0.17582176,0.180720814,0.17109821
Age-Standardized Smoking Prevalence,163,India,1,Male,29,15+ years,2007,0.301857011,0.309499641,0.294546361
Age-Standardized Smoking Prevalence,163,India,2,Female,29,15+ years,2007,0.041789591,0.047622323,0.036219743
Age-Standardized Smoking Prevalence,163,India,3,Both,29,15+ years,2007,0.174190301,0.178939061,0.169563761
Age-Standardized Smoking Prevalence,163,India,1,Male,29,15+ years,2008,0.297037354,0.304149978,0.289928991
Age-Standardized Smoking Prevalence,163,India,2,Female,29,15+ years,2008,0.040950258,0.046703887,0.035600576
Age-Standardized Smoking Prevalence,163,India,3,Both,29,15+ years,2008,0.171196157,0.175695081,0.166687638
Age-Standardized Smoking Prevalence,163,India,1,Male,29,15+ years,2009,0.294224791,0.301398523,0.287274883
Age-Standardized Smoking Prevalence,163,India,2,Female,29,15+ years,2009,0.040248453,0.045906576,0.035059539
Age-Standardized Smoking Prevalence,163,India,3,Both,29,15+ years,2009,0.169289831,0.173754173,0.164830708
Age-Standardized Smoking Prevalence,163,India,1,Male,29,15+ years,2010,0.290535959,0.297867926,0.283647192
Age-Standardized Smoking Prevalence,163,India,2,Female,29,15+ years,2010,0.039499032,0.045241016,0.034477365
Age-Standardized Smoking Prevalence,163,India,3,Both,29,15+ years,2010,0.166922825,0.171359598,0.162406251
Age-Standardized Smoking Prevalence,163,India,1,Male,29,15+ years,2011,0.285601309,0.292873901,0.278724721
Age-Standardized Smoking Prevalence,163,India,2,Female,29,15+ years,2011,0.038706114,0.044382909,0.033795507
Age-Standardized Smoking Prevalence,163,India,3,Both,29,15+ years,2011,0.163926009,0.168476777,0.159473911
Age-Standardized Smoking Prevalence,163,India,1,Male,29,15+ years,2012,0.27917356,0.286842826,0.271969029
Age-Standardized Smoking Prevalence,163,India,2,Female,29,15+ years,2012,0.037789563,0.043259604,0.032835262
Age-Standardized Smoking Prevalence,163,India,3,Both,29,15+ years,2012,0.16012538,0.164596719,0.155651759
Age-Standardized Smoking Prevalence,163,India,1,Male,29,15+ years,2013,0.269606552,0.277534059,0.262136291
Age-Standardized Smoking Prevalence,163,India,2,Female,29,15+ years,2013,0.036534366,0.041886198,0.031542225
Age-Standardized Smoking Prevalence,163,India,3,Both,29,15+ years,2013,0.154577117,0.159321699,0.149752806
Age-Standardized Smoking Prevalence,163,India,1,Male,29,15+ years,2014,0.260506099,0.268911854,0.252622743
Age-Standardized Smoking Prevalence,163,India,2,Female,29,15+ years,2014,0.035316928,0.04071079,0.030310222
Age-Standardized Smoking Prevalence,163,India,3,Both,29,15+ years,2014,0.149295111,0.154262791,0.144333407
Age-Standardized Smoking Prevalence,163,India,1,Male,29,15+ years,2015,0.25169376,0.260660952,0.242966725
Age-Standardized Smoking Prevalence,163,India,2,Female,29,15+ years,2015,0.034111558,0.039546847,0.029035043
Age-Standardized Smoking Prevalence,163,India,3,Both,29,15+ years,2015,0.144188407,0.149615861,0.139072324
Age-Standardized Smoking Prevalence,163,India,1,Male,29,15+ years,2016,0.244860297,0.254461101,0.235573388
Age-Standardized Smoking Prevalence,163,India,2,Female,29,15+ years,2016,0.033257294,0.039049011,0.028235801
Age-Standardized Smoking Prevalence,163,India,3,Both,29,15+ years,2016,0.140274236,0.146086247,0.134746915
Age-Standardized Smoking Prevalence,163,India,1,Male,29,15+ years,2017,0.238965949,0.248956164,0.228456181
Age-Standardized Smoking Prevalence,163,India,2,Female,29,15+ years,2017,0.032423364,0.038539195,0.027403511
Age-Standardized Smoking Prevalence,163,India,3,Both,29,15+ years,2017,0.136852295,0.142977023,0.131054844
Age-Standardized Smoking Prevalence,163,India,1,Male,29,15+ years,2018,0.234165006,0.245281172,0.222943788
Age-Standardized Smoking Prevalence,163,India,2,Female,29,15+ years,2018,0.031669409,0.037886298,0.026573756
Age-Standardized Smoking Prevalence,163,India,3,Both,29,15+ years,2018,0.134025411,0.140555295,0.127482996
Age-Standardized Smoking Prevalence,163,India,1,Male,29,15+ years,2019,0.230393399,0.242122973,0.218523039
Age-Standardized Smoking Prevalence,163,India,2,Female,29,15+ years,2019,0.030995728,0.037390421,0.025907246
Age-Standardized Smoking Prevalence,163,India,3,Both,29,15+ years,2019,0.131761963,0.138661459,0.124662437
Age-Standardized Smoking Prevalence,164,Nepal,1,Male,29,15+ years,1990,0.498503996,0.523810747,0.47322547
Age-Standardized Smoking Prevalence,164,Nepal,2,Female,29,15+ years,1990,0.297642369,0.335930845,0.260982331
Age-Standardized Smoking Prevalence,164,Nepal,3,Both,29,15+ years,1990,0.396925297,0.420616845,0.375185181
Age-Standardized Smoking Prevalence,164,Nepal,1,Male,29,15+ years,1991,0.500121475,0.52473942,0.476416372
Age-Standardized Smoking Prevalence,164,Nepal,2,Female,29,15+ years,1991,0.300888915,0.337128047,0.26564066
Age-Standardized Smoking Prevalence,164,Nepal,3,Both,29,15+ years,1991,0.399210142,0.421749656,0.378914486
Age-Standardized Smoking Prevalence,164,Nepal,1,Male,29,15+ years,1992,0.501161848,0.524950902,0.478175993
Age-Standardized Smoking Prevalence,164,Nepal,2,Female,29,15+ years,1992,0.303790113,0.337902951,0.269216225
Age-Standardized Smoking Prevalence,164,Nepal,3,Both,29,15+ years,1992,0.401135818,0.421849069,0.380845714
Age-Standardized Smoking Prevalence,164,Nepal,1,Male,29,15+ years,1993,0.501713009,0.523668726,0.479823929
Age-Standardized Smoking Prevalence,164,Nepal,2,Female,29,15+ years,1993,0.306366914,0.338916813,0.273448651
Age-Standardized Smoking Prevalence,164,Nepal,3,Both,29,15+ years,1993,0.402724234,0.423209382,0.384202438
Age-Standardized Smoking Prevalence,164,Nepal,1,Male,29,15+ years,1994,0.501843425,0.522417653,0.481021088
Age-Standardized Smoking Prevalence,164,Nepal,2,Female,29,15+ years,1994,0.308681505,0.339660394,0.277569647
Age-Standardized Smoking Prevalence,164,Nepal,3,Both,29,15+ years,1994,0.404014763,0.423462004,0.387089447
Age-Standardized Smoking Prevalence,164,Nepal,1,Male,29,15+ years,1995,0.501386241,0.520304914,0.481499001
Age-Standardized Smoking Prevalence,164,Nepal,2,Female,29,15+ years,1995,0.310485265,0.339836012,0.281162958
Age-Standardized Smoking Prevalence,164,Nepal,3,Both,29,15+ years,1995,0.404757279,0.422345901,0.388857031
Age-Standardized Smoking Prevalence,164,Nepal,1,Male,29,15+ years,1996,0.500274492,0.517773409,0.481753196
Age-Standardized Smoking Prevalence,164,Nepal,2,Female,29,15+ years,1996,0.31171664,0.339704956,0.284804308
Age-Standardized Smoking Prevalence,164,Nepal,3,Both,29,15+ years,1996,0.404905789,0.420874273,0.389670049
Age-Standardized Smoking Prevalence,164,Nepal,1,Male,29,15+ years,1997,0.498398622,0.514744142,0.481425612
Age-Standardized Smoking Prevalence,164,Nepal,2,Female,29,15+ years,1997,0.312161029,0.337871148,0.28840449
Age-Standardized Smoking Prevalence,164,Nepal,3,Both,29,15+ years,1997,0.404261488,0.419031852,0.389891773
Age-Standardized Smoking Prevalence,164,Nepal,1,Male,29,15+ years,1998,0.495674948,0.511112072,0.479870699
Age-Standardized Smoking Prevalence,164,Nepal,2,Female,29,15+ years,1998,0.311692723,0.33471827,0.290849612
Age-Standardized Smoking Prevalence,164,Nepal,3,Both,29,15+ years,1998,0.40270873,0.416115449,0.389450187
Age-Standardized Smoking Prevalence,164,Nepal,1,Male,29,15+ years,1999,0.492009213,0.505898333,0.477226253
Age-Standardized Smoking Prevalence,164,Nepal,2,Female,29,15+ years,1999,0.310184929,0.330115615,0.291474408
Age-Standardized Smoking Prevalence,164,Nepal,3,Both,29,15+ years,1999,0.400127413,0.412527831,0.388197863
Age-Standardized Smoking Prevalence,164,Nepal,1,Male,29,15+ years,2000,0.487298236,0.500264012,0.473923459
Age-Standardized Smoking Prevalence,164,Nepal,2,Female,29,15+ years,2000,0.307424677,0.325197871,0.290624714
Age-Standardized Smoking Prevalence,164,Nepal,3,Both,29,15+ years,2000,0.3963559,0.407057072,0.386164854
Age-Standardized Smoking Prevalence,164,Nepal,1,Male,29,15+ years,2001,0.479885164,0.491885595,0.467264902
Age-Standardized Smoking Prevalence,164,Nepal,2,Female,29,15+ years,2001,0.301515679,0.317214393,0.286224322
Age-Standardized Smoking Prevalence,164,Nepal,3,Both,29,15+ years,2001,0.389583539,0.398967188,0.380152325
Age-Standardized Smoking Prevalence,164,Nepal,1,Male,29,15+ years,2002,0.470689412,0.482006985,0.458855593
Age-Standardized Smoking Prevalence,164,Nepal,2,Female,29,15+ years,2002,0.293599098,0.307365093,0.279345214
Age-Standardized Smoking Prevalence,164,Nepal,3,Both,29,15+ years,2002,0.380829738,0.389488537,0.37189043
Age-Standardized Smoking Prevalence,164,Nepal,1,Male,29,15+ years,2003,0.459998522,0.47089924,0.448649268
Age-Standardized Smoking Prevalence,164,Nepal,2,Female,29,15+ years,2003,0.284392876,0.297664549,0.270719417
Age-Standardized Smoking Prevalence,164,Nepal,3,Both,29,15+ years,2003,0.370615681,0.379022019,0.361974479
Age-Standardized Smoking Prevalence,164,Nepal,1,Male,29,15+ years,2004,0.445225216,0.455833813,0.434195804
Age-Standardized Smoking Prevalence,164,Nepal,2,Female,29,15+ years,2004,0.272439425,0.285351065,0.259391185
Age-Standardized Smoking Prevalence,164,Nepal,3,Both,29,15+ years,2004,0.356947312,0.36521859,0.348917232
Age-Standardized Smoking Prevalence,164,Nepal,1,Male,29,15+ years,2005,0.429309601,0.440373306,0.418880566
Age-Standardized Smoking Prevalence,164,Nepal,2,Female,29,15+ years,2005,0.259582923,0.272044937,0.247026248
Age-Standardized Smoking Prevalence,164,Nepal,3,Both,29,15+ years,2005,0.342212293,0.3502701,0.333931389
Age-Standardized Smoking Prevalence,164,Nepal,1,Male,29,15+ years,2006,0.413094197,0.424131089,0.402241605
Age-Standardized Smoking Prevalence,164,Nepal,2,Female,29,15+ years,2006,0.24627705,0.258429781,0.23394557
Age-Standardized Smoking Prevalence,164,Nepal,3,Both,29,15+ years,2006,0.327089636,0.335089029,0.318675698
Age-Standardized Smoking Prevalence,164,Nepal,1,Male,29,15+ years,2007,0.398873416,0.410091441,0.388294203
Age-Standardized Smoking Prevalence,164,Nepal,2,Female,29,15+ years,2007,0.233480627,0.245991824,0.221064377
Age-Standardized Smoking Prevalence,164,Nepal,3,Both,29,15+ years,2007,0.313170853,0.320971362,0.304772703
Age-Standardized Smoking Prevalence,164,Nepal,1,Male,29,15+ years,2008,0.384102011,0.394461284,0.373584247
Age-Standardized Smoking Prevalence,164,Nepal,2,Female,29,15+ years,2008,0.219671261,0.232645551,0.207303712
Age-Standardized Smoking Prevalence,164,Nepal,3,Both,29,15+ years,2008,0.298462485,0.306268455,0.289731422
Age-Standardized Smoking Prevalence,164,Nepal,1,Male,29,15+ years,2009,0.36978781,0.380140747,0.359688866
Age-Standardized Smoking Prevalence,164,Nepal,2,Female,29,15+ years,2009,0.205756693,0.218115744,0.193636552
Age-Standardized Smoking Prevalence,164,Nepal,3,Both,29,15+ years,2009,0.283924624,0.291838198,0.275373586
Age-Standardized Smoking Prevalence,164,Nepal,1,Male,29,15+ years,2010,0.35611169,0.36663272,0.345673317
Age-Standardized Smoking Prevalence,164,Nepal,2,Female,29,15+ years,2010,0.192054045,0.20455804,0.180676157
Age-Standardized Smoking Prevalence,164,Nepal,3,Both,29,15+ years,2010,0.269837734,0.277859149,0.261321218
Age-Standardized Smoking Prevalence,164,Nepal,1,Male,29,15+ years,2011,0.343295576,0.353924196,0.332713938
Age-Standardized Smoking Prevalence,164,Nepal,2,Female,29,15+ years,2011,0.178640381,0.191741382,0.167570351
Age-Standardized Smoking Prevalence,164,Nepal,3,Both,29,15+ years,2011,0.256314661,0.264313548,0.247792313
Age-Standardized Smoking Prevalence,164,Nepal,1,Male,29,15+ years,2012,0.332775431,0.343609856,0.321860827
Age-Standardized Smoking Prevalence,164,Nepal,2,Female,29,15+ years,2012,0.167056373,0.180151237,0.156293687
Age-Standardized Smoking Prevalence,164,Nepal,3,Both,29,15+ years,2012,0.244867154,0.253305503,0.236582569
Age-Standardized Smoking Prevalence,164,Nepal,1,Male,29,15+ years,2013,0.325552877,0.337024687,0.314215365
Age-Standardized Smoking Prevalence,164,Nepal,2,Female,29,15+ years,2013,0.158069669,0.170985314,0.147051056
Age-Standardized Smoking Prevalence,164,Nepal,3,Both,29,15+ years,2013,0.236364844,0.245225843,0.228370331
Age-Standardized Smoking Prevalence,164,Nepal,1,Male,29,15+ years,2014,0.320426085,0.332392589,0.308546458
Age-Standardized Smoking Prevalence,164,Nepal,2,Female,29,15+ years,2014,0.150831365,0.163920021,0.13857775
Age-Standardized Smoking Prevalence,164,Nepal,3,Both,29,15+ years,2014,0.229790167,0.238947201,0.221876194
Age-Standardized Smoking Prevalence,164,Nepal,1,Male,29,15+ years,2015,0.316822563,0.329451706,0.304296134
Age-Standardized Smoking Prevalence,164,Nepal,2,Female,29,15+ years,2015,0.145324138,0.159093781,0.131989948
Age-Standardized Smoking Prevalence,164,Nepal,3,Both,29,15+ years,2015,0.224855383,0.234356748,0.216096794
Age-Standardized Smoking Prevalence,164,Nepal,1,Male,29,15+ years,2016,0.314495523,0.328149677,0.301234073
Age-Standardized Smoking Prevalence,164,Nepal,2,Female,29,15+ years,2016,0.141169295,0.155852794,0.127011075
Age-Standardized Smoking Prevalence,164,Nepal,3,Both,29,15+ years,2016,0.221271349,0.231655206,0.21204629
Age-Standardized Smoking Prevalence,164,Nepal,1,Male,29,15+ years,2017,0.313385112,0.32757077,0.29893954
Age-Standardized Smoking Prevalence,164,Nepal,2,Female,29,15+ years,2017,0.138587708,0.154348911,0.123370555
Age-Standardized Smoking Prevalence,164,Nepal,3,Both,29,15+ years,2017,0.219124569,0.230414015,0.209039772
Age-Standardized Smoking Prevalence,164,Nepal,1,Male,29,15+ years,2018,0.313208906,0.328009736,0.298270954
Age-Standardized Smoking Prevalence,164,Nepal,2,Female,29,15+ years,2018,0.137071099,0.154214888,0.120696716
Age-Standardized Smoking Prevalence,164,Nepal,3,Both,29,15+ years,2018,0.218004213,0.230184077,0.207074031
Age-Standardized Smoking Prevalence,164,Nepal,1,Male,29,15+ years,2019,0.313783586,0.329510219,0.29817186
Age-Standardized Smoking Prevalence,164,Nepal,2,Female,29,15+ years,2019,0.13643037,0.155753329,0.118910287
Age-Standardized Smoking Prevalence,164,Nepal,3,Both,29,15+ years,2019,0.217723567,0.231091746,0.205917419
Age-Standardized Smoking Prevalence,165,Pakistan,1,Male,29,15+ years,1990,0.406673016,0.433708316,0.381662595
Age-Standardized Smoking Prevalence,165,Pakistan,2,Female,29,15+ years,1990,0.064734393,0.083897449,0.050414051
Age-Standardized Smoking Prevalence,165,Pakistan,3,Both,29,15+ years,1990,0.246299147,0.262296469,0.231553057
Age-Standardized Smoking Prevalence,165,Pakistan,1,Male,29,15+ years,1991,0.405116241,0.431371848,0.380185609
Age-Standardized Smoking Prevalence,165,Pakistan,2,Female,29,15+ years,1991,0.064752809,0.082920664,0.050378392
Age-Standardized Smoking Prevalence,165,Pakistan,3,Both,29,15+ years,1991,0.245302047,0.261419851,0.230654329
Age-Standardized Smoking Prevalence,165,Pakistan,1,Male,29,15+ years,1992,0.403660687,0.429217248,0.379259542
Age-Standardized Smoking Prevalence,165,Pakistan,2,Female,29,15+ years,1992,0.064808845,0.082247585,0.05080313
Age-Standardized Smoking Prevalence,165,Pakistan,3,Both,29,15+ years,1992,0.244389577,0.260061759,0.230439229
Age-Standardized Smoking Prevalence,165,Pakistan,1,Male,29,15+ years,1993,0.40189075,0.42677921,0.378224998
Age-Standardized Smoking Prevalence,165,Pakistan,2,Female,29,15+ years,1993,0.064824966,0.081961092,0.050987458
Age-Standardized Smoking Prevalence,165,Pakistan,3,Both,29,15+ years,1993,0.243288305,0.25883778,0.229417848
Age-Standardized Smoking Prevalence,165,Pakistan,1,Male,29,15+ years,1994,0.399522757,0.423747579,0.376980114
Age-Standardized Smoking Prevalence,165,Pakistan,2,Female,29,15+ years,1994,0.064752191,0.081262036,0.051341062
Age-Standardized Smoking Prevalence,165,Pakistan,3,Both,29,15+ years,1994,0.241812325,0.256897697,0.228130432
Age-Standardized Smoking Prevalence,165,Pakistan,1,Male,29,15+ years,1995,0.396541909,0.420270765,0.37460471
Age-Standardized Smoking Prevalence,165,Pakistan,2,Female,29,15+ years,1995,0.064559432,0.079881459,0.051260028
Age-Standardized Smoking Prevalence,165,Pakistan,3,Both,29,15+ years,1995,0.23994469,0.254781605,0.226717345
Age-Standardized Smoking Prevalence,165,Pakistan,1,Male,29,15+ years,1996,0.392987491,0.415775617,0.371555468
Age-Standardized Smoking Prevalence,165,Pakistan,2,Female,29,15+ years,1996,0.064265092,0.078864044,0.051727978
Age-Standardized Smoking Prevalence,165,Pakistan,3,Both,29,15+ years,1996,0.237678767,0.251847898,0.22474806
Age-Standardized Smoking Prevalence,165,Pakistan,1,Male,29,15+ years,1997,0.389010457,0.410827887,0.368038774
Age-Standardized Smoking Prevalence,165,Pakistan,2,Female,29,15+ years,1997,0.063878146,0.078344565,0.051841197
Age-Standardized Smoking Prevalence,165,Pakistan,3,Both,29,15+ years,1997,0.235141921,0.249036525,0.222871619
Age-Standardized Smoking Prevalence,165,Pakistan,1,Male,29,15+ years,1998,0.384521257,0.405775562,0.364154537
Age-Standardized Smoking Prevalence,165,Pakistan,2,Female,29,15+ years,1998,0.063394471,0.077285266,0.051972477
Age-Standardized Smoking Prevalence,165,Pakistan,3,Both,29,15+ years,1998,0.232296537,0.245759653,0.220360661
Age-Standardized Smoking Prevalence,165,Pakistan,1,Male,29,15+ years,1999,0.37948398,0.399414822,0.359646273
Age-Standardized Smoking Prevalence,165,Pakistan,2,Female,29,15+ years,1999,0.062804696,0.076177515,0.051886445
Age-Standardized Smoking Prevalence,165,Pakistan,3,Both,29,15+ years,1999,0.229112305,0.241718755,0.217654836
Age-Standardized Smoking Prevalence,165,Pakistan,1,Male,29,15+ years,2000,0.373872843,0.392970219,0.353982471
Age-Standardized Smoking Prevalence,165,Pakistan,2,Female,29,15+ years,2000,0.062084621,0.074160222,0.051753264
Age-Standardized Smoking Prevalence,165,Pakistan,3,Both,29,15+ years,2000,0.22555925,0.237496447,0.214593709
Age-Standardized Smoking Prevalence,165,Pakistan,1,Male,29,15+ years,2001,0.367713448,0.386184042,0.349142231
Age-Standardized Smoking Prevalence,165,Pakistan,2,Female,29,15+ years,2001,0.061208844,0.072729323,0.051597165
Age-Standardized Smoking Prevalence,165,Pakistan,3,Both,29,15+ years,2001,0.22163599,0.233635712,0.211394254
Age-Standardized Smoking Prevalence,165,Pakistan,1,Male,29,15+ years,2002,0.361185686,0.379349783,0.343599255
Age-Standardized Smoking Prevalence,165,Pakistan,2,Female,29,15+ years,2002,0.060224885,0.071316753,0.050723926
Age-Standardized Smoking Prevalence,165,Pakistan,3,Both,29,15+ years,2002,0.217460499,0.228616844,0.207257798
Age-Standardized Smoking Prevalence,165,Pakistan,1,Male,29,15+ years,2003,0.354454128,0.371833144,0.337466048
Age-Standardized Smoking Prevalence,165,Pakistan,2,Female,29,15+ years,2003,0.059192912,0.069454859,0.049976867
Age-Standardized Smoking Prevalence,165,Pakistan,3,Both,29,15+ years,2003,0.21316915,0.223490143,0.203458299
Age-Standardized Smoking Prevalence,165,Pakistan,1,Male,29,15+ years,2004,0.346618434,0.363730088,0.329986373
Age-Standardized Smoking Prevalence,165,Pakistan,2,Female,29,15+ years,2004,0.057692663,0.067409439,0.049110753
Age-Standardized Smoking Prevalence,165,Pakistan,3,Both,29,15+ years,2004,0.208107141,0.217924945,0.198866413
Age-Standardized Smoking Prevalence,165,Pakistan,1,Male,29,15+ years,2005,0.338628525,0.354319243,0.322331843
Age-Standardized Smoking Prevalence,165,Pakistan,2,Female,29,15+ years,2005,0.056153557,0.065326305,0.047883769
Age-Standardized Smoking Prevalence,165,Pakistan,3,Both,29,15+ years,2005,0.202948334,0.212438959,0.194287886
Age-Standardized Smoking Prevalence,165,Pakistan,1,Male,29,15+ years,2006,0.330457299,0.34529818,0.31521118
Age-Standardized Smoking Prevalence,165,Pakistan,2,Female,29,15+ years,2006,0.054583699,0.06379277,0.046726967
Age-Standardized Smoking Prevalence,165,Pakistan,3,Both,29,15+ years,2006,0.19772613,0.206401516,0.189544283
Age-Standardized Smoking Prevalence,165,Pakistan,1,Male,29,15+ years,2007,0.322019147,0.336430654,0.308139507
Age-Standardized Smoking Prevalence,165,Pakistan,2,Female,29,15+ years,2007,0.052955468,0.061915941,0.045195369
Age-Standardized Smoking Prevalence,165,Pakistan,3,Both,29,15+ years,2007,0.19237384,0.200581295,0.184436193
Age-Standardized Smoking Prevalence,165,Pakistan,1,Male,29,15+ years,2008,0.313265274,0.326860456,0.299336232
Age-Standardized Smoking Prevalence,165,Pakistan,2,Female,29,15+ years,2008,0.051331652,0.060221619,0.043590719
Age-Standardized Smoking Prevalence,165,Pakistan,3,Both,29,15+ years,2008,0.18687021,0.194463448,0.179406441
Age-Standardized Smoking Prevalence,165,Pakistan,1,Male,29,15+ years,2009,0.304312624,0.31709224,0.291615961
Age-Standardized Smoking Prevalence,165,Pakistan,2,Female,29,15+ years,2009,0.049667726,0.058087642,0.04187418
Age-Standardized Smoking Prevalence,165,Pakistan,3,Both,29,15+ years,2009,0.181247162,0.188688799,0.174136579
Age-Standardized Smoking Prevalence,165,Pakistan,1,Male,29,15+ years,2010,0.295091369,0.307278833,0.283371511
Age-Standardized Smoking Prevalence,165,Pakistan,2,Female,29,15+ years,2010,0.047983098,0.056446432,0.040367098
Age-Standardized Smoking Prevalence,165,Pakistan,3,Both,29,15+ years,2010,0.175489779,0.182679066,0.168552023
Age-Standardized Smoking Prevalence,165,Pakistan,1,Male,29,15+ years,2011,0.285917584,0.297502849,0.274494537
Age-Standardized Smoking Prevalence,165,Pakistan,2,Female,29,15+ years,2011,0.046298317,0.054464531,0.039024724
Age-Standardized Smoking Prevalence,165,Pakistan,3,Both,29,15+ years,2011,0.169754323,0.176434485,0.162751897
Age-Standardized Smoking Prevalence,165,Pakistan,1,Male,29,15+ years,2012,0.277670605,0.288895118,0.266280522
Age-Standardized Smoking Prevalence,165,Pakistan,2,Female,29,15+ years,2012,0.044484785,0.052324505,0.037247989
Age-Standardized Smoking Prevalence,165,Pakistan,3,Both,29,15+ years,2012,0.164467554,0.171105254,0.157307725
Age-Standardized Smoking Prevalence,165,Pakistan,1,Male,29,15+ years,2013,0.269465095,0.280619962,0.25775205
Age-Standardized Smoking Prevalence,165,Pakistan,2,Female,29,15+ years,2013,0.042714274,0.050487691,0.035670834
Age-Standardized Smoking Prevalence,165,Pakistan,3,Both,29,15+ years,2013,0.159233846,0.165801053,0.152347864
Age-Standardized Smoking Prevalence,165,Pakistan,1,Male,29,15+ years,2014,0.261999866,0.273612344,0.250504124
Age-Standardized Smoking Prevalence,165,Pakistan,2,Female,29,15+ years,2014,0.041051702,0.048830494,0.033953211
Age-Standardized Smoking Prevalence,165,Pakistan,3,Both,29,15+ years,2014,0.154431549,0.161159444,0.147535143
Age-Standardized Smoking Prevalence,165,Pakistan,1,Male,29,15+ years,2015,0.256287537,0.268492401,0.244683278
Age-Standardized Smoking Prevalence,165,Pakistan,2,Female,29,15+ years,2015,0.039969384,0.047708932,0.032938319
Age-Standardized Smoking Prevalence,165,Pakistan,3,Both,29,15+ years,2015,0.15082138,0.158216916,0.143807189
Age-Standardized Smoking Prevalence,165,Pakistan,1,Male,29,15+ years,2016,0.251917936,0.264841511,0.240087593
Age-Standardized Smoking Prevalence,165,Pakistan,2,Female,29,15+ years,2016,0.039103515,0.047211703,0.031942052
Age-Standardized Smoking Prevalence,165,Pakistan,3,Both,29,15+ years,2016,0.147980885,0.155710121,0.140764004
Age-Standardized Smoking Prevalence,165,Pakistan,1,Male,29,15+ years,2017,0.249046826,0.262586649,0.236696272
Age-Standardized Smoking Prevalence,165,Pakistan,2,Female,29,15+ years,2017,0.038463299,0.04666701,0.031346102
Age-Standardized Smoking Prevalence,165,Pakistan,3,Both,29,15+ years,2017,0.146040339,0.154006805,0.138490998
Age-Standardized Smoking Prevalence,165,Pakistan,1,Male,29,15+ years,2018,0.247701017,0.262314583,0.234271975
Age-Standardized Smoking Prevalence,165,Pakistan,2,Female,29,15+ years,2018,0.038054726,0.046491768,0.031065835
Age-Standardized Smoking Prevalence,165,Pakistan,3,Both,29,15+ years,2018,0.145018609,0.153669838,0.13711575
Age-Standardized Smoking Prevalence,165,Pakistan,1,Male,29,15+ years,2019,0.247066375,0.262929039,0.232830062
Age-Standardized Smoking Prevalence,165,Pakistan,2,Female,29,15+ years,2019,0.037748688,0.046495331,0.030480381
Age-Standardized Smoking Prevalence,165,Pakistan,3,Both,29,15+ years,2019,0.144428051,0.153500902,0.135906307
Age-Standardized Smoking Prevalence,178,Eritrea,1,Male,29,15+ years,1990,0.160486995,0.178666706,0.142643082
Age-Standardized Smoking Prevalence,178,Eritrea,2,Female,29,15+ years,1990,0.008975039,0.011929546,0.006562812
Age-Standardized Smoking Prevalence,178,Eritrea,3,Both,29,15+ years,1990,0.081028422,0.089839327,0.072165428
Age-Standardized Smoking Prevalence,178,Eritrea,1,Male,29,15+ years,1991,0.159288107,0.176802362,0.141314791
Age-Standardized Smoking Prevalence,178,Eritrea,2,Female,29,15+ years,1991,0.008915369,0.011780736,0.006559494
Age-Standardized Smoking Prevalence,178,Eritrea,3,Both,29,15+ years,1991,0.080403613,0.088990658,0.071507516
Age-Standardized Smoking Prevalence,178,Eritrea,1,Male,29,15+ years,1992,0.158033662,0.174920368,0.14023792
Age-Standardized Smoking Prevalence,178,Eritrea,2,Female,29,15+ years,1992,0.008854904,0.011812795,0.006577457
Age-Standardized Smoking Prevalence,178,Eritrea,3,Both,29,15+ years,1992,0.079840409,0.088263995,0.071200753
Age-Standardized Smoking Prevalence,178,Eritrea,1,Male,29,15+ years,1993,0.156596303,0.173722192,0.138986859
Age-Standardized Smoking Prevalence,178,Eritrea,2,Female,29,15+ years,1993,0.008786602,0.01171235,0.006557433
Age-Standardized Smoking Prevalence,178,Eritrea,3,Both,29,15+ years,1993,0.079216939,0.087576888,0.070549106
Age-Standardized Smoking Prevalence,178,Eritrea,1,Male,29,15+ years,1994,0.154821506,0.171620363,0.137678739
Age-Standardized Smoking Prevalence,178,Eritrea,2,Female,29,15+ years,1994,0.008703841,0.011551803,0.006518962
Age-Standardized Smoking Prevalence,178,Eritrea,3,Both,29,15+ years,1994,0.078412196,0.086591703,0.069855409
Age-Standardized Smoking Prevalence,178,Eritrea,1,Male,29,15+ years,1995,0.152948917,0.169527985,0.136682044
Age-Standardized Smoking Prevalence,178,Eritrea,2,Female,29,15+ years,1995,0.008617565,0.011330799,0.006484719
Age-Standardized Smoking Prevalence,178,Eritrea,3,Both,29,15+ years,1995,0.0775428,0.085672774,0.069166046
Age-Standardized Smoking Prevalence,178,Eritrea,1,Male,29,15+ years,1996,0.150939157,0.166904055,0.134954274
Age-Standardized Smoking Prevalence,178,Eritrea,2,Female,29,15+ years,1996,0.008525078,0.011174709,0.006401876
Age-Standardized Smoking Prevalence,178,Eritrea,3,Both,29,15+ years,1996,0.076596217,0.084545715,0.06863149
Age-Standardized Smoking Prevalence,178,Eritrea,1,Male,29,15+ years,1997,0.148873946,0.164723262,0.133043799
Age-Standardized Smoking Prevalence,178,Eritrea,2,Female,29,15+ years,1997,0.008429765,0.011115918,0.006317648
Age-Standardized Smoking Prevalence,178,Eritrea,3,Both,29,15+ years,1997,0.075635332,0.083267737,0.067803717
Age-Standardized Smoking Prevalence,178,Eritrea,1,Male,29,15+ years,1998,0.146861686,0.162466484,0.131733538
Age-Standardized Smoking Prevalence,178,Eritrea,2,Female,29,15+ years,1998,0.008336765,0.010970168,0.006246027
Age-Standardized Smoking Prevalence,178,Eritrea,3,Both,29,15+ years,1998,0.074708593,0.082165304,0.067021098
Age-Standardized Smoking Prevalence,178,Eritrea,1,Male,29,15+ years,1999,0.144850455,0.160258738,0.130216788
Age-Standardized Smoking Prevalence,178,Eritrea,2,Female,29,15+ years,1999,0.00824291,0.010831185,0.006197799
Age-Standardized Smoking Prevalence,178,Eritrea,3,Both,29,15+ years,1999,0.073689108,0.08103722,0.066559554
Age-Standardized Smoking Prevalence,178,Eritrea,1,Male,29,15+ years,2000,0.142868338,0.157758256,0.128516075
Age-Standardized Smoking Prevalence,178,Eritrea,2,Female,29,15+ years,2000,0.008151735,0.010719903,0.006116162
Age-Standardized Smoking Prevalence,178,Eritrea,3,Both,29,15+ years,2000,0.072693658,0.079827269,0.065874663
Age-Standardized Smoking Prevalence,178,Eritrea,1,Male,29,15+ years,2001,0.1409931,0.15505627,0.127211714
Age-Standardized Smoking Prevalence,178,Eritrea,2,Female,29,15+ years,2001,0.008063115,0.010673302,0.006099469
Age-Standardized Smoking Prevalence,178,Eritrea,3,Both,29,15+ years,2001,0.071859405,0.078766846,0.065227799
Age-Standardized Smoking Prevalence,178,Eritrea,1,Male,29,15+ years,2002,0.139095646,0.152644998,0.126165452
Age-Standardized Smoking Prevalence,178,Eritrea,2,Female,29,15+ years,2002,0.007974397,0.010579659,0.006055211
Age-Standardized Smoking Prevalence,178,Eritrea,3,Both,29,15+ years,2002,0.071025058,0.077569639,0.064604223
Age-Standardized Smoking Prevalence,178,Eritrea,1,Male,29,15+ years,2003,0.137245016,0.150048362,0.124302553
Age-Standardized Smoking Prevalence,178,Eritrea,2,Female,29,15+ years,2003,0.007888134,0.0104012,0.005944052
Age-Standardized Smoking Prevalence,178,Eritrea,3,Both,29,15+ years,2003,0.070212793,0.076705566,0.064025429
Age-Standardized Smoking Prevalence,178,Eritrea,1,Male,29,15+ years,2004,0.135378642,0.147709426,0.123190177
Age-Standardized Smoking Prevalence,178,Eritrea,2,Female,29,15+ years,2004,0.007797725,0.010130624,0.005869078
Age-Standardized Smoking Prevalence,178,Eritrea,3,Both,29,15+ years,2004,0.06939325,0.075634618,0.063472204
Age-Standardized Smoking Prevalence,178,Eritrea,1,Male,29,15+ years,2005,0.133026558,0.145353319,0.121328999
Age-Standardized Smoking Prevalence,178,Eritrea,2,Female,29,15+ years,2005,0.007643163,0.009984156,0.005745081
Age-Standardized Smoking Prevalence,178,Eritrea,3,Both,29,15+ years,2005,0.068295912,0.074372276,0.062475698
Age-Standardized Smoking Prevalence,178,Eritrea,1,Male,29,15+ years,2006,0.130746438,0.142565274,0.119594048
Age-Standardized Smoking Prevalence,178,Eritrea,2,Female,29,15+ years,2006,0.007490276,0.009765977,0.005645455
Age-Standardized Smoking Prevalence,178,Eritrea,3,Both,29,15+ years,2006,0.067232224,0.073135373,0.061533044
Age-Standardized Smoking Prevalence,178,Eritrea,1,Male,29,15+ years,2007,0.128300868,0.139772557,0.117501922
Age-Standardized Smoking Prevalence,178,Eritrea,2,Female,29,15+ years,2007,0.007289671,0.009500784,0.005482884
Age-Standardized Smoking Prevalence,178,Eritrea,3,Both,29,15+ years,2007,0.066057472,0.071930132,0.060313222
Age-Standardized Smoking Prevalence,178,Eritrea,1,Male,29,15+ years,2008,0.12596304,0.137619593,0.115412089
Age-Standardized Smoking Prevalence,178,Eritrea,2,Female,29,15+ years,2008,0.007068731,0.009239142,0.005317362
Age-Standardized Smoking Prevalence,178,Eritrea,3,Both,29,15+ years,2008,0.064916379,0.070784017,0.05934837
Age-Standardized Smoking Prevalence,178,Eritrea,1,Male,29,15+ years,2009,0.123760937,0.135353678,0.113478774
Age-Standardized Smoking Prevalence,178,Eritrea,2,Female,29,15+ years,2009,0.006859594,0.009033926,0.005175954
Age-Standardized Smoking Prevalence,178,Eritrea,3,Both,29,15+ years,2009,0.0638356,0.069367892,0.058641432
Age-Standardized Smoking Prevalence,178,Eritrea,1,Male,29,15+ years,2010,0.121884962,0.133259572,0.111950767
Age-Standardized Smoking Prevalence,178,Eritrea,2,Female,29,15+ years,2010,0.006671118,0.008813379,0.005015464
Age-Standardized Smoking Prevalence,178,Eritrea,3,Both,29,15+ years,2010,0.062918752,0.068669948,0.057770764
Age-Standardized Smoking Prevalence,178,Eritrea,1,Male,29,15+ years,2011,0.121984764,0.132892578,0.111638588
Age-Standardized Smoking Prevalence,178,Eritrea,2,Female,29,15+ years,2011,0.006722465,0.008809421,0.005059115
Age-Standardized Smoking Prevalence,178,Eritrea,3,Both,29,15+ years,2011,0.063073161,0.068772341,0.057668858
Age-Standardized Smoking Prevalence,178,Eritrea,1,Male,29,15+ years,2012,0.122339073,0.134018024,0.111392496
Age-Standardized Smoking Prevalence,178,Eritrea,2,Female,29,15+ years,2012,0.006775942,0.008892282,0.005089229
Age-Standardized Smoking Prevalence,178,Eritrea,3,Both,29,15+ years,2012,0.063349475,0.069205708,0.057830272
Age-Standardized Smoking Prevalence,178,Eritrea,1,Male,29,15+ years,2013,0.122502613,0.134824934,0.110850717
Age-Standardized Smoking Prevalence,178,Eritrea,2,Female,29,15+ years,2013,0.006812765,0.008928752,0.005093484
Age-Standardized Smoking Prevalence,178,Eritrea,3,Both,29,15+ years,2013,0.063520781,0.069651691,0.057927018
Age-Standardized Smoking Prevalence,178,Eritrea,1,Male,29,15+ years,2014,0.122801225,0.135673955,0.111378326
Age-Standardized Smoking Prevalence,178,Eritrea,2,Female,29,15+ years,2014,0.006849125,0.008857713,0.005141655
Age-Standardized Smoking Prevalence,178,Eritrea,3,Both,29,15+ years,2014,0.063754015,0.069944442,0.057992866
Age-Standardized Smoking Prevalence,178,Eritrea,1,Male,29,15+ years,2015,0.123152491,0.136347328,0.111427982
Age-Standardized Smoking Prevalence,178,Eritrea,2,Female,29,15+ years,2015,0.006877845,0.008924806,0.005168032
Age-Standardized Smoking Prevalence,178,Eritrea,3,Both,29,15+ years,2015,0.064012077,0.070523526,0.058129299
Age-Standardized Smoking Prevalence,178,Eritrea,1,Male,29,15+ years,2016,0.123555434,0.137423328,0.111497707
Age-Standardized Smoking Prevalence,178,Eritrea,2,Female,29,15+ years,2016,0.006904948,0.00900106,0.005156868
Age-Standardized Smoking Prevalence,178,Eritrea,3,Both,29,15+ years,2016,0.064294653,0.071203651,0.058393428
Age-Standardized Smoking Prevalence,178,Eritrea,1,Male,29,15+ years,2017,0.123987848,0.138308235,0.111822022
Age-Standardized Smoking Prevalence,178,Eritrea,2,Female,29,15+ years,2017,0.006926374,0.009000989,0.005181716
Age-Standardized Smoking Prevalence,178,Eritrea,3,Both,29,15+ years,2017,0.064588166,0.071878184,0.058576074
Age-Standardized Smoking Prevalence,178,Eritrea,1,Male,29,15+ years,2018,0.124443143,0.138988578,0.112007323
Age-Standardized Smoking Prevalence,178,Eritrea,2,Female,29,15+ years,2018,0.006946272,0.009020511,0.005175575
Age-Standardized Smoking Prevalence,178,Eritrea,3,Both,29,15+ years,2018,0.064888575,0.072316705,0.058604882
Age-Standardized Smoking Prevalence,178,Eritrea,1,Male,29,15+ years,2019,0.12492439,0.139466675,0.1121386
Age-Standardized Smoking Prevalence,178,Eritrea,2,Female,29,15+ years,2019,0.006962708,0.009055618,0.00516568
Age-Standardized Smoking Prevalence,178,Eritrea,3,Both,29,15+ years,2019,0.065196726,0.07248074,0.058741835
Age-Standardized Smoking Prevalence,179,Ethiopia,1,Male,29,15+ years,1990,0.124019582,0.137188222,0.110192064
Age-Standardized Smoking Prevalence,179,Ethiopia,2,Female,29,15+ years,1990,0.013852733,0.018280579,0.010231733
Age-Standardized Smoking Prevalence,179,Ethiopia,3,Both,29,15+ years,1990,0.068601678,0.075232618,0.061458526
Age-Standardized Smoking Prevalence,179,Ethiopia,1,Male,29,15+ years,1991,0.119825686,0.132709582,0.106596777
Age-Standardized Smoking Prevalence,179,Ethiopia,2,Female,29,15+ years,1991,0.013444229,0.017632678,0.009841038
Age-Standardized Smoking Prevalence,179,Ethiopia,3,Both,29,15+ years,1991,0.066467777,0.073016778,0.059637943
Age-Standardized Smoking Prevalence,179,Ethiopia,1,Male,29,15+ years,1992,0.115712318,0.127704691,0.10316299
Age-Standardized Smoking Prevalence,179,Ethiopia,2,Female,29,15+ years,1992,0.013042362,0.017129722,0.009560324
Age-Standardized Smoking Prevalence,179,Ethiopia,3,Both,29,15+ years,1992,0.064351252,0.070559905,0.058126065
Age-Standardized Smoking Prevalence,179,Ethiopia,1,Male,29,15+ years,1993,0.111707013,0.123196297,0.09983628
Age-Standardized Smoking Prevalence,179,Ethiopia,2,Female,29,15+ years,1993,0.012648617,0.01654397,0.009328279
Age-Standardized Smoking Prevalence,179,Ethiopia,3,Both,29,15+ years,1993,0.062305744,0.068138652,0.056373005
Age-Standardized Smoking Prevalence,179,Ethiopia,1,Male,29,15+ years,1994,0.107911565,0.119067252,0.096299109
Age-Standardized Smoking Prevalence,179,Ethiopia,2,Female,29,15+ years,1994,0.012276464,0.016048934,0.00909535
Age-Standardized Smoking Prevalence,179,Ethiopia,3,Both,29,15+ years,1994,0.06035559,0.066018249,0.054738731
Age-Standardized Smoking Prevalence,179,Ethiopia,1,Male,29,15+ years,1995,0.104378236,0.114860594,0.093567638
Age-Standardized Smoking Prevalence,179,Ethiopia,2,Female,29,15+ years,1995,0.01193316,0.01549707,0.008854951
Age-Standardized Smoking Prevalence,179,Ethiopia,3,Both,29,15+ years,1995,0.058538003,0.063891833,0.053161106
Age-Standardized Smoking Prevalence,179,Ethiopia,1,Male,29,15+ years,1996,0.101009167,0.110960395,0.091081826
Age-Standardized Smoking Prevalence,179,Ethiopia,2,Female,29,15+ years,1996,0.011608278,0.01496975,0.008707624
Age-Standardized Smoking Prevalence,179,Ethiopia,3,Both,29,15+ years,1996,0.056763133,0.061874968,0.051709908
Age-Standardized Smoking Prevalence,179,Ethiopia,1,Male,29,15+ years,1997,0.097998242,0.107226072,0.088693519
Age-Standardized Smoking Prevalence,179,Ethiopia,2,Female,29,15+ years,1997,0.011321546,0.014660864,0.008490573
Age-Standardized Smoking Prevalence,179,Ethiopia,3,Both,29,15+ years,1997,0.055175422,0.060208113,0.050306272
Age-Standardized Smoking Prevalence,179,Ethiopia,1,Male,29,15+ years,1998,0.09544967,0.10426304,0.086622598
Age-Standardized Smoking Prevalence,179,Ethiopia,2,Female,29,15+ years,1998,0.011081394,0.014376787,0.008312812
Age-Standardized Smoking Prevalence,179,Ethiopia,3,Both,29,15+ years,1998,0.053821117,0.058711312,0.049237103
Age-Standardized Smoking Prevalence,179,Ethiopia,1,Male,29,15+ years,1999,0.093326241,0.101738502,0.084871398
Age-Standardized Smoking Prevalence,179,Ethiopia,2,Female,29,15+ years,1999,0.010885467,0.014128389,0.008213902
Age-Standardized Smoking Prevalence,179,Ethiopia,3,Both,29,15+ years,1999,0.052687124,0.057299964,0.048309481
Age-Standardized Smoking Prevalence,179,Ethiopia,1,Male,29,15+ years,2000,0.091590204,0.099373853,0.083710315
Age-Standardized Smoking Prevalence,179,Ethiopia,2,Female,29,15+ years,2000,0.010729652,0.013909306,0.008162518
Age-Standardized Smoking Prevalence,179,Ethiopia,3,Both,29,15+ years,2000,0.0517806,0.05608471,0.047618499
Age-Standardized Smoking Prevalence,179,Ethiopia,1,Male,29,15+ years,2001,0.090343196,0.097852223,0.083025078
Age-Standardized Smoking Prevalence,179,Ethiopia,2,Female,29,15+ years,2001,0.010625576,0.013781852,0.008110309
Age-Standardized Smoking Prevalence,179,Ethiopia,3,Both,29,15+ years,2001,0.051104454,0.055177575,0.047162541
Age-Standardized Smoking Prevalence,179,Ethiopia,1,Male,29,15+ years,2002,0.089535654,0.096865501,0.082352173
Age-Standardized Smoking Prevalence,179,Ethiopia,2,Female,29,15+ years,2002,0.010573037,0.013728488,0.008069699
Age-Standardized Smoking Prevalence,179,Ethiopia,3,Both,29,15+ years,2002,0.050676659,0.054667287,0.046764253
Age-Standardized Smoking Prevalence,179,Ethiopia,1,Male,29,15+ years,2003,0.089129192,0.09629061,0.08213746
Age-Standardized Smoking Prevalence,179,Ethiopia,2,Female,29,15+ years,2003,0.010567082,0.013590172,0.008116686
Age-Standardized Smoking Prevalence,179,Ethiopia,3,Both,29,15+ years,2003,0.050459022,0.054356401,0.046700127
Age-Standardized Smoking Prevalence,179,Ethiopia,1,Male,29,15+ years,2004,0.089371336,0.096698388,0.082379717
Age-Standardized Smoking Prevalence,179,Ethiopia,2,Female,29,15+ years,2004,0.010646238,0.013718456,0.008171734
Age-Standardized Smoking Prevalence,179,Ethiopia,3,Both,29,15+ years,2004,0.05060469,0.054381559,0.046820612
Age-Standardized Smoking Prevalence,179,Ethiopia,1,Male,29,15+ years,2005,0.090006967,0.097262536,0.083147921
Age-Standardized Smoking Prevalence,179,Ethiopia,2,Female,29,15+ years,2005,0.010774251,0.013876843,0.008242315
Age-Standardized Smoking Prevalence,179,Ethiopia,3,Both,29,15+ years,2005,0.050989629,0.054713276,0.047244595
Age-Standardized Smoking Prevalence,179,Ethiopia,1,Male,29,15+ years,2006,0.090316773,0.097524847,0.083414247
Age-Standardized Smoking Prevalence,179,Ethiopia,2,Female,29,15+ years,2006,0.010879343,0.014027925,0.00832662
Age-Standardized Smoking Prevalence,179,Ethiopia,3,Both,29,15+ years,2006,0.051155987,0.054868112,0.047411053
Age-Standardized Smoking Prevalence,179,Ethiopia,1,Male,29,15+ years,2007,0.090793972,0.097790352,0.083993457
Age-Standardized Smoking Prevalence,179,Ethiopia,2,Female,29,15+ years,2007,0.010997716,0.014216321,0.008451282
Age-Standardized Smoking Prevalence,179,Ethiopia,3,Both,29,15+ years,2007,0.051408209,0.054995511,0.047743258
Age-Standardized Smoking Prevalence,179,Ethiopia,1,Male,29,15+ years,2008,0.091388057,0.098363127,0.084658027
Age-Standardized Smoking Prevalence,179,Ethiopia,2,Female,29,15+ years,2008,0.011120323,0.014387917,0.008566798
Age-Standardized Smoking Prevalence,179,Ethiopia,3,Both,29,15+ years,2008,0.05172992,0.055370478,0.048105833
Age-Standardized Smoking Prevalence,179,Ethiopia,1,Male,29,15+ years,2009,0.091991479,0.098980062,0.085296326
Age-Standardized Smoking Prevalence,179,Ethiopia,2,Female,29,15+ years,2009,0.011250362,0.014530517,0.008695348
Age-Standardized Smoking Prevalence,179,Ethiopia,3,Both,29,15+ years,2009,0.052054929,0.055824986,0.048443935
Age-Standardized Smoking Prevalence,179,Ethiopia,1,Male,29,15+ years,2010,0.092650858,0.09978672,0.08571739
Age-Standardized Smoking Prevalence,179,Ethiopia,2,Female,29,15+ years,2010,0.011388347,0.014686511,0.008807548
Age-Standardized Smoking Prevalence,179,Ethiopia,3,Both,29,15+ years,2010,0.052403886,0.056253244,0.048752625
Age-Standardized Smoking Prevalence,179,Ethiopia,1,Male,29,15+ years,2011,0.093515537,0.100547238,0.086406764
Age-Standardized Smoking Prevalence,179,Ethiopia,2,Female,29,15+ years,2011,0.011572727,0.014927197,0.008960607
Age-Standardized Smoking Prevalence,179,Ethiopia,3,Both,29,15+ years,2011,0.052881862,0.056732432,0.049210299
Age-Standardized Smoking Prevalence,179,Ethiopia,1,Male,29,15+ years,2012,0.09455276,0.101808526,0.087421504
Age-Standardized Smoking Prevalence,179,Ethiopia,2,Female,29,15+ years,2012,0.011768968,0.015114345,0.009127695
Age-Standardized Smoking Prevalence,179,Ethiopia,3,Both,29,15+ years,2012,0.053456589,0.057239693,0.049697246
Age-Standardized Smoking Prevalence,179,Ethiopia,1,Male,29,15+ years,2013,0.095794542,0.102990609,0.088962657
Age-Standardized Smoking Prevalence,179,Ethiopia,2,Female,29,15+ years,2013,0.011978223,0.015472869,0.009258048
Age-Standardized Smoking Prevalence,179,Ethiopia,3,Both,29,15+ years,2013,0.054141816,0.058066775,0.050424499
Age-Standardized Smoking Prevalence,179,Ethiopia,1,Male,29,15+ years,2014,0.097380675,0.104945594,0.090337292
Age-Standardized Smoking Prevalence,179,Ethiopia,2,Female,29,15+ years,2014,0.012212341,0.015690076,0.009437272
Age-Standardized Smoking Prevalence,179,Ethiopia,3,Both,29,15+ years,2014,0.055013454,0.059035516,0.051156313
Age-Standardized Smoking Prevalence,179,Ethiopia,1,Male,29,15+ years,2015,0.099113797,0.106848422,0.091741036
Age-Standardized Smoking Prevalence,179,Ethiopia,2,Female,29,15+ years,2015,0.012450173,0.015874674,0.009625287
Age-Standardized Smoking Prevalence,179,Ethiopia,3,Both,29,15+ years,2015,0.055972766,0.06021027,0.05182988
Age-Standardized Smoking Prevalence,179,Ethiopia,1,Male,29,15+ years,2016,0.101120673,0.109004252,0.093282026
Age-Standardized Smoking Prevalence,179,Ethiopia,2,Female,29,15+ years,2016,0.012750777,0.016250621,0.009846815
Age-Standardized Smoking Prevalence,179,Ethiopia,3,Both,29,15+ years,2016,0.057082921,0.061328613,0.052868082
Age-Standardized Smoking Prevalence,179,Ethiopia,1,Male,29,15+ years,2017,0.10232566,0.110493078,0.09439931
Age-Standardized Smoking Prevalence,179,Ethiopia,2,Female,29,15+ years,2017,0.01289389,0.016543699,0.009964189
Age-Standardized Smoking Prevalence,179,Ethiopia,3,Both,29,15+ years,2017,0.057716511,0.062106909,0.05337627
Age-Standardized Smoking Prevalence,179,Ethiopia,1,Male,29,15+ years,2018,0.103455317,0.112174774,0.095142246
Age-Standardized Smoking Prevalence,179,Ethiopia,2,Female,29,15+ years,2018,0.013019638,0.016591401,0.010049392
Age-Standardized Smoking Prevalence,179,Ethiopia,3,Both,29,15+ years,2018,0.05829926,0.06273624,0.053826877
Age-Standardized Smoking Prevalence,179,Ethiopia,1,Male,29,15+ years,2019,0.104526501,0.11370245,0.095954404
Age-Standardized Smoking Prevalence,179,Ethiopia,2,Female,29,15+ years,2019,0.013134666,0.016861593,0.010128098
Age-Standardized Smoking Prevalence,179,Ethiopia,3,Both,29,15+ years,2019,0.058853834,0.063423007,0.054457267
Age-Standardized Smoking Prevalence,180,Kenya,1,Male,29,15+ years,1990,0.298972731,0.32388283,0.276595491
Age-Standardized Smoking Prevalence,180,Kenya,2,Female,29,15+ years,1990,0.039430388,0.049856692,0.030604017
Age-Standardized Smoking Prevalence,180,Kenya,3,Both,29,15+ years,1990,0.167351925,0.180550897,0.155142542
Age-Standardized Smoking Prevalence,180,Kenya,1,Male,29,15+ years,1991,0.300684909,0.325639094,0.278906305
Age-Standardized Smoking Prevalence,180,Kenya,2,Female,29,15+ years,1991,0.04056183,0.051449243,0.031678929
Age-Standardized Smoking Prevalence,180,Kenya,3,Both,29,15+ years,1991,0.168682606,0.181955465,0.156889688
Age-Standardized Smoking Prevalence,180,Kenya,1,Male,29,15+ years,1992,0.301420045,0.326263934,0.280201345
Age-Standardized Smoking Prevalence,180,Kenya,2,Female,29,15+ years,1992,0.04165035,0.052651454,0.032628056
Age-Standardized Smoking Prevalence,180,Kenya,3,Both,29,15+ years,1992,0.169486683,0.182486664,0.157899213
Age-Standardized Smoking Prevalence,180,Kenya,1,Male,29,15+ years,1993,0.301348891,0.326275024,0.280096769
Age-Standardized Smoking Prevalence,180,Kenya,2,Female,29,15+ years,1993,0.042711983,0.053329448,0.033877146
Age-Standardized Smoking Prevalence,180,Kenya,3,Both,29,15+ years,1993,0.169867431,0.182742628,0.15845932
Age-Standardized Smoking Prevalence,180,Kenya,1,Male,29,15+ years,1994,0.300492869,0.324630272,0.279821494
Age-Standardized Smoking Prevalence,180,Kenya,2,Female,29,15+ years,1994,0.043744853,0.053930521,0.034627824
Age-Standardized Smoking Prevalence,180,Kenya,3,Both,29,15+ years,1994,0.169842506,0.182355216,0.158452165
Age-Standardized Smoking Prevalence,180,Kenya,1,Male,29,15+ years,1995,0.298819955,0.321541292,0.278580623
Age-Standardized Smoking Prevalence,180,Kenya,2,Female,29,15+ years,1995,0.044732736,0.05512903,0.035645671
Age-Standardized Smoking Prevalence,180,Kenya,3,Both,29,15+ years,1995,0.16939858,0.181118214,0.158197239
Age-Standardized Smoking Prevalence,180,Kenya,1,Male,29,15+ years,1996,0.296359259,0.317315576,0.276738182
Age-Standardized Smoking Prevalence,180,Kenya,2,Female,29,15+ years,1996,0.045666053,0.055866164,0.036713678
Age-Standardized Smoking Prevalence,180,Kenya,3,Both,29,15+ years,1996,0.16854911,0.179923654,0.157743825
Age-Standardized Smoking Prevalence,180,Kenya,1,Male,29,15+ years,1997,0.293006884,0.313127805,0.274726879
Age-Standardized Smoking Prevalence,180,Kenya,2,Female,29,15+ years,1997,0.046516346,0.05689858,0.037384454
Age-Standardized Smoking Prevalence,180,Kenya,3,Both,29,15+ years,1997,0.167239248,0.177995175,0.156819381
Age-Standardized Smoking Prevalence,180,Kenya,1,Male,29,15+ years,1998,0.288853684,0.307578589,0.271423741
Age-Standardized Smoking Prevalence,180,Kenya,2,Female,29,15+ years,1998,0.04726932,0.057768266,0.038419552
Age-Standardized Smoking Prevalence,180,Kenya,3,Both,29,15+ years,1998,0.16551405,0.176248181,0.155730071
Age-Standardized Smoking Prevalence,180,Kenya,1,Male,29,15+ years,1999,0.283836971,0.301582173,0.267626155
Age-Standardized Smoking Prevalence,180,Kenya,2,Female,29,15+ years,1999,0.0478877,0.058247112,0.039082486
Age-Standardized Smoking Prevalence,180,Kenya,3,Both,29,15+ years,1999,0.16332795,0.173418319,0.154107989
Age-Standardized Smoking Prevalence,180,Kenya,1,Male,29,15+ years,2000,0.278169995,0.294446774,0.262856205
Age-Standardized Smoking Prevalence,180,Kenya,2,Female,29,15+ years,2000,0.048364673,0.059162121,0.039669948
Age-Standardized Smoking Prevalence,180,Kenya,3,Both,29,15+ years,2000,0.16078589,0.170212279,0.151937608
Age-Standardized Smoking Prevalence,180,Kenya,1,Male,29,15+ years,2001,0.271860936,0.28688757,0.257975148
Age-Standardized Smoking Prevalence,180,Kenya,2,Female,29,15+ years,2001,0.048658671,0.059306009,0.039979888
Age-Standardized Smoking Prevalence,180,Kenya,3,Both,29,15+ years,2001,0.157860775,0.16660994,0.149637137
Age-Standardized Smoking Prevalence,180,Kenya,1,Male,29,15+ years,2002,0.264571208,0.278244659,0.251212548
Age-Standardized Smoking Prevalence,180,Kenya,2,Female,29,15+ years,2002,0.048619785,0.058753487,0.040179058
Age-Standardized Smoking Prevalence,180,Kenya,3,Both,29,15+ years,2002,0.154309835,0.162318486,0.146750454
Age-Standardized Smoking Prevalence,180,Kenya,1,Male,29,15+ years,2003,0.256848817,0.269042003,0.244731002
Age-Standardized Smoking Prevalence,180,Kenya,2,Female,29,15+ years,2003,0.048338734,0.05778503,0.040156877
Age-Standardized Smoking Prevalence,180,Kenya,3,Both,29,15+ years,2003,0.150434596,0.157784907,0.143133329
Age-Standardized Smoking Prevalence,180,Kenya,1,Male,29,15+ years,2004,0.248305447,0.259309676,0.237107278
Age-Standardized Smoking Prevalence,180,Kenya,2,Female,29,15+ years,2004,0.04786068,0.05701527,0.040207711
Age-Standardized Smoking Prevalence,180,Kenya,3,Both,29,15+ years,2004,0.146068713,0.153052848,0.139150343
Age-Standardized Smoking Prevalence,180,Kenya,1,Male,29,15+ years,2005,0.239963499,0.249961687,0.229393974
Age-Standardized Smoking Prevalence,180,Kenya,2,Female,29,15+ years,2005,0.047234453,0.05592701,0.040103114
Age-Standardized Smoking Prevalence,180,Kenya,3,Both,29,15+ years,2005,0.141718382,0.148547123,0.135414643
Age-Standardized Smoking Prevalence,180,Kenya,1,Male,29,15+ years,2006,0.231964009,0.242024278,0.222156599
Age-Standardized Smoking Prevalence,180,Kenya,2,Female,29,15+ years,2006,0.046353384,0.054613962,0.039248377
Age-Standardized Smoking Prevalence,180,Kenya,3,Both,29,15+ years,2006,0.13739976,0.144012129,0.131302402
Age-Standardized Smoking Prevalence,180,Kenya,1,Male,29,15+ years,2007,0.223660913,0.233046983,0.214404209
Age-Standardized Smoking Prevalence,180,Kenya,2,Female,29,15+ years,2007,0.044824001,0.0527435,0.038071046
Age-Standardized Smoking Prevalence,180,Kenya,3,Both,29,15+ years,2007,0.13260535,0.138803182,0.127026665
Age-Standardized Smoking Prevalence,180,Kenya,1,Male,29,15+ years,2008,0.216424189,0.225827523,0.207691285
Age-Standardized Smoking Prevalence,180,Kenya,2,Female,29,15+ years,2008,0.042381431,0.050093379,0.035966531
Age-Standardized Smoking Prevalence,180,Kenya,3,Both,29,15+ years,2008,0.127845016,0.133712224,0.122266373
Age-Standardized Smoking Prevalence,180,Kenya,1,Male,29,15+ years,2009,0.210452206,0.219573018,0.201753901
Age-Standardized Smoking Prevalence,180,Kenya,2,Female,29,15+ years,2009,0.040220137,0.04782157,0.034116243
Age-Standardized Smoking Prevalence,180,Kenya,3,Both,29,15+ years,2009,0.123839024,0.129755623,0.118396328
Age-Standardized Smoking Prevalence,180,Kenya,1,Male,29,15+ years,2010,0.205234058,0.214173812,0.196699052
Age-Standardized Smoking Prevalence,180,Kenya,2,Female,29,15+ years,2010,0.038017783,0.04559005,0.03191919
Age-Standardized Smoking Prevalence,180,Kenya,3,Both,29,15+ years,2010,0.120177114,0.12610684,0.114874598
Age-Standardized Smoking Prevalence,180,Kenya,1,Male,29,15+ years,2011,0.200822564,0.210000427,0.192444441
Age-Standardized Smoking Prevalence,180,Kenya,2,Female,29,15+ years,2011,0.035853087,0.043258942,0.029901823
Age-Standardized Smoking Prevalence,180,Kenya,3,Both,29,15+ years,2011,0.116922384,0.122806893,0.1115671
Age-Standardized Smoking Prevalence,180,Kenya,1,Male,29,15+ years,2012,0.197162969,0.206865132,0.188597473
Age-Standardized Smoking Prevalence,180,Kenya,2,Female,29,15+ years,2012,0.033758204,0.040844191,0.028047938
Age-Standardized Smoking Prevalence,180,Kenya,3,Both,29,15+ years,2012,0.114051505,0.119640813,0.108753805
Age-Standardized Smoking Prevalence,180,Kenya,1,Male,29,15+ years,2013,0.194172894,0.204173474,0.184769723
Age-Standardized Smoking Prevalence,180,Kenya,2,Female,29,15+ years,2013,0.03176059,0.03865254,0.026178351
Age-Standardized Smoking Prevalence,180,Kenya,3,Both,29,15+ years,2013,0.111548918,0.117274619,0.105999703
Age-Standardized Smoking Prevalence,180,Kenya,1,Male,29,15+ years,2014,0.191727406,0.201720606,0.181657515
Age-Standardized Smoking Prevalence,180,Kenya,2,Female,29,15+ years,2014,0.029838148,0.036449128,0.024546018
Age-Standardized Smoking Prevalence,180,Kenya,3,Both,29,15+ years,2014,0.109351433,0.115229931,0.103619375
Age-Standardized Smoking Prevalence,180,Kenya,1,Male,29,15+ years,2015,0.19077937,0.201305775,0.180025146
Age-Standardized Smoking Prevalence,180,Kenya,2,Female,29,15+ years,2015,0.028573126,0.035042814,0.023376504
Age-Standardized Smoking Prevalence,180,Kenya,3,Both,29,15+ years,2015,0.108234406,0.114288538,0.102249513
Age-Standardized Smoking Prevalence,180,Kenya,1,Male,29,15+ years,2016,0.190107199,0.20112515,0.178737637
Age-Standardized Smoking Prevalence,180,Kenya,2,Female,29,15+ years,2016,0.027539408,0.033977114,0.022494822
Age-Standardized Smoking Prevalence,180,Kenya,3,Both,29,15+ years,2016,0.107372455,0.113591248,0.10102751
Age-Standardized Smoking Prevalence,180,Kenya,1,Male,29,15+ years,2017,0.190046468,0.201224443,0.177943208
Age-Standardized Smoking Prevalence,180,Kenya,2,Female,29,15+ years,2017,0.026629803,0.033373998,0.021469978
Age-Standardized Smoking Prevalence,180,Kenya,3,Both,29,15+ years,2017,0.106873303,0.113436331,0.100205724
Age-Standardized Smoking Prevalence,180,Kenya,1,Male,29,15+ years,2018,0.190643197,0.202599585,0.177991854
Age-Standardized Smoking Prevalence,180,Kenya,2,Female,29,15+ years,2018,0.025849495,0.0325823,0.020683547
Age-Standardized Smoking Prevalence,180,Kenya,3,Both,29,15+ years,2018,0.106764228,0.113922678,0.099702211
Age-Standardized Smoking Prevalence,180,Kenya,1,Male,29,15+ years,2019,0.19153465,0.204131457,0.178317868
Age-Standardized Smoking Prevalence,180,Kenya,2,Female,29,15+ years,2019,0.025152968,0.031957387,0.019963855
Age-Standardized Smoking Prevalence,180,Kenya,3,Both,29,15+ years,2019,0.106844397,0.114254519,0.099540024
Age-Standardized Smoking Prevalence,182,Malawi,1,Male,29,15+ years,1990,0.240855635,0.261215675,0.222651955
Age-Standardized Smoking Prevalence,182,Malawi,2,Female,29,15+ years,1990,0.037516435,0.048305824,0.028353252
Age-Standardized Smoking Prevalence,182,Malawi,3,Both,29,15+ years,1990,0.134865124,0.145910478,0.123285824
Age-Standardized Smoking Prevalence,182,Malawi,1,Male,29,15+ years,1991,0.241448492,0.261377945,0.223801134
Age-Standardized Smoking Prevalence,182,Malawi,2,Female,29,15+ years,1991,0.038058232,0.048786015,0.029200538
Age-Standardized Smoking Prevalence,182,Malawi,3,Both,29,15+ years,1991,0.135735161,0.146686045,0.125090763
Age-Standardized Smoking Prevalence,182,Malawi,1,Male,29,15+ years,1992,0.242039696,0.261822008,0.225192877
Age-Standardized Smoking Prevalence,182,Malawi,2,Female,29,15+ years,1992,0.038635596,0.04923525,0.029676454
Age-Standardized Smoking Prevalence,182,Malawi,3,Both,29,15+ years,1992,0.136497876,0.147546657,0.126285427
Age-Standardized Smoking Prevalence,182,Malawi,1,Male,29,15+ years,1993,0.242607975,0.261658092,0.22677208
Age-Standardized Smoking Prevalence,182,Malawi,2,Female,29,15+ years,1993,0.039250965,0.049750096,0.030421293
Age-Standardized Smoking Prevalence,182,Malawi,3,Both,29,15+ years,1993,0.136934563,0.147757482,0.12721599
Age-Standardized Smoking Prevalence,182,Malawi,1,Male,29,15+ years,1994,0.24286644,0.261096105,0.22741983
Age-Standardized Smoking Prevalence,182,Malawi,2,Female,29,15+ years,1994,0.039851721,0.050454446,0.031104943
Age-Standardized Smoking Prevalence,182,Malawi,3,Both,29,15+ years,1994,0.137072642,0.147317989,0.127624462
Age-Standardized Smoking Prevalence,182,Malawi,1,Male,29,15+ years,1995,0.242609647,0.259703306,0.22787104
Age-Standardized Smoking Prevalence,182,Malawi,2,Female,29,15+ years,1995,0.040396216,0.050753354,0.031628524
Age-Standardized Smoking Prevalence,182,Malawi,3,Both,29,15+ years,1995,0.13719541,0.147040975,0.127776961
Age-Standardized Smoking Prevalence,182,Malawi,1,Male,29,15+ years,1996,0.241938817,0.258555051,0.227885298
Age-Standardized Smoking Prevalence,182,Malawi,2,Female,29,15+ years,1996,0.040886662,0.05095803,0.032182983
Age-Standardized Smoking Prevalence,182,Malawi,3,Both,29,15+ years,1996,0.137250822,0.146530296,0.128121405
Age-Standardized Smoking Prevalence,182,Malawi,1,Male,29,15+ years,1997,0.241152698,0.25592266,0.227197463
Age-Standardized Smoking Prevalence,182,Malawi,2,Female,29,15+ years,1997,0.041345339,0.051301221,0.0327569
Age-Standardized Smoking Prevalence,182,Malawi,3,Both,29,15+ years,1997,0.137185074,0.146157563,0.128582469
Age-Standardized Smoking Prevalence,182,Malawi,1,Male,29,15+ years,1998,0.240365503,0.254528789,0.226645727
Age-Standardized Smoking Prevalence,182,Malawi,2,Female,29,15+ years,1998,0.041787425,0.051259359,0.033515479
Age-Standardized Smoking Prevalence,182,Malawi,3,Both,29,15+ years,1998,0.137072169,0.145656965,0.129021026
Age-Standardized Smoking Prevalence,182,Malawi,1,Male,29,15+ years,1999,0.239588486,0.252902021,0.226958465
Age-Standardized Smoking Prevalence,182,Malawi,2,Female,29,15+ years,1999,0.042222759,0.051575587,0.034020456
Age-Standardized Smoking Prevalence,182,Malawi,3,Both,29,15+ years,1999,0.136875473,0.144982079,0.129141446
Age-Standardized Smoking Prevalence,182,Malawi,1,Male,29,15+ years,2000,0.238826162,0.251673746,0.226787142
Age-Standardized Smoking Prevalence,182,Malawi,2,Female,29,15+ years,2000,0.042645058,0.05170751,0.034620437
Age-Standardized Smoking Prevalence,182,Malawi,3,Both,29,15+ years,2000,0.136619184,0.144287011,0.12928762
Age-Standardized Smoking Prevalence,182,Malawi,1,Male,29,15+ years,2001,0.238257467,0.250309249,0.226717821
Age-Standardized Smoking Prevalence,182,Malawi,2,Female,29,15+ years,2001,0.04316946,0.051783903,0.035391299
Age-Standardized Smoking Prevalence,182,Malawi,3,Both,29,15+ years,2001,0.136466453,0.143995083,0.129508665
Age-Standardized Smoking Prevalence,182,Malawi,1,Male,29,15+ years,2002,0.237675537,0.249390043,0.226553859
Age-Standardized Smoking Prevalence,182,Malawi,2,Female,29,15+ years,2002,0.043637548,0.052189635,0.036234042
Age-Standardized Smoking Prevalence,182,Malawi,3,Both,29,15+ years,2002,0.136262173,0.143641588,0.129723091
Age-Standardized Smoking Prevalence,182,Malawi,1,Male,29,15+ years,2003,0.237131167,0.248524696,0.226467317
Age-Standardized Smoking Prevalence,182,Malawi,2,Female,29,15+ years,2003,0.044028875,0.052321187,0.036830153
Age-Standardized Smoking Prevalence,182,Malawi,3,Both,29,15+ years,2003,0.136014724,0.143318012,0.129787978
Age-Standardized Smoking Prevalence,182,Malawi,1,Male,29,15+ years,2004,0.235661184,0.246672225,0.225220048
Age-Standardized Smoking Prevalence,182,Malawi,2,Female,29,15+ years,2004,0.044126353,0.052009382,0.037057983
Age-Standardized Smoking Prevalence,182,Malawi,3,Both,29,15+ years,2004,0.135178737,0.142300858,0.129046021
Age-Standardized Smoking Prevalence,182,Malawi,1,Male,29,15+ years,2005,0.234581067,0.245034636,0.22418792
Age-Standardized Smoking Prevalence,182,Malawi,2,Female,29,15+ years,2005,0.044428162,0.052311194,0.037320931
Age-Standardized Smoking Prevalence,182,Malawi,3,Both,29,15+ years,2005,0.134611758,0.141441138,0.128632768
Age-Standardized Smoking Prevalence,182,Malawi,1,Male,29,15+ years,2006,0.233566399,0.244332322,0.223439802
Age-Standardized Smoking Prevalence,182,Malawi,2,Female,29,15+ years,2006,0.044550558,0.052447937,0.037317868
Age-Standardized Smoking Prevalence,182,Malawi,3,Both,29,15+ years,2006,0.133980018,0.140752928,0.128106241
Age-Standardized Smoking Prevalence,182,Malawi,1,Male,29,15+ years,2007,0.233401276,0.244470338,0.223421926
Age-Standardized Smoking Prevalence,182,Malawi,2,Female,29,15+ years,2007,0.043957825,0.05160385,0.036787256
Age-Standardized Smoking Prevalence,182,Malawi,3,Both,29,15+ years,2007,0.133364191,0.140104003,0.127518931
Age-Standardized Smoking Prevalence,182,Malawi,1,Male,29,15+ years,2008,0.234500976,0.245532174,0.224509715
Age-Standardized Smoking Prevalence,182,Malawi,2,Female,29,15+ years,2008,0.043061207,0.050414269,0.035955788
Age-Standardized Smoking Prevalence,182,Malawi,3,Both,29,15+ years,2008,0.133218711,0.13992971,0.127461052
Age-Standardized Smoking Prevalence,182,Malawi,1,Male,29,15+ years,2009,0.235690744,0.246900783,0.225650809
Age-Standardized Smoking Prevalence,182,Malawi,2,Female,29,15+ years,2009,0.04203178,0.049269292,0.035002575
Age-Standardized Smoking Prevalence,182,Malawi,3,Both,29,15+ years,2009,0.133074931,0.139639246,0.127048127
Age-Standardized Smoking Prevalence,182,Malawi,1,Male,29,15+ years,2010,0.236287785,0.247450685,0.225996598
Age-Standardized Smoking Prevalence,182,Malawi,2,Female,29,15+ years,2010,0.040696046,0.048122574,0.033824931
Age-Standardized Smoking Prevalence,182,Malawi,3,Both,29,15+ years,2010,0.132512411,0.139102726,0.126346381
Age-Standardized Smoking Prevalence,182,Malawi,1,Male,29,15+ years,2011,0.237296576,0.248366175,0.226638777
Age-Standardized Smoking Prevalence,182,Malawi,2,Female,29,15+ years,2011,0.039597851,0.047334679,0.032742594
Age-Standardized Smoking Prevalence,182,Malawi,3,Both,29,15+ years,2011,0.132264384,0.138884307,0.125959961
Age-Standardized Smoking Prevalence,182,Malawi,1,Male,29,15+ years,2012,0.238400359,0.250340131,0.227347627
Age-Standardized Smoking Prevalence,182,Malawi,2,Female,29,15+ years,2012,0.038436598,0.046239916,0.031520302
Age-Standardized Smoking Prevalence,182,Malawi,3,Both,29,15+ years,2012,0.132065044,0.138969771,0.125700008
Age-Standardized Smoking Prevalence,182,Malawi,1,Male,29,15+ years,2013,0.2390487,0.251169,0.227794936
Age-Standardized Smoking Prevalence,182,Malawi,2,Female,29,15+ years,2013,0.037165863,0.045001519,0.030099329
Age-Standardized Smoking Prevalence,182,Malawi,3,Both,29,15+ years,2013,0.13162854,0.138492543,0.125259566
Age-Standardized Smoking Prevalence,182,Malawi,1,Male,29,15+ years,2014,0.239707375,0.251991235,0.227803862
Age-Standardized Smoking Prevalence,182,Malawi,2,Female,29,15+ years,2014,0.035889083,0.044142696,0.02905349
Age-Standardized Smoking Prevalence,182,Malawi,3,Both,29,15+ years,2014,0.131200716,0.138039239,0.12460879
Age-Standardized Smoking Prevalence,182,Malawi,1,Male,29,15+ years,2015,0.240343921,0.252450059,0.227946455
Age-Standardized Smoking Prevalence,182,Malawi,2,Female,29,15+ years,2015,0.034629596,0.042678085,0.02784265
Age-Standardized Smoking Prevalence,182,Malawi,3,Both,29,15+ years,2015,0.130779486,0.1377117,0.123979142
Age-Standardized Smoking Prevalence,182,Malawi,1,Male,29,15+ years,2016,0.2407997,0.253652918,0.228236452
Age-Standardized Smoking Prevalence,182,Malawi,2,Female,29,15+ years,2016,0.033570013,0.041763777,0.02694196
Age-Standardized Smoking Prevalence,182,Malawi,3,Both,29,15+ years,2016,0.130401087,0.137570431,0.123405541
Age-Standardized Smoking Prevalence,182,Malawi,1,Male,29,15+ years,2017,0.241118841,0.254695064,0.228488038
Age-Standardized Smoking Prevalence,182,Malawi,2,Female,29,15+ years,2017,0.032556698,0.040729184,0.025866599
Age-Standardized Smoking Prevalence,182,Malawi,3,Both,29,15+ years,2017,0.129990593,0.13743572,0.122786278
Age-Standardized Smoking Prevalence,182,Malawi,1,Male,29,15+ years,2018,0.240551189,0.25450315,0.22733553
Age-Standardized Smoking Prevalence,182,Malawi,2,Female,29,15+ years,2018,0.031796284,0.039857828,0.025028138
Age-Standardized Smoking Prevalence,182,Malawi,3,Both,29,15+ years,2018,0.129299432,0.137092888,0.122099331
Age-Standardized Smoking Prevalence,182,Malawi,1,Male,29,15+ years,2019,0.239894107,0.254079084,0.225905544
Age-Standardized Smoking Prevalence,182,Malawi,2,Female,29,15+ years,2019,0.031097036,0.03932865,0.024365881
Age-Standardized Smoking Prevalence,182,Malawi,3,Both,29,15+ years,2019,0.128594986,0.136431763,0.120885209
Age-Standardized Smoking Prevalence,185,Rwanda,1,Male,29,15+ years,1990,0.221094489,0.242156603,0.200965274
Age-Standardized Smoking Prevalence,185,Rwanda,2,Female,29,15+ years,1990,0.087808994,0.108706957,0.07014732
Age-Standardized Smoking Prevalence,185,Rwanda,3,Both,29,15+ years,1990,0.149948446,0.164750804,0.136650302
Age-Standardized Smoking Prevalence,185,Rwanda,1,Male,29,15+ years,1991,0.222036945,0.243132071,0.201762657
Age-Standardized Smoking Prevalence,185,Rwanda,2,Female,29,15+ years,1991,0.088880259,0.109642334,0.071163707
Age-Standardized Smoking Prevalence,185,Rwanda,3,Both,29,15+ years,1991,0.151190732,0.165998421,0.137878707
Age-Standardized Smoking Prevalence,185,Rwanda,1,Male,29,15+ years,1992,0.222781897,0.244758876,0.202629807
Age-Standardized Smoking Prevalence,185,Rwanda,2,Female,29,15+ years,1992,0.089899996,0.109778066,0.072045017
Age-Standardized Smoking Prevalence,185,Rwanda,3,Both,29,15+ years,1992,0.152321011,0.166818594,0.138938776
Age-Standardized Smoking Prevalence,185,Rwanda,1,Male,29,15+ years,1993,0.223243571,0.245124469,0.202976338
Age-Standardized Smoking Prevalence,185,Rwanda,2,Female,29,15+ years,1993,0.090841405,0.110957174,0.073464632
Age-Standardized Smoking Prevalence,185,Rwanda,3,Both,29,15+ years,1993,0.153268207,0.16787119,0.139855581
Age-Standardized Smoking Prevalence,185,Rwanda,1,Male,29,15+ years,1994,0.221812765,0.243361121,0.202466052
Age-Standardized Smoking Prevalence,185,Rwanda,2,Female,29,15+ years,1994,0.091113865,0.110233595,0.073793583
Age-Standardized Smoking Prevalence,185,Rwanda,3,Both,29,15+ years,1994,0.151302548,0.165532133,0.138204523
Age-Standardized Smoking Prevalence,185,Rwanda,1,Male,29,15+ years,1995,0.219880982,0.241116271,0.200235649
Age-Standardized Smoking Prevalence,185,Rwanda,2,Female,29,15+ years,1995,0.091182358,0.10958988,0.074562146
Age-Standardized Smoking Prevalence,185,Rwanda,3,Both,29,15+ years,1995,0.149046597,0.162782312,0.136012016
Age-Standardized Smoking Prevalence,185,Rwanda,1,Male,29,15+ years,1996,0.218825124,0.239688462,0.200135652
Age-Standardized Smoking Prevalence,185,Rwanda,2,Female,29,15+ years,1996,0.091524076,0.1095387,0.075219597
Age-Standardized Smoking Prevalence,185,Rwanda,3,Both,29,15+ years,1996,0.148802634,0.162267886,0.135801715
Age-Standardized Smoking Prevalence,185,Rwanda,1,Male,29,15+ years,1997,0.217746956,0.237694455,0.199006481
Age-Standardized Smoking Prevalence,185,Rwanda,2,Female,29,15+ years,1997,0.091825953,0.109135321,0.075826937
Age-Standardized Smoking Prevalence,185,Rwanda,3,Both,29,15+ years,1997,0.148440928,0.161250239,0.135864151
Age-Standardized Smoking Prevalence,185,Rwanda,1,Male,29,15+ years,1998,0.216773315,0.236086459,0.199315321
Age-Standardized Smoking Prevalence,185,Rwanda,2,Female,29,15+ years,1998,0.092090052,0.109009752,0.076430524
Age-Standardized Smoking Prevalence,185,Rwanda,3,Both,29,15+ years,1998,0.148053754,0.160486397,0.135830143
Age-Standardized Smoking Prevalence,185,Rwanda,1,Male,29,15+ years,1999,0.216177337,0.234518006,0.199076019
Age-Standardized Smoking Prevalence,185,Rwanda,2,Female,29,15+ years,1999,0.09240351,0.108663955,0.077491485
Age-Standardized Smoking Prevalence,185,Rwanda,3,Both,29,15+ years,1999,0.147873959,0.159806087,0.135918592
Age-Standardized Smoking Prevalence,185,Rwanda,1,Male,29,15+ years,2000,0.216136028,0.234081566,0.199649641
Age-Standardized Smoking Prevalence,185,Rwanda,2,Female,29,15+ years,2000,0.092832935,0.108641226,0.078317106
Age-Standardized Smoking Prevalence,185,Rwanda,3,Both,29,15+ years,2000,0.148037608,0.159549651,0.136430129
Age-Standardized Smoking Prevalence,185,Rwanda,1,Male,29,15+ years,2001,0.216333961,0.233772475,0.200815591
Age-Standardized Smoking Prevalence,185,Rwanda,2,Female,29,15+ years,2001,0.092971708,0.108369772,0.078646944
Age-Standardized Smoking Prevalence,185,Rwanda,3,Both,29,15+ years,2001,0.148194353,0.159420202,0.136563494
Age-Standardized Smoking Prevalence,185,Rwanda,1,Male,29,15+ years,2002,0.216714118,0.233103772,0.201650858
Age-Standardized Smoking Prevalence,185,Rwanda,2,Female,29,15+ years,2002,0.093075475,0.10774785,0.079068018
Age-Standardized Smoking Prevalence,185,Rwanda,3,Both,29,15+ years,2002,0.148398308,0.159723162,0.137223469
Age-Standardized Smoking Prevalence,185,Rwanda,1,Male,29,15+ years,2003,0.217508523,0.232843306,0.202712886
Age-Standardized Smoking Prevalence,185,Rwanda,2,Female,29,15+ years,2003,0.093286647,0.107655657,0.079508565
Age-Standardized Smoking Prevalence,185,Rwanda,3,Both,29,15+ years,2003,0.148840817,0.159584099,0.137785492
Age-Standardized Smoking Prevalence,185,Rwanda,1,Male,29,15+ years,2004,0.218313953,0.232831967,0.204092366
Age-Standardized Smoking Prevalence,185,Rwanda,2,Female,29,15+ years,2004,0.093490646,0.107653423,0.07977659
Age-Standardized Smoking Prevalence,185,Rwanda,3,Both,29,15+ years,2004,0.14931115,0.159801031,0.138204553
Age-Standardized Smoking Prevalence,185,Rwanda,1,Male,29,15+ years,2005,0.2192987,0.233612473,0.205457169
Age-Standardized Smoking Prevalence,185,Rwanda,2,Female,29,15+ years,2005,0.093731302,0.1077507,0.080349863
Age-Standardized Smoking Prevalence,185,Rwanda,3,Both,29,15+ years,2005,0.149922449,0.159871603,0.139471978
Age-Standardized Smoking Prevalence,185,Rwanda,1,Male,29,15+ years,2006,0.220448245,0.233746926,0.207316564
Age-Standardized Smoking Prevalence,185,Rwanda,2,Female,29,15+ years,2006,0.093960297,0.106791249,0.081138125
Age-Standardized Smoking Prevalence,185,Rwanda,3,Both,29,15+ years,2006,0.150665505,0.16042606,0.140959181
Age-Standardized Smoking Prevalence,185,Rwanda,1,Male,29,15+ years,2007,0.220581116,0.233239333,0.208485096
Age-Standardized Smoking Prevalence,185,Rwanda,2,Female,29,15+ years,2007,0.093547593,0.106076914,0.081228375
Age-Standardized Smoking Prevalence,185,Rwanda,3,Both,29,15+ years,2007,0.150577293,0.159773435,0.141230908
Age-Standardized Smoking Prevalence,185,Rwanda,1,Male,29,15+ years,2008,0.220530903,0.232481094,0.209261592
Age-Standardized Smoking Prevalence,185,Rwanda,2,Female,29,15+ years,2008,0.093061957,0.105856145,0.081503254
Age-Standardized Smoking Prevalence,185,Rwanda,3,Both,29,15+ years,2008,0.150374166,0.159611874,0.141479691
Age-Standardized Smoking Prevalence,185,Rwanda,1,Male,29,15+ years,2009,0.220004111,0.231506857,0.209026843
Age-Standardized Smoking Prevalence,185,Rwanda,2,Female,29,15+ years,2009,0.092367153,0.104394251,0.081190184
Age-Standardized Smoking Prevalence,185,Rwanda,3,Both,29,15+ years,2009,0.149863816,0.158939292,0.141424315
Age-Standardized Smoking Prevalence,185,Rwanda,1,Male,29,15+ years,2010,0.219195363,0.230242028,0.208268505
Age-Standardized Smoking Prevalence,185,Rwanda,2,Female,29,15+ years,2010,0.091542628,0.103715196,0.080607306
Age-Standardized Smoking Prevalence,185,Rwanda,3,Both,29,15+ years,2010,0.149185765,0.157879956,0.141015855
Age-Standardized Smoking Prevalence,185,Rwanda,1,Male,29,15+ years,2011,0.219119863,0.229896496,0.208791809
Age-Standardized Smoking Prevalence,185,Rwanda,2,Female,29,15+ years,2011,0.09114811,0.10313854,0.080223364
Age-Standardized Smoking Prevalence,185,Rwanda,3,Both,29,15+ years,2011,0.149093156,0.157691168,0.140886347
Age-Standardized Smoking Prevalence,185,Rwanda,1,Male,29,15+ years,2012,0.218976249,0.230305241,0.2087944
Age-Standardized Smoking Prevalence,185,Rwanda,2,Female,29,15+ years,2012,0.090630462,0.103140627,0.079121208
Age-Standardized Smoking Prevalence,185,Rwanda,3,Both,29,15+ years,2012,0.148884557,0.157516011,0.140738569
Age-Standardized Smoking Prevalence,185,Rwanda,1,Male,29,15+ years,2013,0.217827687,0.229369407,0.207473863
Age-Standardized Smoking Prevalence,185,Rwanda,2,Female,29,15+ years,2013,0.089416552,0.102130977,0.077938905
Age-Standardized Smoking Prevalence,185,Rwanda,3,Both,29,15+ years,2013,0.147824031,0.156558623,0.139396217
Age-Standardized Smoking Prevalence,185,Rwanda,1,Male,29,15+ years,2014,0.216577839,0.228303555,0.205710298
Age-Standardized Smoking Prevalence,185,Rwanda,2,Female,29,15+ years,2014,0.088168454,0.101787484,0.076005379
Age-Standardized Smoking Prevalence,185,Rwanda,3,Both,29,15+ years,2014,0.146696269,0.155689606,0.137891155
Age-Standardized Smoking Prevalence,185,Rwanda,1,Male,29,15+ years,2015,0.216609651,0.228288188,0.205283523
Age-Standardized Smoking Prevalence,185,Rwanda,2,Female,29,15+ years,2015,0.087471845,0.101228812,0.074709036
Age-Standardized Smoking Prevalence,185,Rwanda,3,Both,29,15+ years,2015,0.146468312,0.155543896,0.137214089
Age-Standardized Smoking Prevalence,185,Rwanda,1,Male,29,15+ years,2016,0.21669289,0.229366152,0.204791736
Age-Standardized Smoking Prevalence,185,Rwanda,2,Female,29,15+ years,2016,0.086825738,0.100923866,0.073417593
Age-Standardized Smoking Prevalence,185,Rwanda,3,Both,29,15+ years,2016,0.146341774,0.15577698,0.136661779
Age-Standardized Smoking Prevalence,185,Rwanda,1,Male,29,15+ years,2017,0.216787126,0.230033966,0.204382535
Age-Standardized Smoking Prevalence,185,Rwanda,2,Female,29,15+ years,2017,0.086172981,0.100501567,0.072322037
Age-Standardized Smoking Prevalence,185,Rwanda,3,Both,29,15+ years,2017,0.146188679,0.155984603,0.136101758
Age-Standardized Smoking Prevalence,185,Rwanda,1,Male,29,15+ years,2018,0.216944765,0.231014274,0.204301794
Age-Standardized Smoking Prevalence,185,Rwanda,2,Female,29,15+ years,2018,0.085595123,0.100830451,0.07107588
Age-Standardized Smoking Prevalence,185,Rwanda,3,Both,29,15+ years,2018,0.146082934,0.156215036,0.135650577
Age-Standardized Smoking Prevalence,185,Rwanda,1,Male,29,15+ years,2019,0.217254656,0.232295691,0.204095111
Age-Standardized Smoking Prevalence,185,Rwanda,2,Female,29,15+ years,2019,0.085132858,0.101443122,0.069950974
Age-Standardized Smoking Prevalence,185,Rwanda,3,Both,29,15+ years,2019,0.146110683,0.156601517,0.13550515
Age-Standardized Smoking Prevalence,189,United Republic of Tanzania,1,Male,29,15+ years,1990,0.294685739,0.32147609,0.271401463
Age-Standardized Smoking Prevalence,189,United Republic of Tanzania,2,Female,29,15+ years,1990,0.041522665,0.053391195,0.032184475
Age-Standardized Smoking Prevalence,189,United Republic of Tanzania,3,Both,29,15+ years,1990,0.161884541,0.175233128,0.149488735
Age-Standardized Smoking Prevalence,189,United Republic of Tanzania,1,Male,29,15+ years,1991,0.29532503,0.322137846,0.272040486
Age-Standardized Smoking Prevalence,189,United Republic of Tanzania,2,Female,29,15+ years,1991,0.042171692,0.053801538,0.032709286
Age-Standardized Smoking Prevalence,189,United Republic of Tanzania,3,Both,29,15+ years,1991,0.162519358,0.175398505,0.149984683
Age-Standardized Smoking Prevalence,189,United Republic of Tanzania,1,Male,29,15+ years,1992,0.29535953,0.320788641,0.272570054
Age-Standardized Smoking Prevalence,189,United Republic of Tanzania,2,Female,29,15+ years,1992,0.042777606,0.054195289,0.033458708
Age-Standardized Smoking Prevalence,189,United Republic of Tanzania,3,Both,29,15+ years,1992,0.16288032,0.175458566,0.150797931
Age-Standardized Smoking Prevalence,189,United Republic of Tanzania,1,Male,29,15+ years,1993,0.294757234,0.319566767,0.27220454
Age-Standardized Smoking Prevalence,189,United Republic of Tanzania,2,Female,29,15+ years,1993,0.043336727,0.054618353,0.033799947
Age-Standardized Smoking Prevalence,189,United Republic of Tanzania,3,Both,29,15+ years,1993,0.162952533,0.175332626,0.151007433
Age-Standardized Smoking Prevalence,189,United Republic of Tanzania,1,Male,29,15+ years,1994,0.293102369,0.316877079,0.270485551
Age-Standardized Smoking Prevalence,189,United Republic of Tanzania,2,Female,29,15+ years,1994,0.043772706,0.054982838,0.034088117
Age-Standardized Smoking Prevalence,189,United Republic of Tanzania,3,Both,29,15+ years,1994,0.162498346,0.174378731,0.150703587
Age-Standardized Smoking Prevalence,189,United Republic of Tanzania,1,Male,29,15+ years,1995,0.290550647,0.313137015,0.267560646
Age-Standardized Smoking Prevalence,189,United Republic of Tanzania,2,Female,29,15+ years,1995,0.044104405,0.055105746,0.03452955
Age-Standardized Smoking Prevalence,189,United Republic of Tanzania,3,Both,29,15+ years,1995,0.161574551,0.17324319,0.150120526
Age-Standardized Smoking Prevalence,189,United Republic of Tanzania,1,Male,29,15+ years,1996,0.287278931,0.308939619,0.265458751
Age-Standardized Smoking Prevalence,189,United Republic of Tanzania,2,Female,29,15+ years,1996,0.044351379,0.055155636,0.034930271
Age-Standardized Smoking Prevalence,189,United Republic of Tanzania,3,Both,29,15+ years,1996,0.160300628,0.171990359,0.149153836
Age-Standardized Smoking Prevalence,189,United Republic of Tanzania,1,Male,29,15+ years,1997,0.28487354,0.30546868,0.263806534
Age-Standardized Smoking Prevalence,189,United Republic of Tanzania,2,Female,29,15+ years,1997,0.044768446,0.055411027,0.035227997
Age-Standardized Smoking Prevalence,189,United Republic of Tanzania,3,Both,29,15+ years,1997,0.159516589,0.170969002,0.148720508
Age-Standardized Smoking Prevalence,189,United Republic of Tanzania,1,Male,29,15+ years,1998,0.282223588,0.301908264,0.262233414
Age-Standardized Smoking Prevalence,189,United Republic of Tanzania,2,Female,29,15+ years,1998,0.045167699,0.05547957,0.035985649
Age-Standardized Smoking Prevalence,189,United Republic of Tanzania,3,Both,29,15+ years,1998,0.158577398,0.169613375,0.148331321
Age-Standardized Smoking Prevalence,189,United Republic of Tanzania,1,Male,29,15+ years,1999,0.279425347,0.298113537,0.260573848
Age-Standardized Smoking Prevalence,189,United Republic of Tanzania,2,Female,29,15+ years,1999,0.045563313,0.056090028,0.036087361
Age-Standardized Smoking Prevalence,189,United Republic of Tanzania,3,Both,29,15+ years,1999,0.157583884,0.168848378,0.147469787
Age-Standardized Smoking Prevalence,189,United Republic of Tanzania,1,Male,29,15+ years,2000,0.276242793,0.293468056,0.258360887
Age-Standardized Smoking Prevalence,189,United Republic of Tanzania,2,Female,29,15+ years,2000,0.045905796,0.056141062,0.036782219
Age-Standardized Smoking Prevalence,189,United Republic of Tanzania,3,Both,29,15+ years,2000,0.156366471,0.16697184,0.146699451
Age-Standardized Smoking Prevalence,189,United Republic of Tanzania,1,Male,29,15+ years,2001,0.272929226,0.289296214,0.256386905
Age-Standardized Smoking Prevalence,189,United Republic of Tanzania,2,Female,29,15+ years,2001,0.046217664,0.055949736,0.037217086
Age-Standardized Smoking Prevalence,189,United Republic of Tanzania,3,Both,29,15+ years,2001,0.155035684,0.164841244,0.145710394
Age-Standardized Smoking Prevalence,189,United Republic of Tanzania,1,Male,29,15+ years,2002,0.269539879,0.285275476,0.253702487
Age-Standardized Smoking Prevalence,189,United Republic of Tanzania,2,Female,29,15+ years,2002,0.046490363,0.055974376,0.037640993
Age-Standardized Smoking Prevalence,189,United Republic of Tanzania,3,Both,29,15+ years,2002,0.15363427,0.162938101,0.144725263
Age-Standardized Smoking Prevalence,189,United Republic of Tanzania,1,Male,29,15+ years,2003,0.265554665,0.280208951,0.250548725
Age-Standardized Smoking Prevalence,189,United Republic of Tanzania,2,Female,29,15+ years,2003,0.046621194,0.055972171,0.037947481
Age-Standardized Smoking Prevalence,189,United Republic of Tanzania,3,Both,29,15+ years,2003,0.151849888,0.160787222,0.143409548
Age-Standardized Smoking Prevalence,189,United Republic of Tanzania,1,Male,29,15+ years,2004,0.261420218,0.27541476,0.24666425
Age-Standardized Smoking Prevalence,189,United Republic of Tanzania,2,Female,29,15+ years,2004,0.046655544,0.056221506,0.038068237
Age-Standardized Smoking Prevalence,189,United Republic of Tanzania,3,Both,29,15+ years,2004,0.149908053,0.158578838,0.141740833
Age-Standardized Smoking Prevalence,189,United Republic of Tanzania,1,Male,29,15+ years,2005,0.256967287,0.270548907,0.243157108
Age-Standardized Smoking Prevalence,189,United Republic of Tanzania,2,Female,29,15+ years,2005,0.046953484,0.056373745,0.038468155
Age-Standardized Smoking Prevalence,189,United Republic of Tanzania,3,Both,29,15+ years,2005,0.14792947,0.156338126,0.140061687
Age-Standardized Smoking Prevalence,189,United Republic of Tanzania,1,Male,29,15+ years,2006,0.252000687,0.265080927,0.239006323
Age-Standardized Smoking Prevalence,189,United Republic of Tanzania,2,Female,29,15+ years,2006,0.04701125,0.056681252,0.038602905
Age-Standardized Smoking Prevalence,189,United Republic of Tanzania,3,Both,29,15+ years,2006,0.145602425,0.153611804,0.13813277
Age-Standardized Smoking Prevalence,189,United Republic of Tanzania,1,Male,29,15+ years,2007,0.244935711,0.257318034,0.232394109
Age-Standardized Smoking Prevalence,189,United Republic of Tanzania,2,Female,29,15+ years,2007,0.046241797,0.056094491,0.038163836
Age-Standardized Smoking Prevalence,189,United Republic of Tanzania,3,Both,29,15+ years,2007,0.141825781,0.149560994,0.134710255
Age-Standardized Smoking Prevalence,189,United Republic of Tanzania,1,Male,29,15+ years,2008,0.237054435,0.248989886,0.225045285
Age-Standardized Smoking Prevalence,189,United Republic of Tanzania,2,Female,29,15+ years,2008,0.044416269,0.054014715,0.03657012
Age-Standardized Smoking Prevalence,189,United Republic of Tanzania,3,Both,29,15+ years,2008,0.13711628,0.144547259,0.130144638
Age-Standardized Smoking Prevalence,189,United Republic of Tanzania,1,Male,29,15+ years,2009,0.229304602,0.240542159,0.21782613
Age-Standardized Smoking Prevalence,189,United Republic of Tanzania,2,Female,29,15+ years,2009,0.042539401,0.051817725,0.034835091
Age-Standardized Smoking Prevalence,189,United Republic of Tanzania,3,Both,29,15+ years,2009,0.13241045,0.139268729,0.125520315
Age-Standardized Smoking Prevalence,189,United Republic of Tanzania,1,Male,29,15+ years,2010,0.222479094,0.233401825,0.211373485
Age-Standardized Smoking Prevalence,189,United Republic of Tanzania,2,Female,29,15+ years,2010,0.041084506,0.050322947,0.033649509
Age-Standardized Smoking Prevalence,189,United Republic of Tanzania,3,Both,29,15+ years,2010,0.128341846,0.134994608,0.121637608
Age-Standardized Smoking Prevalence,189,United Republic of Tanzania,1,Male,29,15+ years,2011,0.216591776,0.22753554,0.206016832
Age-Standardized Smoking Prevalence,189,United Republic of Tanzania,2,Female,29,15+ years,2011,0.039743772,0.048953814,0.032403059
Age-Standardized Smoking Prevalence,189,United Republic of Tanzania,3,Both,29,15+ years,2011,0.124781122,0.131519082,0.118266464
Age-Standardized Smoking Prevalence,189,United Republic of Tanzania,1,Male,29,15+ years,2012,0.210976198,0.221474364,0.20069759
Age-Standardized Smoking Prevalence,189,United Republic of Tanzania,2,Female,29,15+ years,2012,0.0383995,0.047293881,0.031416935
Age-Standardized Smoking Prevalence,189,United Republic of Tanzania,3,Both,29,15+ years,2012,0.121327316,0.127886453,0.115065013
Age-Standardized Smoking Prevalence,189,United Republic of Tanzania,1,Male,29,15+ years,2013,0.204920662,0.215221626,0.194656073
Age-Standardized Smoking Prevalence,189,United Republic of Tanzania,2,Female,29,15+ years,2013,0.036840867,0.04550597,0.030117803
Age-Standardized Smoking Prevalence,189,United Republic of Tanzania,3,Both,29,15+ years,2013,0.117543052,0.124054185,0.111381509
Age-Standardized Smoking Prevalence,189,United Republic of Tanzania,1,Male,29,15+ years,2014,0.19861371,0.208764875,0.188361264
Age-Standardized Smoking Prevalence,189,United Republic of Tanzania,2,Female,29,15+ years,2014,0.035205882,0.043696678,0.028582098
Age-Standardized Smoking Prevalence,189,United Republic of Tanzania,3,Both,29,15+ years,2014,0.113595716,0.120070048,0.107217649
Age-Standardized Smoking Prevalence,189,United Republic of Tanzania,1,Male,29,15+ years,2015,0.192838371,0.203266162,0.181997504
Age-Standardized Smoking Prevalence,189,United Republic of Tanzania,2,Female,29,15+ years,2015,0.03363731,0.041557988,0.027247155
Age-Standardized Smoking Prevalence,189,United Republic of Tanzania,3,Both,29,15+ years,2015,0.109931692,0.116414767,0.103419208
Age-Standardized Smoking Prevalence,189,United Republic of Tanzania,1,Male,29,15+ years,2016,0.18831617,0.199192485,0.177088087
Age-Standardized Smoking Prevalence,189,United Republic of Tanzania,2,Female,29,15+ years,2016,0.032437303,0.040190573,0.026043764
Age-Standardized Smoking Prevalence,189,United Republic of Tanzania,3,Both,29,15+ years,2016,0.107050751,0.113585667,0.100563648
Age-Standardized Smoking Prevalence,189,United Republic of Tanzania,1,Male,29,15+ years,2017,0.184336794,0.19550249,0.17311758
Age-Standardized Smoking Prevalence,189,United Republic of Tanzania,2,Female,29,15+ years,2017,0.031274828,0.03897199,0.02509612
Age-Standardized Smoking Prevalence,189,United Republic of Tanzania,3,Both,29,15+ years,2017,0.104446418,0.11081931,0.097979319
Age-Standardized Smoking Prevalence,189,United Republic of Tanzania,1,Male,29,15+ years,2018,0.181001586,0.192310837,0.169493319
Age-Standardized Smoking Prevalence,189,United Republic of Tanzania,2,Female,29,15+ years,2018,0.030192936,0.037600154,0.024144787
Age-Standardized Smoking Prevalence,189,United Republic of Tanzania,3,Both,29,15+ years,2018,0.102189437,0.108810655,0.095697545
Age-Standardized Smoking Prevalence,189,United Republic of Tanzania,1,Male,29,15+ years,2019,0.17972079,0.191732685,0.167632662
Age-Standardized Smoking Prevalence,189,United Republic of Tanzania,2,Female,29,15+ years,2019,0.029550631,0.036845428,0.023501682
Age-Standardized Smoking Prevalence,189,United Republic of Tanzania,3,Both,29,15+ years,2019,0.101143526,0.108233216,0.094525204
Age-Standardized Smoking Prevalence,190,Uganda,1,Male,29,15+ years,1990,0.192222972,0.210582443,0.175425094
Age-Standardized Smoking Prevalence,190,Uganda,2,Female,29,15+ years,1990,0.04287618,0.053761356,0.033184809
Age-Standardized Smoking Prevalence,190,Uganda,3,Both,29,15+ years,1990,0.115670797,0.125712834,0.105888512
Age-Standardized Smoking Prevalence,190,Uganda,1,Male,29,15+ years,1991,0.195086895,0.212851526,0.178400797
Age-Standardized Smoking Prevalence,190,Uganda,2,Female,29,15+ years,1991,0.04358861,0.054414771,0.033759092
Age-Standardized Smoking Prevalence,190,Uganda,3,Both,29,15+ years,1991,0.11715962,0.127012121,0.107422918
Age-Standardized Smoking Prevalence,190,Uganda,1,Male,29,15+ years,1992,0.198181639,0.214712584,0.181481058
Age-Standardized Smoking Prevalence,190,Uganda,2,Female,29,15+ years,1992,0.044374863,0.05528759,0.034354785
Age-Standardized Smoking Prevalence,190,Uganda,3,Both,29,15+ years,1992,0.11880673,0.128667765,0.109022666
Age-Standardized Smoking Prevalence,190,Uganda,1,Male,29,15+ years,1993,0.201392816,0.217265314,0.185383096
Age-Standardized Smoking Prevalence,190,Uganda,2,Female,29,15+ years,1993,0.04520718,0.05626696,0.035277904
Age-Standardized Smoking Prevalence,190,Uganda,3,Both,29,15+ years,1993,0.120575141,0.130477717,0.111039761
Age-Standardized Smoking Prevalence,190,Uganda,1,Male,29,15+ years,1994,0.204545448,0.220027015,0.188841682
Age-Standardized Smoking Prevalence,190,Uganda,2,Female,29,15+ years,1994,0.046064329,0.057435725,0.036036452
Age-Standardized Smoking Prevalence,190,Uganda,3,Both,29,15+ years,1994,0.122352118,0.13226787,0.112756819
Age-Standardized Smoking Prevalence,190,Uganda,1,Male,29,15+ years,1995,0.208128103,0.223226855,0.192921459
Age-Standardized Smoking Prevalence,190,Uganda,2,Female,29,15+ years,1995,0.047056666,0.058055629,0.037171442
Age-Standardized Smoking Prevalence,190,Uganda,3,Both,29,15+ years,1995,0.124400892,0.133986508,0.114937656
Age-Standardized Smoking Prevalence,190,Uganda,1,Male,29,15+ years,1996,0.211533675,0.226350668,0.196873159
Age-Standardized Smoking Prevalence,190,Uganda,2,Female,29,15+ years,1996,0.04807208,0.059609723,0.038110355
Age-Standardized Smoking Prevalence,190,Uganda,3,Both,29,15+ years,1996,0.126403111,0.135622058,0.117213108
Age-Standardized Smoking Prevalence,190,Uganda,1,Male,29,15+ years,1997,0.214789083,0.229308868,0.200573214
Age-Standardized Smoking Prevalence,190,Uganda,2,Female,29,15+ years,1997,0.049126337,0.060411189,0.039432628
Age-Standardized Smoking Prevalence,190,Uganda,3,Both,29,15+ years,1997,0.128364901,0.137392221,0.11928243
Age-Standardized Smoking Prevalence,190,Uganda,1,Male,29,15+ years,1998,0.217879204,0.232191715,0.20417342
Age-Standardized Smoking Prevalence,190,Uganda,2,Female,29,15+ years,1998,0.05021505,0.061278837,0.040443915
Age-Standardized Smoking Prevalence,190,Uganda,3,Both,29,15+ years,1998,0.130272663,0.139217196,0.121582994
Age-Standardized Smoking Prevalence,190,Uganda,1,Male,29,15+ years,1999,0.220149486,0.234069267,0.206553171
Age-Standardized Smoking Prevalence,190,Uganda,2,Female,29,15+ years,1999,0.051211067,0.062261862,0.041447195
Age-Standardized Smoking Prevalence,190,Uganda,3,Both,29,15+ years,1999,0.131754728,0.140332029,0.123406787
Age-Standardized Smoking Prevalence,190,Uganda,1,Male,29,15+ years,2000,0.220073864,0.233969158,0.207086541
Age-Standardized Smoking Prevalence,190,Uganda,2,Female,29,15+ years,2000,0.051774859,0.062500019,0.042028868
Age-Standardized Smoking Prevalence,190,Uganda,3,Both,29,15+ years,2000,0.131912193,0.140547958,0.123774105
Age-Standardized Smoking Prevalence,190,Uganda,1,Male,29,15+ years,2001,0.219759297,0.232870694,0.207095688
Age-Standardized Smoking Prevalence,190,Uganda,2,Female,29,15+ years,2001,0.052410194,0.063079258,0.042928053
Age-Standardized Smoking Prevalence,190,Uganda,3,Both,29,15+ years,2001,0.13203479,0.140408866,0.124192632
Age-Standardized Smoking Prevalence,190,Uganda,1,Male,29,15+ years,2002,0.218736848,0.231299169,0.206712381
Age-Standardized Smoking Prevalence,190,Uganda,2,Female,29,15+ years,2002,0.052967492,0.06313383,0.043549928
Age-Standardized Smoking Prevalence,190,Uganda,3,Both,29,15+ years,2002,0.131786061,0.140021867,0.124015449
Age-Standardized Smoking Prevalence,190,Uganda,1,Male,29,15+ years,2003,0.21692084,0.228612359,0.205835611
Age-Standardized Smoking Prevalence,190,Uganda,2,Female,29,15+ years,2003,0.053425348,0.063502215,0.04421063
Age-Standardized Smoking Prevalence,190,Uganda,3,Both,29,15+ years,2003,0.131112541,0.138934806,0.123754228
Age-Standardized Smoking Prevalence,190,Uganda,1,Male,29,15+ years,2004,0.214246157,0.225822774,0.203558571
Age-Standardized Smoking Prevalence,190,Uganda,2,Female,29,15+ years,2004,0.053717834,0.063532219,0.044736246
Age-Standardized Smoking Prevalence,190,Uganda,3,Both,29,15+ years,2004,0.129937463,0.137268975,0.123075898
Age-Standardized Smoking Prevalence,190,Uganda,1,Male,29,15+ years,2005,0.210720094,0.222031487,0.20052257
Age-Standardized Smoking Prevalence,190,Uganda,2,Female,29,15+ years,2005,0.053857807,0.063410579,0.045608678
Age-Standardized Smoking Prevalence,190,Uganda,3,Both,29,15+ years,2005,0.128277071,0.1351579,0.121672511
Age-Standardized Smoking Prevalence,190,Uganda,1,Male,29,15+ years,2006,0.206041746,0.216819631,0.196568152
Age-Standardized Smoking Prevalence,190,Uganda,2,Female,29,15+ years,2006,0.05372201,0.062852158,0.04589715
Age-Standardized Smoking Prevalence,190,Uganda,3,Both,29,15+ years,2006,0.125934469,0.132575999,0.119661137
Age-Standardized Smoking Prevalence,190,Uganda,1,Male,29,15+ years,2007,0.199430651,0.209466097,0.190368043
Age-Standardized Smoking Prevalence,190,Uganda,2,Female,29,15+ years,2007,0.053620963,0.062090856,0.046145785
Age-Standardized Smoking Prevalence,190,Uganda,3,Both,29,15+ years,2007,0.122693313,0.129462579,0.116828097
Age-Standardized Smoking Prevalence,190,Uganda,1,Male,29,15+ years,2008,0.192454887,0.201653655,0.183493541
Age-Standardized Smoking Prevalence,190,Uganda,2,Female,29,15+ years,2008,0.052997098,0.061224588,0.045851057
Age-Standardized Smoking Prevalence,190,Uganda,3,Both,29,15+ years,2008,0.119002442,0.125516525,0.113385561
Age-Standardized Smoking Prevalence,190,Uganda,1,Male,29,15+ years,2009,0.184819144,0.19395272,0.176215024
Age-Standardized Smoking Prevalence,190,Uganda,2,Female,29,15+ years,2009,0.052053802,0.06014355,0.045181918
Age-Standardized Smoking Prevalence,190,Uganda,3,Both,29,15+ years,2009,0.114833552,0.121012676,0.109121768
Age-Standardized Smoking Prevalence,190,Uganda,1,Male,29,15+ years,2010,0.177969872,0.186825194,0.169597859
Age-Standardized Smoking Prevalence,190,Uganda,2,Female,29,15+ years,2010,0.051116181,0.058754284,0.044381838
Age-Standardized Smoking Prevalence,190,Uganda,3,Both,29,15+ years,2010,0.111037441,0.117010546,0.105312992
Age-Standardized Smoking Prevalence,190,Uganda,1,Male,29,15+ years,2011,0.172291788,0.180991722,0.164275343
Age-Standardized Smoking Prevalence,190,Uganda,2,Female,29,15+ years,2011,0.050268203,0.057640341,0.043609522
Age-Standardized Smoking Prevalence,190,Uganda,3,Both,29,15+ years,2011,0.107854235,0.113650824,0.102481805
Age-Standardized Smoking Prevalence,190,Uganda,1,Male,29,15+ years,2012,0.166684416,0.175025377,0.158744622
Age-Standardized Smoking Prevalence,190,Uganda,2,Female,29,15+ years,2012,0.049254128,0.056929522,0.042548151
Age-Standardized Smoking Prevalence,190,Uganda,3,Both,29,15+ years,2012,0.10461913,0.110423288,0.099325768
Age-Standardized Smoking Prevalence,190,Uganda,1,Male,29,15+ years,2013,0.161257615,0.169477371,0.153297732
Age-Standardized Smoking Prevalence,190,Uganda,2,Female,29,15+ years,2013,0.048089395,0.055807491,0.041485181
Age-Standardized Smoking Prevalence,190,Uganda,3,Both,29,15+ years,2013,0.101385532,0.107199623,0.095948538
Age-Standardized Smoking Prevalence,190,Uganda,1,Male,29,15+ years,2014,0.157495042,0.165807804,0.149647968
Age-Standardized Smoking Prevalence,190,Uganda,2,Female,29,15+ years,2014,0.046962121,0.054671512,0.040310994
Age-Standardized Smoking Prevalence,190,Uganda,3,Both,29,15+ years,2014,0.098946268,0.104980146,0.09354546
Age-Standardized Smoking Prevalence,190,Uganda,1,Male,29,15+ years,2015,0.153999117,0.162729108,0.146102067
Age-Standardized Smoking Prevalence,190,Uganda,2,Female,29,15+ years,2015,0.045624468,0.053423513,0.038828972
Age-Standardized Smoking Prevalence,190,Uganda,3,Both,29,15+ years,2015,0.096536079,0.102507645,0.091321091
Age-Standardized Smoking Prevalence,190,Uganda,1,Male,29,15+ years,2016,0.150923884,0.159943592,0.142634469
Age-Standardized Smoking Prevalence,190,Uganda,2,Female,29,15+ years,2016,0.044351747,0.052119134,0.037460122
Age-Standardized Smoking Prevalence,190,Uganda,3,Both,29,15+ years,2016,0.094373882,0.100336876,0.089223729
Age-Standardized Smoking Prevalence,190,Uganda,1,Male,29,15+ years,2017,0.148712337,0.157913231,0.140031536
Age-Standardized Smoking Prevalence,190,Uganda,2,Female,29,15+ years,2017,0.043411479,0.051505735,0.036377306
Age-Standardized Smoking Prevalence,190,Uganda,3,Both,29,15+ years,2017,0.092801629,0.098696046,0.087398732
Age-Standardized Smoking Prevalence,190,Uganda,1,Male,29,15+ years,2018,0.146957931,0.156173503,0.137749371
Age-Standardized Smoking Prevalence,190,Uganda,2,Female,29,15+ years,2018,0.042573424,0.050539724,0.035372539
Age-Standardized Smoking Prevalence,190,Uganda,3,Both,29,15+ years,2018,0.091504324,0.097992871,0.085848891
Age-Standardized Smoking Prevalence,190,Uganda,1,Male,29,15+ years,2019,0.1457067,0.155815211,0.136004445
Age-Standardized Smoking Prevalence,190,Uganda,2,Female,29,15+ years,2019,0.041816832,0.050199095,0.034312819
Age-Standardized Smoking Prevalence,190,Uganda,3,Both,29,15+ years,2019,0.09049279,0.097067616,0.084617655
Age-Standardized Smoking Prevalence,191,Zambia,1,Male,29,15+ years,1990,0.252344338,0.274044602,0.230599787
Age-Standardized Smoking Prevalence,191,Zambia,2,Female,29,15+ years,1990,0.065401456,0.079280778,0.052315335
Age-Standardized Smoking Prevalence,191,Zambia,3,Both,29,15+ years,1990,0.156809658,0.168987262,0.144344696
Age-Standardized Smoking Prevalence,191,Zambia,1,Male,29,15+ years,1991,0.250477001,0.270713393,0.229983835
Age-Standardized Smoking Prevalence,191,Zambia,2,Female,29,15+ years,1991,0.066368884,0.080741417,0.053250098
Age-Standardized Smoking Prevalence,191,Zambia,3,Both,29,15+ years,1991,0.156480856,0.168342027,0.144794018
Age-Standardized Smoking Prevalence,191,Zambia,1,Male,29,15+ years,1992,0.248956275,0.268639058,0.228868629
Age-Standardized Smoking Prevalence,191,Zambia,2,Female,29,15+ years,1992,0.067491088,0.082257275,0.054346227
Age-Standardized Smoking Prevalence,191,Zambia,3,Both,29,15+ years,1992,0.156387123,0.168219707,0.145002913
Age-Standardized Smoking Prevalence,191,Zambia,1,Male,29,15+ years,1993,0.247625824,0.266454765,0.228338977
Age-Standardized Smoking Prevalence,191,Zambia,2,Female,29,15+ years,1993,0.068711078,0.083536069,0.0555277
Age-Standardized Smoking Prevalence,191,Zambia,3,Both,29,15+ years,1993,0.156421709,0.167879795,0.145021894
Age-Standardized Smoking Prevalence,191,Zambia,1,Male,29,15+ years,1994,0.245835166,0.263546148,0.227131248
Age-Standardized Smoking Prevalence,191,Zambia,2,Female,29,15+ years,1994,0.069849961,0.084746467,0.057140461
Age-Standardized Smoking Prevalence,191,Zambia,3,Both,29,15+ years,1994,0.156176391,0.167341149,0.144887503
Age-Standardized Smoking Prevalence,191,Zambia,1,Male,29,15+ years,1995,0.245156193,0.26234343,0.227622105
Age-Standardized Smoking Prevalence,191,Zambia,2,Female,29,15+ years,1995,0.071307046,0.086561007,0.05872756
Age-Standardized Smoking Prevalence,191,Zambia,3,Both,29,15+ years,1995,0.156628089,0.167733566,0.145719693
Age-Standardized Smoking Prevalence,191,Zambia,1,Male,29,15+ years,1996,0.244686308,0.261269407,0.227963792
Age-Standardized Smoking Prevalence,191,Zambia,2,Female,29,15+ years,1996,0.072840111,0.088348239,0.060536637
Age-Standardized Smoking Prevalence,191,Zambia,3,Both,29,15+ years,1996,0.157226161,0.168037543,0.146559388
Age-Standardized Smoking Prevalence,191,Zambia,1,Male,29,15+ years,1997,0.243778333,0.259882153,0.227912515
Age-Standardized Smoking Prevalence,191,Zambia,2,Female,29,15+ years,1997,0.074223954,0.089349047,0.062076715
Age-Standardized Smoking Prevalence,191,Zambia,3,Both,29,15+ years,1997,0.157537409,0.168069474,0.14726115
Age-Standardized Smoking Prevalence,191,Zambia,1,Male,29,15+ years,1998,0.24298261,0.259021968,0.228288052
Age-Standardized Smoking Prevalence,191,Zambia,2,Female,29,15+ years,1998,0.075583196,0.089892213,0.063526462
Age-Standardized Smoking Prevalence,191,Zambia,3,Both,29,15+ years,1998,0.157897731,0.168206195,0.14789551
Age-Standardized Smoking Prevalence,191,Zambia,1,Male,29,15+ years,1999,0.242753721,0.258151714,0.228457717
Age-Standardized Smoking Prevalence,191,Zambia,2,Female,29,15+ years,1999,0.077034519,0.091393375,0.064980517
Age-Standardized Smoking Prevalence,191,Zambia,3,Both,29,15+ years,1999,0.158591019,0.168825672,0.148849249
Age-Standardized Smoking Prevalence,191,Zambia,1,Male,29,15+ years,2000,0.243367398,0.257683885,0.229587954
Age-Standardized Smoking Prevalence,191,Zambia,2,Female,29,15+ years,2000,0.078621414,0.092588417,0.066940784
Age-Standardized Smoking Prevalence,191,Zambia,3,Both,29,15+ years,2000,0.15977203,0.169655984,0.150159873
Age-Standardized Smoking Prevalence,191,Zambia,1,Male,29,15+ years,2001,0.245084525,0.258752153,0.232571393
Age-Standardized Smoking Prevalence,191,Zambia,2,Female,29,15+ years,2001,0.080382344,0.09418661,0.068850781
Age-Standardized Smoking Prevalence,191,Zambia,3,Both,29,15+ years,2001,0.16160449,0.171077279,0.152485664
Age-Standardized Smoking Prevalence,191,Zambia,1,Male,29,15+ years,2002,0.249737603,0.262771533,0.237649799
Age-Standardized Smoking Prevalence,191,Zambia,2,Female,29,15+ years,2002,0.083048256,0.096626013,0.071603769
Age-Standardized Smoking Prevalence,191,Zambia,3,Both,29,15+ years,2002,0.165360155,0.174744009,0.15632311
Age-Standardized Smoking Prevalence,191,Zambia,1,Male,29,15+ years,2003,0.254908622,0.266953233,0.242713398
Age-Standardized Smoking Prevalence,191,Zambia,2,Female,29,15+ years,2003,0.085705091,0.099209761,0.074218227
Age-Standardized Smoking Prevalence,191,Zambia,3,Both,29,15+ years,2003,0.169375778,0.178620652,0.160747646
Age-Standardized Smoking Prevalence,191,Zambia,1,Male,29,15+ years,2004,0.26069582,0.273054225,0.248396354
Age-Standardized Smoking Prevalence,191,Zambia,2,Female,29,15+ years,2004,0.087514958,0.100965129,0.075921157
Age-Standardized Smoking Prevalence,191,Zambia,3,Both,29,15+ years,2004,0.173268332,0.182340833,0.164564383
Age-Standardized Smoking Prevalence,191,Zambia,1,Male,29,15+ years,2005,0.26688209,0.278754654,0.254679406
Age-Standardized Smoking Prevalence,191,Zambia,2,Female,29,15+ years,2005,0.089279131,0.102731244,0.077682609
Age-Standardized Smoking Prevalence,191,Zambia,3,Both,29,15+ years,2005,0.177328746,0.186259443,0.169244545
Age-Standardized Smoking Prevalence,191,Zambia,1,Male,29,15+ years,2006,0.273110623,0.285154423,0.26133275
Age-Standardized Smoking Prevalence,191,Zambia,2,Female,29,15+ years,2006,0.090835923,0.104460106,0.079150056
Age-Standardized Smoking Prevalence,191,Zambia,3,Both,29,15+ years,2006,0.181311856,0.190439825,0.173702254
Age-Standardized Smoking Prevalence,191,Zambia,1,Male,29,15+ years,2007,0.276499534,0.288136715,0.264371539
Age-Standardized Smoking Prevalence,191,Zambia,2,Female,29,15+ years,2007,0.090777099,0.104415202,0.079415128
Age-Standardized Smoking Prevalence,191,Zambia,3,Both,29,15+ years,2007,0.183055415,0.192018057,0.175199765
Age-Standardized Smoking Prevalence,191,Zambia,1,Male,29,15+ years,2008,0.277588962,0.28894418,0.265949948
Age-Standardized Smoking Prevalence,191,Zambia,2,Female,29,15+ years,2008,0.089612501,0.103303551,0.078015382
Age-Standardized Smoking Prevalence,191,Zambia,3,Both,29,15+ years,2008,0.183059719,0.191965174,0.175270013
Age-Standardized Smoking Prevalence,191,Zambia,1,Male,29,15+ years,2009,0.277621152,0.288455,0.265897067
Age-Standardized Smoking Prevalence,191,Zambia,2,Female,29,15+ years,2009,0.087852727,0.101601651,0.076336929
Age-Standardized Smoking Prevalence,191,Zambia,3,Both,29,15+ years,2009,0.182213168,0.19118594,0.174385362
Age-Standardized Smoking Prevalence,191,Zambia,1,Male,29,15+ years,2010,0.276785891,0.287627521,0.264884537
Age-Standardized Smoking Prevalence,191,Zambia,2,Female,29,15+ years,2010,0.085541879,0.099301536,0.073948654
Age-Standardized Smoking Prevalence,191,Zambia,3,Both,29,15+ years,2010,0.180643212,0.189562873,0.172565071
Age-Standardized Smoking Prevalence,191,Zambia,1,Male,29,15+ years,2011,0.275403125,0.286457661,0.263372573
Age-Standardized Smoking Prevalence,191,Zambia,2,Female,29,15+ years,2011,0.082793991,0.096570941,0.071513765
Age-Standardized Smoking Prevalence,191,Zambia,3,Both,29,15+ years,2011,0.178584175,0.187173675,0.170324796
Age-Standardized Smoking Prevalence,191,Zambia,1,Male,29,15+ years,2012,0.272849774,0.284133145,0.26108463
Age-Standardized Smoking Prevalence,191,Zambia,2,Female,29,15+ years,2012,0.079112968,0.09213273,0.067715876
Age-Standardized Smoking Prevalence,191,Zambia,3,Both,29,15+ years,2012,0.175472199,0.183829652,0.167052178
Age-Standardized Smoking Prevalence,191,Zambia,1,Male,29,15+ years,2013,0.269822812,0.28095999,0.257684105
Age-Standardized Smoking Prevalence,191,Zambia,2,Female,29,15+ years,2013,0.075075902,0.08787379,0.063834086
Age-Standardized Smoking Prevalence,191,Zambia,3,Both,29,15+ years,2013,0.171955986,0.179955312,0.163719805
Age-Standardized Smoking Prevalence,191,Zambia,1,Male,29,15+ years,2014,0.268182974,0.279600409,0.25590372
Age-Standardized Smoking Prevalence,191,Zambia,2,Female,29,15+ years,2014,0.071826012,0.08464535,0.060587022
Age-Standardized Smoking Prevalence,191,Zambia,3,Both,29,15+ years,2014,0.169526841,0.177455671,0.161207164
Age-Standardized Smoking Prevalence,191,Zambia,1,Male,29,15+ years,2015,0.266652614,0.278245836,0.254366458
Age-Standardized Smoking Prevalence,191,Zambia,2,Female,29,15+ years,2015,0.068562225,0.080899055,0.057398216
Age-Standardized Smoking Prevalence,191,Zambia,3,Both,29,15+ years,2015,0.167125578,0.175429093,0.158736479
Age-Standardized Smoking Prevalence,191,Zambia,1,Male,29,15+ years,2016,0.26531394,0.277121954,0.252937521
Age-Standardized Smoking Prevalence,191,Zambia,2,Female,29,15+ years,2016,0.06540999,0.078021495,0.054389139
Age-Standardized Smoking Prevalence,191,Zambia,3,Both,29,15+ years,2016,0.164869782,0.173519148,0.156425506
Age-Standardized Smoking Prevalence,191,Zambia,1,Male,29,15+ years,2017,0.264234358,0.276882729,0.251482384
Age-Standardized Smoking Prevalence,191,Zambia,2,Female,29,15+ years,2017,0.06242905,0.074703246,0.051520274
Age-Standardized Smoking Prevalence,191,Zambia,3,Both,29,15+ years,2017,0.162812253,0.171523589,0.154359146
Age-Standardized Smoking Prevalence,191,Zambia,1,Male,29,15+ years,2018,0.2634767,0.276894423,0.250246444
Age-Standardized Smoking Prevalence,191,Zambia,2,Female,29,15+ years,2018,0.060180675,0.071937413,0.049426026
Age-Standardized Smoking Prevalence,191,Zambia,3,Both,29,15+ years,2018,0.161275931,0.170244573,0.15276338
Age-Standardized Smoking Prevalence,191,Zambia,1,Male,29,15+ years,2019,0.26300905,0.27678489,0.249270171
Age-Standardized Smoking Prevalence,191,Zambia,2,Female,29,15+ years,2019,0.058178473,0.069870091,0.047469666
Age-Standardized Smoking Prevalence,191,Zambia,3,Both,29,15+ years,2019,0.159993534,0.16936316,0.151130025
Age-Standardized Smoking Prevalence,194,Lesotho,1,Male,29,15+ years,1990,0.320993729,0.347549866,0.294977234
Age-Standardized Smoking Prevalence,194,Lesotho,2,Female,29,15+ years,1990,0.018065048,0.023820868,0.013568835
Age-Standardized Smoking Prevalence,194,Lesotho,3,Both,29,15+ years,1990,0.163489916,0.176899334,0.150642781
Age-Standardized Smoking Prevalence,194,Lesotho,1,Male,29,15+ years,1991,0.317048364,0.343124402,0.292062894
Age-Standardized Smoking Prevalence,194,Lesotho,2,Female,29,15+ years,1991,0.018025171,0.023878958,0.013473837
Age-Standardized Smoking Prevalence,194,Lesotho,3,Both,29,15+ years,1991,0.161500824,0.174661849,0.148869778
Age-Standardized Smoking Prevalence,194,Lesotho,1,Male,29,15+ years,1992,0.313348276,0.338014958,0.28889276
Age-Standardized Smoking Prevalence,194,Lesotho,2,Female,29,15+ years,1992,0.018013561,0.023907371,0.013333542
Age-Standardized Smoking Prevalence,194,Lesotho,3,Both,29,15+ years,1992,0.159648789,0.172300076,0.147451823
Age-Standardized Smoking Prevalence,194,Lesotho,1,Male,29,15+ years,1993,0.310011426,0.334220235,0.286514459
Age-Standardized Smoking Prevalence,194,Lesotho,2,Female,29,15+ years,1993,0.018030986,0.023819487,0.013287633
Age-Standardized Smoking Prevalence,194,Lesotho,3,Both,29,15+ years,1993,0.157981607,0.170327174,0.146041646
Age-Standardized Smoking Prevalence,194,Lesotho,1,Male,29,15+ years,1994,0.307155562,0.331173283,0.283313946
Age-Standardized Smoking Prevalence,194,Lesotho,2,Female,29,15+ years,1994,0.018083917,0.023757577,0.013275894
Age-Standardized Smoking Prevalence,194,Lesotho,3,Both,29,15+ years,1994,0.15654427,0.168487963,0.144878818
Age-Standardized Smoking Prevalence,194,Lesotho,1,Male,29,15+ years,1995,0.304890543,0.327476856,0.281140192
Age-Standardized Smoking Prevalence,194,Lesotho,2,Female,29,15+ years,1995,0.018156121,0.023843308,0.013222285
Age-Standardized Smoking Prevalence,194,Lesotho,3,Both,29,15+ years,1995,0.155366613,0.166718833,0.143959301
Age-Standardized Smoking Prevalence,194,Lesotho,1,Male,29,15+ years,1996,0.303197841,0.325782281,0.279729682
Age-Standardized Smoking Prevalence,194,Lesotho,2,Female,29,15+ years,1996,0.018227073,0.023835622,0.013311602
Age-Standardized Smoking Prevalence,194,Lesotho,3,Both,29,15+ years,1996,0.154422741,0.16565913,0.14323906
Age-Standardized Smoking Prevalence,194,Lesotho,1,Male,29,15+ years,1997,0.302408784,0.324648562,0.279444895
Age-Standardized Smoking Prevalence,194,Lesotho,2,Female,29,15+ years,1997,0.018362668,0.023846758,0.013606114
Age-Standardized Smoking Prevalence,194,Lesotho,3,Both,29,15+ years,1997,0.153886079,0.164836984,0.142708711
Age-Standardized Smoking Prevalence,194,Lesotho,1,Male,29,15+ years,1998,0.302635099,0.324691908,0.280175529
Age-Standardized Smoking Prevalence,194,Lesotho,2,Female,29,15+ years,1998,0.01856511,0.023962427,0.013787792
Age-Standardized Smoking Prevalence,194,Lesotho,3,Both,29,15+ years,1998,0.153832609,0.164274979,0.143046834
Age-Standardized Smoking Prevalence,194,Lesotho,1,Male,29,15+ years,1999,0.303975205,0.325819643,0.282291616
Age-Standardized Smoking Prevalence,194,Lesotho,2,Female,29,15+ years,1999,0.018836863,0.024132816,0.014180539
Age-Standardized Smoking Prevalence,194,Lesotho,3,Both,29,15+ years,1999,0.15434363,0.164496724,0.144020279
Age-Standardized Smoking Prevalence,194,Lesotho,1,Male,29,15+ years,2000,0.306418972,0.326831057,0.2860487
Age-Standardized Smoking Prevalence,194,Lesotho,2,Female,29,15+ years,2000,0.019169547,0.024452692,0.014429525
Age-Standardized Smoking Prevalence,194,Lesotho,3,Both,29,15+ years,2000,0.155442781,0.165119984,0.145631396
Age-Standardized Smoking Prevalence,194,Lesotho,1,Male,29,15+ years,2001,0.309911852,0.32909088,0.28998651
Age-Standardized Smoking Prevalence,194,Lesotho,2,Female,29,15+ years,2001,0.019546861,0.024723985,0.014803002
Age-Standardized Smoking Prevalence,194,Lesotho,3,Both,29,15+ years,2001,0.15709817,0.166330055,0.147569376
Age-Standardized Smoking Prevalence,194,Lesotho,1,Male,29,15+ years,2002,0.314393114,0.332428839,0.295581298
Age-Standardized Smoking Prevalence,194,Lesotho,2,Female,29,15+ years,2002,0.01995383,0.024941104,0.015145122
Age-Standardized Smoking Prevalence,194,Lesotho,3,Both,29,15+ years,2002,0.159270219,0.167803259,0.150309815
Age-Standardized Smoking Prevalence,194,Lesotho,1,Male,29,15+ years,2003,0.319480115,0.336769229,0.301444152
Age-Standardized Smoking Prevalence,194,Lesotho,2,Female,29,15+ years,2003,0.02023481,0.025412632,0.01543909
Age-Standardized Smoking Prevalence,194,Lesotho,3,Both,29,15+ years,2003,0.16174136,0.169862574,0.153003511
Age-Standardized Smoking Prevalence,194,Lesotho,1,Male,29,15+ years,2004,0.32493988,0.341466341,0.308086353
Age-Standardized Smoking Prevalence,194,Lesotho,2,Female,29,15+ years,2004,0.020286235,0.025637853,0.015635777
Age-Standardized Smoking Prevalence,194,Lesotho,3,Both,29,15+ years,2004,0.164382018,0.17234077,0.156082998
Age-Standardized Smoking Prevalence,194,Lesotho,1,Male,29,15+ years,2005,0.332811015,0.348807254,0.316968381
Age-Standardized Smoking Prevalence,194,Lesotho,2,Female,29,15+ years,2005,0.020483022,0.025986138,0.01590048
Age-Standardized Smoking Prevalence,194,Lesotho,3,Both,29,15+ years,2005,0.16834007,0.176205952,0.16057906
Age-Standardized Smoking Prevalence,194,Lesotho,1,Male,29,15+ years,2006,0.341526424,0.356745811,0.326057835
Age-Standardized Smoking Prevalence,194,Lesotho,2,Female,29,15+ years,2006,0.020650081,0.026297921,0.016087273
Age-Standardized Smoking Prevalence,194,Lesotho,3,Both,29,15+ years,2006,0.172770113,0.180264049,0.165142996
Age-Standardized Smoking Prevalence,194,Lesotho,1,Male,29,15+ years,2007,0.350480174,0.365250613,0.335290743
Age-Standardized Smoking Prevalence,194,Lesotho,2,Female,29,15+ years,2007,0.020699899,0.026390271,0.016155657
Age-Standardized Smoking Prevalence,194,Lesotho,3,Both,29,15+ years,2007,0.177360806,0.184639947,0.169961744
Age-Standardized Smoking Prevalence,194,Lesotho,1,Male,29,15+ years,2008,0.35943481,0.37394352,0.344789603
Age-Standardized Smoking Prevalence,194,Lesotho,2,Female,29,15+ years,2008,0.020574697,0.026234167,0.016127482
Age-Standardized Smoking Prevalence,194,Lesotho,3,Both,29,15+ years,2008,0.181964075,0.189245216,0.174831866
Age-Standardized Smoking Prevalence,194,Lesotho,1,Male,29,15+ years,2009,0.368261862,0.382718147,0.354341092
Age-Standardized Smoking Prevalence,194,Lesotho,2,Female,29,15+ years,2009,0.020224821,0.025833576,0.01585738
Age-Standardized Smoking Prevalence,194,Lesotho,3,Both,29,15+ years,2009,0.186433791,0.193654746,0.179711757
Age-Standardized Smoking Prevalence,194,Lesotho,1,Male,29,15+ years,2010,0.377816174,0.391991953,0.364709976
Age-Standardized Smoking Prevalence,194,Lesotho,2,Female,29,15+ years,2010,0.020016356,0.02557765,0.015615225
Age-Standardized Smoking Prevalence,194,Lesotho,3,Both,29,15+ years,2010,0.191284598,0.198427846,0.184697557
Age-Standardized Smoking Prevalence,194,Lesotho,1,Male,29,15+ years,2011,0.386595171,0.400707464,0.373974198
Age-Standardized Smoking Prevalence,194,Lesotho,2,Female,29,15+ years,2011,0.019736315,0.025334999,0.015356258
Age-Standardized Smoking Prevalence,194,Lesotho,3,Both,29,15+ years,2011,0.195747927,0.202916136,0.188847403
Age-Standardized Smoking Prevalence,194,Lesotho,1,Male,29,15+ years,2012,0.394678227,0.408371198,0.381912866
Age-Standardized Smoking Prevalence,194,Lesotho,2,Female,29,15+ years,2012,0.019477383,0.024992726,0.015058264
Age-Standardized Smoking Prevalence,194,Lesotho,3,Both,29,15+ years,2012,0.199912916,0.207142021,0.19318575
Age-Standardized Smoking Prevalence,194,Lesotho,1,Male,29,15+ years,2013,0.400637348,0.414736666,0.38721792
Age-Standardized Smoking Prevalence,194,Lesotho,2,Female,29,15+ years,2013,0.019306222,0.024791779,0.014794331
Age-Standardized Smoking Prevalence,194,Lesotho,3,Both,29,15+ years,2013,0.203145524,0.21055077,0.196492036
Age-Standardized Smoking Prevalence,194,Lesotho,1,Male,29,15+ years,2014,0.405739571,0.420250268,0.391669686
Age-Standardized Smoking Prevalence,194,Lesotho,2,Female,29,15+ years,2014,0.019104613,0.024406763,0.014596941
Age-Standardized Smoking Prevalence,194,Lesotho,3,Both,29,15+ years,2014,0.205951831,0.213411536,0.198860997
Age-Standardized Smoking Prevalence,194,Lesotho,1,Male,29,15+ years,2015,0.409095681,0.424668795,0.39423922
Age-Standardized Smoking Prevalence,194,Lesotho,2,Female,29,15+ years,2015,0.019013963,0.024590942,0.014477246
Age-Standardized Smoking Prevalence,194,Lesotho,3,Both,29,15+ years,2015,0.207984209,0.216212822,0.200418174
Age-Standardized Smoking Prevalence,194,Lesotho,1,Male,29,15+ years,2016,0.411657314,0.427853717,0.395413084
Age-Standardized Smoking Prevalence,194,Lesotho,2,Female,29,15+ years,2016,0.018913223,0.024422518,0.014447065
Age-Standardized Smoking Prevalence,194,Lesotho,3,Both,29,15+ years,2016,0.209625835,0.218060518,0.201484934
Age-Standardized Smoking Prevalence,194,Lesotho,1,Male,29,15+ years,2017,0.413490638,0.43131741,0.395620138
Age-Standardized Smoking Prevalence,194,Lesotho,2,Female,29,15+ years,2017,0.018800974,0.024212756,0.014444803
Age-Standardized Smoking Prevalence,194,Lesotho,3,Both,29,15+ years,2017,0.210856304,0.220084775,0.201968084
Age-Standardized Smoking Prevalence,194,Lesotho,1,Male,29,15+ years,2018,0.41459193,0.433152588,0.396306154
Age-Standardized Smoking Prevalence,194,Lesotho,2,Female,29,15+ years,2018,0.018654187,0.024257485,0.014288145
Age-Standardized Smoking Prevalence,194,Lesotho,3,Both,29,15+ years,2018,0.211661203,0.221397201,0.202088335
Age-Standardized Smoking Prevalence,194,Lesotho,1,Male,29,15+ years,2019,0.415083092,0.435012524,0.39589532
Age-Standardized Smoking Prevalence,194,Lesotho,2,Female,29,15+ years,2019,0.018495908,0.024210762,0.014158884
Age-Standardized Smoking Prevalence,194,Lesotho,3,Both,29,15+ years,2019,0.212142723,0.222549964,0.202219655
Age-Standardized Smoking Prevalence,195,Namibia,1,Male,29,15+ years,1990,0.299738771,0.321086555,0.277696468
Age-Standardized Smoking Prevalence,195,Namibia,2,Female,29,15+ years,1990,0.144477821,0.172136576,0.120597239
Age-Standardized Smoking Prevalence,195,Namibia,3,Both,29,15+ years,1990,0.218552102,0.236729836,0.202228246
Age-Standardized Smoking Prevalence,195,Namibia,1,Male,29,15+ years,1991,0.295180821,0.315529903,0.273644778
Age-Standardized Smoking Prevalence,195,Namibia,2,Female,29,15+ years,1991,0.143608995,0.170209537,0.120422299
Age-Standardized Smoking Prevalence,195,Namibia,3,Both,29,15+ years,1991,0.215768075,0.233709094,0.200336495
Age-Standardized Smoking Prevalence,195,Namibia,1,Male,29,15+ years,1992,0.290880718,0.310942099,0.27028917
Age-Standardized Smoking Prevalence,195,Namibia,2,Female,29,15+ years,1992,0.142864065,0.167798739,0.120645272
Age-Standardized Smoking Prevalence,195,Namibia,3,Both,29,15+ years,1992,0.213197801,0.230393629,0.198148204
Age-Standardized Smoking Prevalence,195,Namibia,1,Male,29,15+ years,1993,0.286818502,0.306652024,0.267326011
Age-Standardized Smoking Prevalence,195,Namibia,2,Female,29,15+ years,1993,0.142238296,0.165632282,0.121278883
Age-Standardized Smoking Prevalence,195,Namibia,3,Both,29,15+ years,1993,0.210833125,0.226785965,0.196300242
Age-Standardized Smoking Prevalence,195,Namibia,1,Male,29,15+ years,1994,0.283098533,0.30215355,0.264815056
Age-Standardized Smoking Prevalence,195,Namibia,2,Female,29,15+ years,1994,0.14176745,0.163825651,0.12221097
Age-Standardized Smoking Prevalence,195,Namibia,3,Both,29,15+ years,1994,0.20873942,0.224071038,0.194953455
Age-Standardized Smoking Prevalence,195,Namibia,1,Male,29,15+ years,1995,0.279791793,0.297962948,0.262069644
Age-Standardized Smoking Prevalence,195,Namibia,2,Female,29,15+ years,1995,0.141492619,0.162280983,0.122323554
Age-Standardized Smoking Prevalence,195,Namibia,3,Both,29,15+ years,1995,0.206966973,0.221502918,0.19389242
Age-Standardized Smoking Prevalence,195,Namibia,1,Male,29,15+ years,1996,0.276935541,0.294042829,0.260270006
Age-Standardized Smoking Prevalence,195,Namibia,2,Female,29,15+ years,1996,0.14143852,0.160579087,0.123138745
Age-Standardized Smoking Prevalence,195,Namibia,3,Both,29,15+ years,1996,0.205527098,0.219099437,0.192753462
Age-Standardized Smoking Prevalence,195,Namibia,1,Male,29,15+ years,1997,0.274509612,0.290981366,0.258840549
Age-Standardized Smoking Prevalence,195,Namibia,2,Female,29,15+ years,1997,0.14154405,0.159498936,0.124409608
Age-Standardized Smoking Prevalence,195,Namibia,3,Both,29,15+ years,1997,0.204400735,0.217140404,0.192296667
Age-Standardized Smoking Prevalence,195,Namibia,1,Male,29,15+ years,1998,0.272113281,0.287714812,0.257057671
Age-Standardized Smoking Prevalence,195,Namibia,2,Female,29,15+ years,1998,0.141612254,0.158607054,0.125590086
Age-Standardized Smoking Prevalence,195,Namibia,3,Both,29,15+ years,1998,0.203292609,0.214857901,0.192071683
Age-Standardized Smoking Prevalence,195,Namibia,1,Male,29,15+ years,1999,0.270200136,0.284363907,0.256248227
Age-Standardized Smoking Prevalence,195,Namibia,2,Female,29,15+ years,1999,0.14181185,0.158038319,0.126372486
Age-Standardized Smoking Prevalence,195,Namibia,3,Both,29,15+ years,1999,0.202504081,0.213409366,0.191656443
Age-Standardized Smoking Prevalence,195,Namibia,1,Male,29,15+ years,2000,0.268488873,0.281932215,0.254717559
Age-Standardized Smoking Prevalence,195,Namibia,2,Female,29,15+ years,2000,0.142031915,0.157663072,0.127159461
Age-Standardized Smoking Prevalence,195,Namibia,3,Both,29,15+ years,2000,0.201840487,0.211785111,0.191860803
Age-Standardized Smoking Prevalence,195,Namibia,1,Male,29,15+ years,2001,0.268383703,0.281258349,0.255260087
Age-Standardized Smoking Prevalence,195,Namibia,2,Female,29,15+ years,2001,0.142524707,0.157509071,0.128243929
Age-Standardized Smoking Prevalence,195,Namibia,3,Both,29,15+ years,2001,0.202088213,0.21214877,0.192826261
Age-Standardized Smoking Prevalence,195,Namibia,1,Male,29,15+ years,2002,0.268305452,0.280547686,0.255814774
Age-Standardized Smoking Prevalence,195,Namibia,2,Female,29,15+ years,2002,0.14294859,0.157370447,0.12950331
Age-Standardized Smoking Prevalence,195,Namibia,3,Both,29,15+ years,2002,0.202307934,0.212177331,0.193192051
Age-Standardized Smoking Prevalence,195,Namibia,1,Male,29,15+ years,2003,0.268569698,0.280038272,0.256365975
Age-Standardized Smoking Prevalence,195,Namibia,2,Female,29,15+ years,2003,0.143483167,0.15748687,0.130212295
Age-Standardized Smoking Prevalence,195,Namibia,3,Both,29,15+ years,2003,0.202742015,0.212149488,0.193850329
Age-Standardized Smoking Prevalence,195,Namibia,1,Male,29,15+ years,2004,0.267108532,0.278106404,0.255208632
Age-Standardized Smoking Prevalence,195,Namibia,2,Female,29,15+ years,2004,0.142738967,0.156243327,0.12958955
Age-Standardized Smoking Prevalence,195,Namibia,3,Both,29,15+ years,2004,0.201671455,0.21120082,0.192706075
Age-Standardized Smoking Prevalence,195,Namibia,1,Male,29,15+ years,2005,0.265069085,0.276457297,0.252870124
Age-Standardized Smoking Prevalence,195,Namibia,2,Female,29,15+ years,2005,0.141360445,0.155015656,0.128335746
Age-Standardized Smoking Prevalence,195,Namibia,3,Both,29,15+ years,2005,0.199971313,0.209151054,0.190992979
Age-Standardized Smoking Prevalence,195,Namibia,1,Male,29,15+ years,2006,0.262988446,0.274059768,0.251225683
Age-Standardized Smoking Prevalence,195,Namibia,2,Female,29,15+ years,2006,0.139809877,0.153796128,0.126495185
Age-Standardized Smoking Prevalence,195,Namibia,3,Both,29,15+ years,2006,0.198152981,0.207226172,0.188806768
Age-Standardized Smoking Prevalence,195,Namibia,1,Male,29,15+ years,2007,0.260483015,0.271743256,0.248603154
Age-Standardized Smoking Prevalence,195,Namibia,2,Female,29,15+ years,2007,0.138013922,0.152904374,0.124688346
Age-Standardized Smoking Prevalence,195,Namibia,3,Both,29,15+ years,2007,0.195995644,0.205705269,0.186609303
Age-Standardized Smoking Prevalence,195,Namibia,1,Male,29,15+ years,2008,0.256527329,0.268056603,0.24477962
Age-Standardized Smoking Prevalence,195,Namibia,2,Female,29,15+ years,2008,0.134915708,0.150553721,0.120847774
Age-Standardized Smoking Prevalence,195,Namibia,3,Both,29,15+ years,2008,0.192464079,0.202668344,0.183117391
Age-Standardized Smoking Prevalence,195,Namibia,1,Male,29,15+ years,2009,0.251875694,0.263676608,0.240342034
Age-Standardized Smoking Prevalence,195,Namibia,2,Female,29,15+ years,2009,0.130958815,0.147096546,0.11659613
Age-Standardized Smoking Prevalence,195,Namibia,3,Both,29,15+ years,2009,0.188156364,0.198128667,0.178339081
Age-Standardized Smoking Prevalence,195,Namibia,1,Male,29,15+ years,2010,0.247767366,0.259746654,0.235999451
Age-Standardized Smoking Prevalence,195,Namibia,2,Female,29,15+ years,2010,0.126992524,0.143413502,0.112183668
Age-Standardized Smoking Prevalence,195,Namibia,3,Both,29,15+ years,2010,0.184105377,0.194217244,0.174137564
Age-Standardized Smoking Prevalence,195,Namibia,1,Male,29,15+ years,2011,0.243959828,0.256046785,0.232155139
Age-Standardized Smoking Prevalence,195,Namibia,2,Female,29,15+ years,2011,0.122996417,0.139977864,0.107984001
Age-Standardized Smoking Prevalence,195,Namibia,3,Both,29,15+ years,2011,0.180180161,0.190346025,0.169990672
Age-Standardized Smoking Prevalence,195,Namibia,1,Male,29,15+ years,2012,0.240608016,0.25286299,0.228798453
Age-Standardized Smoking Prevalence,195,Namibia,2,Female,29,15+ years,2012,0.119127605,0.136646517,0.103569139
Age-Standardized Smoking Prevalence,195,Namibia,3,Both,29,15+ years,2012,0.176536178,0.187072672,0.166390364
Age-Standardized Smoking Prevalence,195,Namibia,1,Male,29,15+ years,2013,0.237435119,0.249737445,0.225487559
Age-Standardized Smoking Prevalence,195,Namibia,2,Female,29,15+ years,2013,0.11542017,0.132890255,0.099171025
Age-Standardized Smoking Prevalence,195,Namibia,3,Both,29,15+ years,2013,0.173064855,0.183685862,0.16260615
Age-Standardized Smoking Prevalence,195,Namibia,1,Male,29,15+ years,2014,0.235993001,0.248652562,0.22382612
Age-Standardized Smoking Prevalence,195,Namibia,2,Female,29,15+ years,2014,0.113065041,0.130986177,0.096028297
Age-Standardized Smoking Prevalence,195,Namibia,3,Both,29,15+ years,2014,0.171129247,0.182016639,0.160351127
Age-Standardized Smoking Prevalence,195,Namibia,1,Male,29,15+ years,2015,0.235123987,0.2480605,0.222624529
Age-Standardized Smoking Prevalence,195,Namibia,2,Female,29,15+ years,2015,0.111250926,0.130167476,0.093840024
Age-Standardized Smoking Prevalence,195,Namibia,3,Both,29,15+ years,2015,0.169760953,0.181258868,0.158575928
Age-Standardized Smoking Prevalence,195,Namibia,1,Male,29,15+ years,2016,0.23456312,0.248111791,0.2214432
Age-Standardized Smoking Prevalence,195,Namibia,2,Female,29,15+ years,2016,0.10971196,0.128845415,0.09171968
Age-Standardized Smoking Prevalence,195,Namibia,3,Both,29,15+ years,2016,0.168691927,0.180485826,0.157098469
Age-Standardized Smoking Prevalence,195,Namibia,1,Male,29,15+ years,2017,0.234273653,0.24909657,0.22018564
Age-Standardized Smoking Prevalence,195,Namibia,2,Female,29,15+ years,2017,0.1083859,0.128286235,0.09010156
Age-Standardized Smoking Prevalence,195,Namibia,3,Both,29,15+ years,2017,0.167854448,0.179692207,0.15598707
Age-Standardized Smoking Prevalence,195,Namibia,1,Male,29,15+ years,2018,0.234270048,0.25027389,0.219459576
Age-Standardized Smoking Prevalence,195,Namibia,2,Female,29,15+ years,2018,0.107305863,0.127552466,0.088956596
Age-Standardized Smoking Prevalence,195,Namibia,3,Both,29,15+ years,2018,0.16727108,0.17969062,0.155532493
Age-Standardized Smoking Prevalence,195,Namibia,1,Male,29,15+ years,2019,0.234545341,0.251167446,0.218827179
Age-Standardized Smoking Prevalence,195,Namibia,2,Female,29,15+ years,2019,0.106441172,0.12709016,0.088275498
Age-Standardized Smoking Prevalence,195,Namibia,3,Both,29,15+ years,2019,0.166926941,0.179706879,0.154903896
Age-Standardized Smoking Prevalence,196,South Africa,1,Male,29,15+ years,1990,0.48865168,0.503675963,0.472751335
Age-Standardized Smoking Prevalence,196,South Africa,2,Female,29,15+ years,1990,0.167885684,0.187945248,0.150031175
Age-Standardized Smoking Prevalence,196,South Africa,3,Both,29,15+ years,1990,0.318946026,0.33164363,0.306794036
Age-Standardized Smoking Prevalence,196,South Africa,1,Male,29,15+ years,1991,0.477484549,0.491807371,0.462620137
Age-Standardized Smoking Prevalence,196,South Africa,2,Female,29,15+ years,1991,0.163394868,0.18108493,0.147130667
Age-Standardized Smoking Prevalence,196,South Africa,3,Both,29,15+ years,1991,0.311114045,0.322249491,0.300091908
Age-Standardized Smoking Prevalence,196,South Africa,1,Male,29,15+ years,1992,0.465776068,0.478801776,0.452518707
Age-Standardized Smoking Prevalence,196,South Africa,2,Female,29,15+ years,1992,0.158929413,0.174129415,0.144575095
Age-Standardized Smoking Prevalence,196,South Africa,3,Both,29,15+ years,1992,0.303061875,0.313201347,0.292923186
Age-Standardized Smoking Prevalence,196,South Africa,1,Male,29,15+ years,1993,0.45357582,0.465211483,0.441350431
Age-Standardized Smoking Prevalence,196,South Africa,2,Female,29,15+ years,1993,0.154552331,0.168072046,0.142016902
Age-Standardized Smoking Prevalence,196,South Africa,3,Both,29,15+ years,1993,0.294865149,0.303915652,0.285544303
Age-Standardized Smoking Prevalence,196,South Africa,1,Male,29,15+ years,1994,0.441350959,0.451783926,0.430217761
Age-Standardized Smoking Prevalence,196,South Africa,2,Female,29,15+ years,1994,0.150451251,0.162442227,0.139066401
Age-Standardized Smoking Prevalence,196,South Africa,3,Both,29,15+ years,1994,0.286830428,0.294963856,0.278677933
Age-Standardized Smoking Prevalence,196,South Africa,1,Male,29,15+ years,1995,0.429867232,0.439857925,0.419246157
Age-Standardized Smoking Prevalence,196,South Africa,2,Female,29,15+ years,1995,0.14699187,0.158461526,0.136193493
Age-Standardized Smoking Prevalence,196,South Africa,3,Both,29,15+ years,1995,0.279472695,0.287451576,0.271869001
Age-Standardized Smoking Prevalence,196,South Africa,1,Male,29,15+ years,1996,0.41708546,0.427087287,0.40641572
Age-Standardized Smoking Prevalence,196,South Africa,2,Female,29,15+ years,1996,0.143468627,0.15453017,0.132939397
Age-Standardized Smoking Prevalence,196,South Africa,3,Both,29,15+ years,1996,0.271420799,0.278811933,0.264408228
Age-Standardized Smoking Prevalence,196,South Africa,1,Male,29,15+ years,1997,0.405244053,0.415592903,0.394818887
Age-Standardized Smoking Prevalence,196,South Africa,2,Female,29,15+ years,1997,0.140422843,0.15093171,0.130321089
Age-Standardized Smoking Prevalence,196,South Africa,3,Both,29,15+ years,1997,0.264045946,0.271057158,0.257025668
Age-Standardized Smoking Prevalence,196,South Africa,1,Male,29,15+ years,1998,0.39434705,0.405067144,0.383525952
Age-Standardized Smoking Prevalence,196,South Africa,2,Female,29,15+ years,1998,0.137774688,0.148547897,0.127474231
Age-Standardized Smoking Prevalence,196,South Africa,3,Both,29,15+ years,1998,0.25733766,0.264374056,0.25018704
Age-Standardized Smoking Prevalence,196,South Africa,1,Male,29,15+ years,1999,0.384684297,0.395093206,0.373723328
Age-Standardized Smoking Prevalence,196,South Africa,2,Female,29,15+ years,1999,0.13552098,0.146137211,0.125303514
Age-Standardized Smoking Prevalence,196,South Africa,3,Both,29,15+ years,1999,0.251475492,0.258365943,0.244212099
Age-Standardized Smoking Prevalence,196,South Africa,1,Male,29,15+ years,2000,0.3761962,0.38646452,0.365181376
Age-Standardized Smoking Prevalence,196,South Africa,2,Female,29,15+ years,2000,0.133557997,0.143889739,0.123709926
Age-Standardized Smoking Prevalence,196,South Africa,3,Both,29,15+ years,2000,0.24640387,0.253168933,0.239335728
Age-Standardized Smoking Prevalence,196,South Africa,1,Male,29,15+ years,2001,0.369277724,0.379318655,0.358149545
Age-Standardized Smoking Prevalence,196,South Africa,2,Female,29,15+ years,2001,0.132091735,0.142148954,0.122327149
Age-Standardized Smoking Prevalence,196,South Africa,3,Both,29,15+ years,2001,0.242393298,0.249105128,0.235391117
Age-Standardized Smoking Prevalence,196,South Africa,1,Male,29,15+ years,2002,0.363394145,0.373504769,0.352239279
Age-Standardized Smoking Prevalence,196,South Africa,2,Female,29,15+ years,2002,0.130939029,0.140624928,0.121326655
Age-Standardized Smoking Prevalence,196,South Africa,3,Both,29,15+ years,2002,0.239101554,0.245842791,0.232231874
Age-Standardized Smoking Prevalence,196,South Africa,1,Male,29,15+ years,2003,0.357888042,0.3681919,0.346919427
Age-Standardized Smoking Prevalence,196,South Africa,2,Female,29,15+ years,2003,0.129870995,0.139262881,0.120474314
Age-Standardized Smoking Prevalence,196,South Africa,3,Both,29,15+ years,2003,0.236109128,0.24283317,0.229017438
Age-Standardized Smoking Prevalence,196,South Africa,1,Male,29,15+ years,2004,0.3530357,0.363528296,0.342070349
Age-Standardized Smoking Prevalence,196,South Africa,2,Female,29,15+ years,2004,0.129100645,0.139210561,0.119705787
Age-Standardized Smoking Prevalence,196,South Africa,3,Both,29,15+ years,2004,0.233640328,0.240141131,0.226828592
Age-Standardized Smoking Prevalence,196,South Africa,1,Male,29,15+ years,2005,0.348894246,0.359260038,0.338099637
Age-Standardized Smoking Prevalence,196,South Africa,2,Female,29,15+ years,2005,0.128365341,0.138869783,0.118945519
Age-Standardized Smoking Prevalence,196,South Africa,3,Both,29,15+ years,2005,0.231561412,0.238069786,0.224870382
Age-Standardized Smoking Prevalence,196,South Africa,1,Male,29,15+ years,2006,0.346024413,0.35657035,0.335476954
Age-Standardized Smoking Prevalence,196,South Africa,2,Female,29,15+ years,2006,0.127934851,0.13869885,0.118302302
Age-Standardized Smoking Prevalence,196,South Africa,3,Both,29,15+ years,2006,0.230275708,0.237099078,0.223331963
Age-Standardized Smoking Prevalence,196,South Africa,1,Male,29,15+ years,2007,0.343181811,0.35399151,0.332824929
Age-Standardized Smoking Prevalence,196,South Africa,2,Female,29,15+ years,2007,0.126651867,0.138154557,0.116786403
Age-Standardized Smoking Prevalence,196,South Africa,3,Both,29,15+ years,2007,0.22854947,0.235374468,0.221201452
Age-Standardized Smoking Prevalence,196,South Africa,1,Male,29,15+ years,2008,0.340830019,0.351629082,0.330308976
Age-Standardized Smoking Prevalence,196,South Africa,2,Female,29,15+ years,2008,0.12407939,0.135513146,0.114217373
Age-Standardized Smoking Prevalence,196,South Africa,3,Both,29,15+ years,2008,0.226393861,0.233688514,0.218720517
Age-Standardized Smoking Prevalence,196,South Africa,1,Male,29,15+ years,2009,0.339292003,0.350257541,0.328668926
Age-Standardized Smoking Prevalence,196,South Africa,2,Female,29,15+ years,2009,0.121291262,0.133115185,0.111102647
Age-Standardized Smoking Prevalence,196,South Africa,3,Both,29,15+ years,2009,0.224507289,0.232402686,0.216516914
Age-Standardized Smoking Prevalence,196,South Africa,1,Male,29,15+ years,2010,0.338556413,0.349697192,0.32772419
Age-Standardized Smoking Prevalence,196,South Africa,2,Female,29,15+ years,2010,0.118407517,0.130402578,0.107754646
Age-Standardized Smoking Prevalence,196,South Africa,3,Both,29,15+ years,2010,0.222951123,0.230950492,0.21511286
Age-Standardized Smoking Prevalence,196,South Africa,1,Male,29,15+ years,2011,0.338176074,0.34891525,0.32736955
Age-Standardized Smoking Prevalence,196,South Africa,2,Female,29,15+ years,2011,0.115341037,0.127941917,0.104800882
Age-Standardized Smoking Prevalence,196,South Africa,3,Both,29,15+ years,2011,0.221493773,0.229921208,0.213705462
Age-Standardized Smoking Prevalence,196,South Africa,1,Male,29,15+ years,2012,0.339370185,0.35006542,0.328968686
Age-Standardized Smoking Prevalence,196,South Africa,2,Female,29,15+ years,2012,0.11266169,0.126209126,0.101472934
Age-Standardized Smoking Prevalence,196,South Africa,3,Both,29,15+ years,2012,0.220926995,0.22942215,0.213039932
Age-Standardized Smoking Prevalence,196,South Africa,1,Male,29,15+ years,2013,0.342875932,0.354077681,0.332104519
Age-Standardized Smoking Prevalence,196,South Africa,2,Female,29,15+ years,2013,0.110738607,0.124226498,0.098960486
Age-Standardized Smoking Prevalence,196,South Africa,3,Both,29,15+ years,2013,0.221861879,0.230518031,0.213752661
Age-Standardized Smoking Prevalence,196,South Africa,1,Male,29,15+ years,2014,0.346155648,0.357316156,0.334811664
Age-Standardized Smoking Prevalence,196,South Africa,2,Female,29,15+ years,2014,0.108816942,0.12324325,0.095998338
Age-Standardized Smoking Prevalence,196,South Africa,3,Both,29,15+ years,2014,0.222695787,0.231895094,0.214345992
Age-Standardized Smoking Prevalence,196,South Africa,1,Male,29,15+ years,2015,0.348783633,0.360655067,0.337060753
Age-Standardized Smoking Prevalence,196,South Africa,2,Female,29,15+ years,2015,0.107345411,0.122493954,0.093542385
Age-Standardized Smoking Prevalence,196,South Africa,3,Both,29,15+ years,2015,0.223463064,0.232776894,0.214426009
Age-Standardized Smoking Prevalence,196,South Africa,1,Male,29,15+ years,2016,0.351015571,0.363553548,0.338238421
Age-Standardized Smoking Prevalence,196,South Africa,2,Female,29,15+ years,2016,0.106055141,0.122260723,0.091882244
Age-Standardized Smoking Prevalence,196,South Africa,3,Both,29,15+ years,2016,0.224152793,0.234188155,0.214372971
Age-Standardized Smoking Prevalence,196,South Africa,1,Male,29,15+ years,2017,0.352234617,0.365039455,0.338714525
Age-Standardized Smoking Prevalence,196,South Africa,2,Female,29,15+ years,2017,0.104976044,0.121257931,0.090092562
Age-Standardized Smoking Prevalence,196,South Africa,3,Both,29,15+ years,2017,0.224453761,0.235395831,0.214088424
Age-Standardized Smoking Prevalence,196,South Africa,1,Male,29,15+ years,2018,0.353532203,0.367466398,0.338514188
Age-Standardized Smoking Prevalence,196,South Africa,2,Female,29,15+ years,2018,0.104275078,0.121499302,0.08880801
Age-Standardized Smoking Prevalence,196,South Africa,3,Both,29,15+ years,2018,0.224983869,0.236449142,0.213793773
Age-Standardized Smoking Prevalence,196,South Africa,1,Male,29,15+ years,2019,0.354146169,0.369236995,0.33765788
Age-Standardized Smoking Prevalence,196,South Africa,2,Female,29,15+ years,2019,0.103684277,0.12239017,0.087476595
Age-Standardized Smoking Prevalence,196,South Africa,3,Both,29,15+ years,2019,0.225242694,0.237782961,0.213152594
Age-Standardized Smoking Prevalence,197,Eswatini,1,Male,29,15+ years,1990,0.217313095,0.234164555,0.200569189
Age-Standardized Smoking Prevalence,197,Eswatini,2,Female,29,15+ years,1990,0.039752906,0.048365109,0.031169286
Age-Standardized Smoking Prevalence,197,Eswatini,3,Both,29,15+ years,1990,0.120929534,0.129692893,0.112232678
Age-Standardized Smoking Prevalence,197,Eswatini,1,Male,29,15+ years,1991,0.21325291,0.229849438,0.196634299
Age-Standardized Smoking Prevalence,197,Eswatini,2,Female,29,15+ years,1991,0.039305494,0.047927934,0.030715633
Age-Standardized Smoking Prevalence,197,Eswatini,3,Both,29,15+ years,1991,0.118751528,0.127474617,0.110052448
Age-Standardized Smoking Prevalence,197,Eswatini,1,Male,29,15+ years,1992,0.209285792,0.225806938,0.193036554
Age-Standardized Smoking Prevalence,197,Eswatini,2,Female,29,15+ years,1992,0.038883144,0.047335863,0.030817224
Age-Standardized Smoking Prevalence,197,Eswatini,3,Both,29,15+ years,1992,0.11662823,0.125053222,0.108030727
Age-Standardized Smoking Prevalence,197,Eswatini,1,Male,29,15+ years,1993,0.205308602,0.221223861,0.189328613
Age-Standardized Smoking Prevalence,197,Eswatini,2,Female,29,15+ years,1993,0.038468534,0.04672358,0.030612865
Age-Standardized Smoking Prevalence,197,Eswatini,3,Both,29,15+ years,1993,0.11451745,0.123140144,0.105909171
Age-Standardized Smoking Prevalence,197,Eswatini,1,Male,29,15+ years,1994,0.201612448,0.217063258,0.186148442
Age-Standardized Smoking Prevalence,197,Eswatini,2,Female,29,15+ years,1994,0.038112102,0.046493708,0.030567812
Age-Standardized Smoking Prevalence,197,Eswatini,3,Both,29,15+ years,1994,0.112581617,0.120907118,0.104292235
Age-Standardized Smoking Prevalence,197,Eswatini,1,Male,29,15+ years,1995,0.198274432,0.213198935,0.183456526
Age-Standardized Smoking Prevalence,197,Eswatini,2,Female,29,15+ years,1995,0.037827468,0.046150764,0.030539506
Age-Standardized Smoking Prevalence,197,Eswatini,3,Both,29,15+ years,1995,0.110863046,0.119104962,0.102754101
Age-Standardized Smoking Prevalence,197,Eswatini,1,Male,29,15+ years,1996,0.195340692,0.209999587,0.181059641
Age-Standardized Smoking Prevalence,197,Eswatini,2,Female,29,15+ years,1996,0.037623134,0.045517665,0.030530866
Age-Standardized Smoking Prevalence,197,Eswatini,3,Both,29,15+ years,1996,0.10937245,0.117462185,0.101319526
Age-Standardized Smoking Prevalence,197,Eswatini,1,Male,29,15+ years,1997,0.19253371,0.207072601,0.178609403
Age-Standardized Smoking Prevalence,197,Eswatini,2,Female,29,15+ years,1997,0.037431093,0.04504514,0.030551205
Age-Standardized Smoking Prevalence,197,Eswatini,3,Both,29,15+ years,1997,0.107960141,0.115696533,0.100062304
Age-Standardized Smoking Prevalence,197,Eswatini,1,Male,29,15+ years,1998,0.189831172,0.20416641,0.175770271
Age-Standardized Smoking Prevalence,197,Eswatini,2,Female,29,15+ years,1998,0.037241128,0.044877299,0.03020687
Age-Standardized Smoking Prevalence,197,Eswatini,3,Both,29,15+ years,1998,0.10662683,0.114254588,0.098982156
Age-Standardized Smoking Prevalence,197,Eswatini,1,Male,29,15+ years,1999,0.187280509,0.201395533,0.173683614
Age-Standardized Smoking Prevalence,197,Eswatini,2,Female,29,15+ years,1999,0.037062745,0.044538089,0.0303779
Age-Standardized Smoking Prevalence,197,Eswatini,3,Both,29,15+ years,1999,0.105392567,0.112682175,0.09810246
Age-Standardized Smoking Prevalence,197,Eswatini,1,Male,29,15+ years,2000,0.185289434,0.199343542,0.172304192
Age-Standardized Smoking Prevalence,197,Eswatini,2,Female,29,15+ years,2000,0.036964989,0.044090121,0.030385949
Age-Standardized Smoking Prevalence,197,Eswatini,3,Both,29,15+ years,2000,0.104481891,0.111930467,0.097318963
Age-Standardized Smoking Prevalence,197,Eswatini,1,Male,29,15+ years,2001,0.183629738,0.196902805,0.170854306
Age-Standardized Smoking Prevalence,197,Eswatini,2,Female,29,15+ years,2001,0.036889202,0.044212429,0.030321782
Age-Standardized Smoking Prevalence,197,Eswatini,3,Both,29,15+ years,2001,0.103744709,0.111045253,0.096695256
Age-Standardized Smoking Prevalence,197,Eswatini,1,Male,29,15+ years,2002,0.180503296,0.19301357,0.168306101
Age-Standardized Smoking Prevalence,197,Eswatini,2,Female,29,15+ years,2002,0.036483501,0.043325915,0.030064848
Age-Standardized Smoking Prevalence,197,Eswatini,3,Both,29,15+ years,2002,0.102179277,0.109163439,0.095402727
Age-Standardized Smoking Prevalence,197,Eswatini,1,Male,29,15+ years,2003,0.176271912,0.188066597,0.164796195
Age-Standardized Smoking Prevalence,197,Eswatini,2,Female,29,15+ years,2003,0.035869367,0.042731071,0.029490377
Age-Standardized Smoking Prevalence,197,Eswatini,3,Both,29,15+ years,2003,0.100027011,0.107026955,0.093563624
Age-Standardized Smoking Prevalence,197,Eswatini,1,Male,29,15+ years,2004,0.172560064,0.18398602,0.161475666
Age-Standardized Smoking Prevalence,197,Eswatini,2,Female,29,15+ years,2004,0.035186671,0.042177128,0.028772678
Age-Standardized Smoking Prevalence,197,Eswatini,3,Both,29,15+ years,2004,0.098089169,0.104860064,0.091647725
Age-Standardized Smoking Prevalence,197,Eswatini,1,Male,29,15+ years,2005,0.169095569,0.180414275,0.158300396
Age-Standardized Smoking Prevalence,197,Eswatini,2,Female,29,15+ years,2005,0.034525571,0.041330399,0.02820875
Age-Standardized Smoking Prevalence,197,Eswatini,3,Both,29,15+ years,2005,0.096301357,0.103027653,0.090151857
Age-Standardized Smoking Prevalence,197,Eswatini,1,Male,29,15+ years,2006,0.165666592,0.176532343,0.155220026
Age-Standardized Smoking Prevalence,197,Eswatini,2,Female,29,15+ years,2006,0.033816078,0.040858467,0.027401583
Age-Standardized Smoking Prevalence,197,Eswatini,3,Both,29,15+ years,2006,0.09453355,0.101231137,0.088724832
Age-Standardized Smoking Prevalence,197,Eswatini,1,Male,29,15+ years,2007,0.161205479,0.172023162,0.15088974
Age-Standardized Smoking Prevalence,197,Eswatini,2,Female,29,15+ years,2007,0.033046698,0.040100439,0.02690482
Age-Standardized Smoking Prevalence,197,Eswatini,3,Both,29,15+ years,2007,0.092248197,0.098702611,0.08644468
Age-Standardized Smoking Prevalence,197,Eswatini,1,Male,29,15+ years,2008,0.157394845,0.168166058,0.14723148
Age-Standardized Smoking Prevalence,197,Eswatini,2,Female,29,15+ years,2008,0.032224377,0.039374143,0.026218718
Age-Standardized Smoking Prevalence,197,Eswatini,3,Both,29,15+ years,2008,0.090199949,0.096667845,0.084488612
Age-Standardized Smoking Prevalence,197,Eswatini,1,Male,29,15+ years,2009,0.154306857,0.165002856,0.144454912
Age-Standardized Smoking Prevalence,197,Eswatini,2,Female,29,15+ years,2009,0.031502302,0.038685018,0.025544667
Age-Standardized Smoking Prevalence,197,Eswatini,3,Both,29,15+ years,2009,0.088511871,0.095191259,0.082637021
Age-Standardized Smoking Prevalence,197,Eswatini,1,Male,29,15+ years,2010,0.151903579,0.162667084,0.141619485
Age-Standardized Smoking Prevalence,197,Eswatini,2,Female,29,15+ years,2010,0.030815337,0.038179957,0.02477195
Age-Standardized Smoking Prevalence,197,Eswatini,3,Both,29,15+ years,2010,0.087152126,0.094048498,0.081273159
Age-Standardized Smoking Prevalence,197,Eswatini,1,Male,29,15+ years,2011,0.150386193,0.161295976,0.139926637
Age-Standardized Smoking Prevalence,197,Eswatini,2,Female,29,15+ years,2011,0.030256153,0.037522964,0.024269759
Age-Standardized Smoking Prevalence,197,Eswatini,3,Both,29,15+ years,2011,0.086266827,0.093476278,0.080485012
Age-Standardized Smoking Prevalence,197,Eswatini,1,Male,29,15+ years,2012,0.149882518,0.161495892,0.13880588
Age-Standardized Smoking Prevalence,197,Eswatini,2,Female,29,15+ years,2012,0.029885331,0.037440873,0.023782557
Age-Standardized Smoking Prevalence,197,Eswatini,3,Both,29,15+ years,2012,0.085953409,0.093606829,0.080066744
Age-Standardized Smoking Prevalence,197,Eswatini,1,Male,29,15+ years,2013,0.149488263,0.161701679,0.138000353
Age-Standardized Smoking Prevalence,197,Eswatini,2,Female,29,15+ years,2013,0.029538173,0.037100842,0.023412267
Age-Standardized Smoking Prevalence,197,Eswatini,3,Both,29,15+ years,2013,0.085706936,0.093566784,0.079447063
Age-Standardized Smoking Prevalence,197,Eswatini,1,Male,29,15+ years,2014,0.149113532,0.161721014,0.137189555
Age-Standardized Smoking Prevalence,197,Eswatini,2,Female,29,15+ years,2014,0.029179212,0.036946135,0.023173538
Age-Standardized Smoking Prevalence,197,Eswatini,3,Both,29,15+ years,2014,0.085472663,0.093463644,0.079079821
Age-Standardized Smoking Prevalence,197,Eswatini,1,Male,29,15+ years,2015,0.149156292,0.162164267,0.13718962
Age-Standardized Smoking Prevalence,197,Eswatini,2,Female,29,15+ years,2015,0.029066483,0.036710879,0.023107127
Age-Standardized Smoking Prevalence,197,Eswatini,3,Both,29,15+ years,2015,0.085568462,0.09364556,0.078906233
Age-Standardized Smoking Prevalence,197,Eswatini,1,Male,29,15+ years,2016,0.149241828,0.162874252,0.136797054
Age-Standardized Smoking Prevalence,197,Eswatini,2,Female,29,15+ years,2016,0.028961119,0.036632929,0.022921791
Age-Standardized Smoking Prevalence,197,Eswatini,3,Both,29,15+ years,2016,0.085672174,0.09376374,0.078481106
Age-Standardized Smoking Prevalence,197,Eswatini,1,Male,29,15+ years,2017,0.149404538,0.163550884,0.136288405
Age-Standardized Smoking Prevalence,197,Eswatini,2,Female,29,15+ years,2017,0.028860331,0.036762914,0.022859675
Age-Standardized Smoking Prevalence,197,Eswatini,3,Both,29,15+ years,2017,0.085811261,0.094044354,0.078503508
Age-Standardized Smoking Prevalence,197,Eswatini,1,Male,29,15+ years,2018,0.149614498,0.164118787,0.136367605
Age-Standardized Smoking Prevalence,197,Eswatini,2,Female,29,15+ years,2018,0.02877808,0.036734948,0.022893878
Age-Standardized Smoking Prevalence,197,Eswatini,3,Both,29,15+ years,2018,0.085980007,0.094660784,0.078395422
Age-Standardized Smoking Prevalence,197,Eswatini,1,Male,29,15+ years,2019,0.149883509,0.164601877,0.136203512
Age-Standardized Smoking Prevalence,197,Eswatini,2,Female,29,15+ years,2019,0.028708833,0.03667818,0.022772699
Age-Standardized Smoking Prevalence,197,Eswatini,3,Both,29,15+ years,2019,0.086182105,0.094767819,0.078553408
Age-Standardized Smoking Prevalence,198,Zimbabwe,1,Male,29,15+ years,1990,0.332170188,0.35601787,0.306667526
Age-Standardized Smoking Prevalence,198,Zimbabwe,2,Female,29,15+ years,1990,0.038609825,0.048679311,0.030328681
Age-Standardized Smoking Prevalence,198,Zimbabwe,3,Both,29,15+ years,1990,0.181278032,0.194353601,0.168672981
Age-Standardized Smoking Prevalence,198,Zimbabwe,1,Male,29,15+ years,1991,0.326849287,0.349809861,0.302838082
Age-Standardized Smoking Prevalence,198,Zimbabwe,2,Female,29,15+ years,1991,0.038562064,0.048821026,0.030411105
Age-Standardized Smoking Prevalence,198,Zimbabwe,3,Both,29,15+ years,1991,0.178439384,0.191205188,0.16629287
Age-Standardized Smoking Prevalence,198,Zimbabwe,1,Male,29,15+ years,1992,0.321914422,0.344116779,0.298610228
Age-Standardized Smoking Prevalence,198,Zimbabwe,2,Female,29,15+ years,1992,0.038575005,0.048707818,0.030659066
Age-Standardized Smoking Prevalence,198,Zimbabwe,3,Both,29,15+ years,1992,0.175774571,0.187976944,0.164193817
Age-Standardized Smoking Prevalence,198,Zimbabwe,1,Male,29,15+ years,1993,0.317022793,0.338655003,0.294536431
Age-Standardized Smoking Prevalence,198,Zimbabwe,2,Female,29,15+ years,1993,0.038615027,0.048173231,0.030919542
Age-Standardized Smoking Prevalence,198,Zimbabwe,3,Both,29,15+ years,1993,0.173173008,0.184970699,0.161761356
Age-Standardized Smoking Prevalence,198,Zimbabwe,1,Male,29,15+ years,1994,0.312038717,0.332926772,0.290569919
Age-Standardized Smoking Prevalence,198,Zimbabwe,2,Female,29,15+ years,1994,0.038665146,0.04791851,0.031323131
Age-Standardized Smoking Prevalence,198,Zimbabwe,3,Both,29,15+ years,1994,0.170448554,0.181924685,0.159715384
Age-Standardized Smoking Prevalence,198,Zimbabwe,1,Male,29,15+ years,1995,0.306960197,0.326275097,0.28703829
Age-Standardized Smoking Prevalence,198,Zimbabwe,2,Female,29,15+ years,1995,0.038710214,0.047783537,0.031564342
Age-Standardized Smoking Prevalence,198,Zimbabwe,3,Both,29,15+ years,1995,0.167587374,0.178504614,0.157145273
Age-Standardized Smoking Prevalence,198,Zimbabwe,1,Male,29,15+ years,1996,0.302925523,0.321335965,0.284392908
Age-Standardized Smoking Prevalence,198,Zimbabwe,2,Female,29,15+ years,1996,0.038893937,0.047687611,0.03180541
Age-Standardized Smoking Prevalence,198,Zimbabwe,3,Both,29,15+ years,1996,0.165258381,0.175307215,0.155291307
Age-Standardized Smoking Prevalence,198,Zimbabwe,1,Male,29,15+ years,1997,0.299807465,0.317092781,0.282075767
Age-Standardized Smoking Prevalence,198,Zimbabwe,2,Female,29,15+ years,1997,0.039212314,0.04773824,0.032292509
Age-Standardized Smoking Prevalence,198,Zimbabwe,3,Both,29,15+ years,1997,0.163391056,0.173151469,0.154230495
Age-Standardized Smoking Prevalence,198,Zimbabwe,1,Male,29,15+ years,1998,0.297611249,0.31401212,0.280843661
Age-Standardized Smoking Prevalence,198,Zimbabwe,2,Female,29,15+ years,1998,0.039653954,0.047976451,0.033072629
Age-Standardized Smoking Prevalence,198,Zimbabwe,3,Both,29,15+ years,1998,0.162054877,0.171061108,0.153383087
Age-Standardized Smoking Prevalence,198,Zimbabwe,1,Male,29,15+ years,1999,0.29638141,0.311966455,0.280646378
Age-Standardized Smoking Prevalence,198,Zimbabwe,2,Female,29,15+ years,1999,0.040212022,0.04819959,0.033835812
Age-Standardized Smoking Prevalence,198,Zimbabwe,3,Both,29,15+ years,1999,0.161272416,0.169879904,0.152664722
Age-Standardized Smoking Prevalence,198,Zimbabwe,1,Male,29,15+ years,2000,0.296288796,0.311159232,0.28202191
Age-Standardized Smoking Prevalence,198,Zimbabwe,2,Female,29,15+ years,2000,0.040971114,0.048742098,0.034733502
Age-Standardized Smoking Prevalence,198,Zimbabwe,3,Both,29,15+ years,2000,0.161162239,0.169233268,0.152865021
Age-Standardized Smoking Prevalence,198,Zimbabwe,1,Male,29,15+ years,2001,0.297034492,0.311056741,0.283491495
Age-Standardized Smoking Prevalence,198,Zimbabwe,2,Female,29,15+ years,2001,0.041800671,0.049195581,0.035634388
Age-Standardized Smoking Prevalence,198,Zimbabwe,3,Both,29,15+ years,2001,0.161509397,0.168986502,0.153784162
Age-Standardized Smoking Prevalence,198,Zimbabwe,1,Male,29,15+ years,2002,0.298357549,0.311500616,0.285612344
Age-Standardized Smoking Prevalence,198,Zimbabwe,2,Female,29,15+ years,2002,0.042642001,0.049783135,0.036593281
Age-Standardized Smoking Prevalence,198,Zimbabwe,3,Both,29,15+ years,2002,0.162156814,0.169348355,0.154813938
Age-Standardized Smoking Prevalence,198,Zimbabwe,1,Male,29,15+ years,2003,0.299136648,0.311015558,0.286919158
Age-Standardized Smoking Prevalence,198,Zimbabwe,2,Female,29,15+ years,2003,0.043299355,0.050405801,0.037148532
Age-Standardized Smoking Prevalence,198,Zimbabwe,3,Both,29,15+ years,2003,0.16254558,0.16972612,0.155712901
Age-Standardized Smoking Prevalence,198,Zimbabwe,1,Male,29,15+ years,2004,0.300571738,0.31218248,0.288932037
Age-Standardized Smoking Prevalence,198,Zimbabwe,2,Female,29,15+ years,2004,0.043455327,0.050466335,0.037314424
Age-Standardized Smoking Prevalence,198,Zimbabwe,3,Both,29,15+ years,2004,0.162991798,0.170017582,0.156622382
Age-Standardized Smoking Prevalence,198,Zimbabwe,1,Male,29,15+ years,2005,0.302389795,0.313650369,0.291462015
Age-Standardized Smoking Prevalence,198,Zimbabwe,2,Female,29,15+ years,2005,0.043529894,0.050466175,0.037403074
Age-Standardized Smoking Prevalence,198,Zimbabwe,3,Both,29,15+ years,2005,0.163587571,0.170160971,0.15742805
Age-Standardized Smoking Prevalence,198,Zimbabwe,1,Male,29,15+ years,2006,0.305336314,0.315822805,0.294949165
Age-Standardized Smoking Prevalence,198,Zimbabwe,2,Female,29,15+ years,2006,0.043337459,0.050284184,0.037243307
Age-Standardized Smoking Prevalence,198,Zimbabwe,3,Both,29,15+ years,2006,0.164587973,0.171140297,0.158621386
Age-Standardized Smoking Prevalence,198,Zimbabwe,1,Male,29,15+ years,2007,0.307227294,0.317751412,0.29685142
Age-Standardized Smoking Prevalence,198,Zimbabwe,2,Female,29,15+ years,2007,0.042609821,0.04980046,0.036374113
Age-Standardized Smoking Prevalence,198,Zimbabwe,3,Both,29,15+ years,2007,0.164828652,0.171276272,0.158714085
Age-Standardized Smoking Prevalence,198,Zimbabwe,1,Male,29,15+ years,2008,0.308978429,0.319728563,0.298822855
Age-Standardized Smoking Prevalence,198,Zimbabwe,2,Female,29,15+ years,2008,0.041913894,0.049109638,0.035619321
Age-Standardized Smoking Prevalence,198,Zimbabwe,3,Both,29,15+ years,2008,0.16504407,0.171215954,0.159076622
Age-Standardized Smoking Prevalence,198,Zimbabwe,1,Male,29,15+ years,2009,0.311375559,0.322204686,0.301221871
Age-Standardized Smoking Prevalence,198,Zimbabwe,2,Female,29,15+ years,2009,0.041174471,0.04878883,0.034816288
Age-Standardized Smoking Prevalence,198,Zimbabwe,3,Both,29,15+ years,2009,0.165557618,0.171681979,0.159551972
Age-Standardized Smoking Prevalence,198,Zimbabwe,1,Male,29,15+ years,2010,0.314586765,0.32502056,0.304427889
Age-Standardized Smoking Prevalence,198,Zimbabwe,2,Female,29,15+ years,2010,0.040431743,0.048265998,0.0341632
Age-Standardized Smoking Prevalence,198,Zimbabwe,3,Both,29,15+ years,2010,0.166415277,0.172434806,0.160478795
Age-Standardized Smoking Prevalence,198,Zimbabwe,1,Male,29,15+ years,2011,0.319344105,0.329363753,0.308743803
Age-Standardized Smoking Prevalence,198,Zimbabwe,2,Female,29,15+ years,2011,0.039902956,0.047678546,0.033472391
Age-Standardized Smoking Prevalence,198,Zimbabwe,3,Both,29,15+ years,2011,0.168011489,0.174052975,0.162047999
Age-Standardized Smoking Prevalence,198,Zimbabwe,1,Male,29,15+ years,2012,0.324934023,0.335496618,0.313897048
Age-Standardized Smoking Prevalence,198,Zimbabwe,2,Female,29,15+ years,2012,0.039402229,0.04750292,0.032807817
Age-Standardized Smoking Prevalence,198,Zimbabwe,3,Both,29,15+ years,2012,0.169962321,0.17596165,0.164012702
Age-Standardized Smoking Prevalence,198,Zimbabwe,1,Male,29,15+ years,2013,0.330963061,0.341710017,0.319380233
Age-Standardized Smoking Prevalence,198,Zimbabwe,2,Female,29,15+ years,2013,0.038892828,0.046899358,0.032476848
Age-Standardized Smoking Prevalence,198,Zimbabwe,3,Both,29,15+ years,2013,0.172142248,0.178413496,0.16609537
Age-Standardized Smoking Prevalence,198,Zimbabwe,1,Male,29,15+ years,2014,0.333677313,0.345079875,0.321243307
Age-Standardized Smoking Prevalence,198,Zimbabwe,2,Female,29,15+ years,2014,0.037900902,0.045550008,0.031411813
Age-Standardized Smoking Prevalence,198,Zimbabwe,3,Both,29,15+ years,2014,0.172634056,0.178783188,0.165957078
Age-Standardized Smoking Prevalence,198,Zimbabwe,1,Male,29,15+ years,2015,0.336088192,0.348144043,0.323103618
Age-Standardized Smoking Prevalence,198,Zimbabwe,2,Female,29,15+ years,2015,0.037208911,0.044790156,0.03059597
Age-Standardized Smoking Prevalence,198,Zimbabwe,3,Both,29,15+ years,2015,0.173236147,0.179605198,0.166218097
Age-Standardized Smoking Prevalence,198,Zimbabwe,1,Male,29,15+ years,2016,0.338403246,0.351309755,0.324351103
Age-Standardized Smoking Prevalence,198,Zimbabwe,2,Female,29,15+ years,2016,0.036634764,0.044271467,0.029786088
Age-Standardized Smoking Prevalence,198,Zimbabwe,3,Both,29,15+ years,2016,0.173894147,0.180877178,0.166525788
Age-Standardized Smoking Prevalence,198,Zimbabwe,1,Male,29,15+ years,2017,0.340414151,0.354499052,0.325436782
Age-Standardized Smoking Prevalence,198,Zimbabwe,2,Female,29,15+ years,2017,0.036004743,0.04361733,0.028918158
Age-Standardized Smoking Prevalence,198,Zimbabwe,3,Both,29,15+ years,2017,0.174421782,0.181973911,0.166568467
Age-Standardized Smoking Prevalence,198,Zimbabwe,1,Male,29,15+ years,2018,0.342126396,0.357757253,0.326080296
Age-Standardized Smoking Prevalence,198,Zimbabwe,2,Female,29,15+ years,2018,0.035335664,0.04318687,0.027986339
Age-Standardized Smoking Prevalence,198,Zimbabwe,3,Both,29,15+ years,2018,0.174831999,0.183187838,0.166106528
Age-Standardized Smoking Prevalence,198,Zimbabwe,1,Male,29,15+ years,2019,0.343596244,0.36038009,0.326333707
Age-Standardized Smoking Prevalence,198,Zimbabwe,2,Female,29,15+ years,2019,0.03465379,0.042864844,0.027328959
Age-Standardized Smoking Prevalence,198,Zimbabwe,3,Both,29,15+ years,2019,0.175158265,0.183549638,0.166078976
Age-Standardized Smoking Prevalence,206,Gambia,1,Male,29,15+ years,1990,0.349970561,0.378131734,0.324381441
Age-Standardized Smoking Prevalence,206,Gambia,2,Female,29,15+ years,1990,0.020764255,0.026723928,0.016049722
Age-Standardized Smoking Prevalence,206,Gambia,3,Both,29,15+ years,1990,0.188841598,0.203670886,0.174990238
Age-Standardized Smoking Prevalence,206,Gambia,1,Male,29,15+ years,1991,0.345951904,0.373502307,0.320414817
Age-Standardized Smoking Prevalence,206,Gambia,2,Female,29,15+ years,1991,0.020454064,0.026403305,0.015877321
Age-Standardized Smoking Prevalence,206,Gambia,3,Both,29,15+ years,1991,0.186921193,0.201656555,0.173260702
Age-Standardized Smoking Prevalence,206,Gambia,1,Male,29,15+ years,1992,0.341744564,0.369795156,0.316253219
Age-Standardized Smoking Prevalence,206,Gambia,2,Female,29,15+ years,1992,0.020136317,0.026042627,0.015521324
Age-Standardized Smoking Prevalence,206,Gambia,3,Both,29,15+ years,1992,0.184756132,0.199291725,0.171560546
Age-Standardized Smoking Prevalence,206,Gambia,1,Male,29,15+ years,1993,0.337346409,0.365898637,0.312329505
Age-Standardized Smoking Prevalence,206,Gambia,2,Female,29,15+ years,1993,0.019814498,0.025714732,0.015198566
Age-Standardized Smoking Prevalence,206,Gambia,3,Both,29,15+ years,1993,0.182323379,0.19719012,0.169241209
Age-Standardized Smoking Prevalence,206,Gambia,1,Male,29,15+ years,1994,0.332800374,0.361235429,0.308475629
Age-Standardized Smoking Prevalence,206,Gambia,2,Female,29,15+ years,1994,0.019498355,0.025104922,0.014983533
Age-Standardized Smoking Prevalence,206,Gambia,3,Both,29,15+ years,1994,0.179618997,0.194586348,0.167102557
Age-Standardized Smoking Prevalence,206,Gambia,1,Male,29,15+ years,1995,0.328184707,0.356484962,0.303851295
Age-Standardized Smoking Prevalence,206,Gambia,2,Female,29,15+ years,1995,0.019190526,0.024747932,0.014693765
Age-Standardized Smoking Prevalence,206,Gambia,3,Both,29,15+ years,1995,0.176710861,0.191607688,0.163874074
Age-Standardized Smoking Prevalence,206,Gambia,1,Male,29,15+ years,1996,0.322712649,0.349775515,0.298347514
Age-Standardized Smoking Prevalence,206,Gambia,2,Female,29,15+ years,1996,0.0188376,0.024270453,0.014441603
Age-Standardized Smoking Prevalence,206,Gambia,3,Both,29,15+ years,1996,0.173238533,0.187315371,0.160579744
Age-Standardized Smoking Prevalence,206,Gambia,1,Male,29,15+ years,1997,0.316787984,0.343466693,0.293402826
Age-Standardized Smoking Prevalence,206,Gambia,2,Female,29,15+ years,1997,0.018465253,0.023776183,0.014144471
Age-Standardized Smoking Prevalence,206,Gambia,3,Both,29,15+ years,1997,0.169422594,0.182878146,0.156955895
Age-Standardized Smoking Prevalence,206,Gambia,1,Male,29,15+ years,1998,0.310799118,0.33701453,0.287842809
Age-Standardized Smoking Prevalence,206,Gambia,2,Female,29,15+ years,1998,0.018096161,0.023435916,0.013802009
Age-Standardized Smoking Prevalence,206,Gambia,3,Both,29,15+ years,1998,0.165518717,0.178115798,0.153069902
Age-Standardized Smoking Prevalence,206,Gambia,1,Male,29,15+ years,1999,0.304883948,0.330107483,0.281670111
Age-Standardized Smoking Prevalence,206,Gambia,2,Female,29,15+ years,1999,0.017741467,0.023002558,0.013533132
Age-Standardized Smoking Prevalence,206,Gambia,3,Both,29,15+ years,1999,0.161645196,0.174003087,0.149786281
Age-Standardized Smoking Prevalence,206,Gambia,1,Male,29,15+ years,2000,0.299152936,0.32244211,0.276874792
Age-Standardized Smoking Prevalence,206,Gambia,2,Female,29,15+ years,2000,0.017407031,0.022560819,0.013161596
Age-Standardized Smoking Prevalence,206,Gambia,3,Both,29,15+ years,2000,0.157893015,0.169845964,0.146351406
Age-Standardized Smoking Prevalence,206,Gambia,1,Male,29,15+ years,2001,0.293375518,0.315652592,0.271476043
Age-Standardized Smoking Prevalence,206,Gambia,2,Female,29,15+ years,2001,0.0170776,0.022029105,0.012955548
Age-Standardized Smoking Prevalence,206,Gambia,3,Both,29,15+ years,2001,0.154195491,0.165581407,0.143029864
Age-Standardized Smoking Prevalence,206,Gambia,1,Male,29,15+ years,2002,0.287813525,0.309147923,0.266324953
Age-Standardized Smoking Prevalence,206,Gambia,2,Female,29,15+ years,2002,0.016756659,0.021544046,0.012657209
Age-Standardized Smoking Prevalence,206,Gambia,3,Both,29,15+ years,2002,0.150682985,0.161579232,0.139951411
Age-Standardized Smoking Prevalence,206,Gambia,1,Male,29,15+ years,2003,0.282470808,0.302985287,0.261989847
Age-Standardized Smoking Prevalence,206,Gambia,2,Female,29,15+ years,2003,0.016448623,0.021228002,0.012519999
Age-Standardized Smoking Prevalence,206,Gambia,3,Both,29,15+ years,2003,0.147385649,0.157739667,0.136977241
Age-Standardized Smoking Prevalence,206,Gambia,1,Male,29,15+ years,2004,0.277628948,0.297319895,0.258354807
Age-Standardized Smoking Prevalence,206,Gambia,2,Female,29,15+ years,2004,0.016137583,0.020739262,0.012255886
Age-Standardized Smoking Prevalence,206,Gambia,3,Both,29,15+ years,2004,0.14446089,0.15432537,0.134914929
Age-Standardized Smoking Prevalence,206,Gambia,1,Male,29,15+ years,2005,0.273222516,0.291628488,0.255077652
Age-Standardized Smoking Prevalence,206,Gambia,2,Female,29,15+ years,2005,0.015857935,0.020518761,0.012054476
Age-Standardized Smoking Prevalence,206,Gambia,3,Both,29,15+ years,2005,0.141869448,0.151523306,0.132919033
Age-Standardized Smoking Prevalence,206,Gambia,1,Male,29,15+ years,2006,0.268914596,0.286303162,0.252113442
Age-Standardized Smoking Prevalence,206,Gambia,2,Female,29,15+ years,2006,0.015586984,0.020180868,0.011840762
Age-Standardized Smoking Prevalence,206,Gambia,3,Both,29,15+ years,2006,0.139426029,0.148641601,0.131100982
Age-Standardized Smoking Prevalence,206,Gambia,1,Male,29,15+ years,2007,0.264089828,0.280889859,0.248413646
Age-Standardized Smoking Prevalence,206,Gambia,2,Female,29,15+ years,2007,0.015228352,0.019880405,0.011607983
Age-Standardized Smoking Prevalence,206,Gambia,3,Both,29,15+ years,2007,0.13675237,0.145844663,0.128958828
Age-Standardized Smoking Prevalence,206,Gambia,1,Male,29,15+ years,2008,0.258753589,0.274610854,0.24334243
Age-Standardized Smoking Prevalence,206,Gambia,2,Female,29,15+ years,2008,0.014770727,0.019223859,0.011282074
Age-Standardized Smoking Prevalence,206,Gambia,3,Both,29,15+ years,2008,0.133835097,0.142120348,0.126460661
Age-Standardized Smoking Prevalence,206,Gambia,1,Male,29,15+ years,2009,0.253699984,0.268522414,0.239752857
Age-Standardized Smoking Prevalence,206,Gambia,2,Female,29,15+ years,2009,0.014331179,0.01870617,0.010989189
Age-Standardized Smoking Prevalence,206,Gambia,3,Both,29,15+ years,2009,0.131107088,0.138518497,0.124383718
Age-Standardized Smoking Prevalence,206,Gambia,1,Male,29,15+ years,2010,0.248926938,0.263047317,0.235414083
Age-Standardized Smoking Prevalence,206,Gambia,2,Female,29,15+ years,2010,0.01391396,0.018009645,0.010665665
Age-Standardized Smoking Prevalence,206,Gambia,3,Both,29,15+ years,2010,0.128559249,0.135673909,0.121983807
Age-Standardized Smoking Prevalence,206,Gambia,1,Male,29,15+ years,2011,0.243781509,0.256889843,0.230636469
Age-Standardized Smoking Prevalence,206,Gambia,2,Female,29,15+ years,2011,0.013510062,0.017363731,0.010320245
Age-Standardized Smoking Prevalence,206,Gambia,3,Both,29,15+ years,2011,0.12587171,0.132723693,0.119455314
Age-Standardized Smoking Prevalence,206,Gambia,1,Male,29,15+ years,2012,0.239324654,0.252052247,0.226090543
Age-Standardized Smoking Prevalence,206,Gambia,2,Female,29,15+ years,2012,0.013146566,0.016821315,0.010049102
Age-Standardized Smoking Prevalence,206,Gambia,3,Both,29,15+ years,2012,0.12353311,0.13034091,0.11692066
Age-Standardized Smoking Prevalence,206,Gambia,1,Male,29,15+ years,2013,0.236001018,0.249228012,0.22219317
Age-Standardized Smoking Prevalence,206,Gambia,2,Female,29,15+ years,2013,0.012836409,0.016456243,0.009864677
Age-Standardized Smoking Prevalence,206,Gambia,3,Both,29,15+ years,2013,0.121765037,0.128679211,0.114806189
Age-Standardized Smoking Prevalence,206,Gambia,1,Male,29,15+ years,2014,0.235459283,0.249052368,0.221505182
Age-Standardized Smoking Prevalence,206,Gambia,2,Female,29,15+ years,2014,0.012940404,0.016532038,0.009994439
Age-Standardized Smoking Prevalence,206,Gambia,3,Both,29,15+ years,2014,0.121554216,0.128520042,0.114491327
Age-Standardized Smoking Prevalence,206,Gambia,1,Male,29,15+ years,2015,0.235349825,0.249262069,0.221481598
Age-Standardized Smoking Prevalence,206,Gambia,2,Female,29,15+ years,2015,0.013057232,0.016811089,0.010056587
Age-Standardized Smoking Prevalence,206,Gambia,3,Both,29,15+ years,2015,0.121551679,0.128973042,0.114258276
Age-Standardized Smoking Prevalence,206,Gambia,1,Male,29,15+ years,2016,0.235633285,0.250264461,0.220848189
Age-Standardized Smoking Prevalence,206,Gambia,2,Female,29,15+ years,2016,0.013195773,0.01709298,0.010116544
Age-Standardized Smoking Prevalence,206,Gambia,3,Both,29,15+ years,2016,0.121745229,0.129414291,0.113981274
Age-Standardized Smoking Prevalence,206,Gambia,1,Male,29,15+ years,2017,0.23610827,0.251634403,0.220203568
Age-Standardized Smoking Prevalence,206,Gambia,2,Female,29,15+ years,2017,0.013339736,0.017127175,0.010289684
Age-Standardized Smoking Prevalence,206,Gambia,3,Both,29,15+ years,2017,0.122025189,0.129742754,0.114122096
Age-Standardized Smoking Prevalence,206,Gambia,1,Male,29,15+ years,2018,0.236147325,0.252190461,0.219753254
Age-Standardized Smoking Prevalence,206,Gambia,2,Female,29,15+ years,2018,0.013318321,0.017192404,0.010245372
Age-Standardized Smoking Prevalence,206,Gambia,3,Both,29,15+ years,2018,0.122000039,0.130373978,0.113962871
Age-Standardized Smoking Prevalence,206,Gambia,1,Male,29,15+ years,2019,0.236268905,0.253196746,0.219285711
Age-Standardized Smoking Prevalence,206,Gambia,2,Female,29,15+ years,2019,0.013286274,0.017207742,0.010213459
Age-Standardized Smoking Prevalence,206,Gambia,3,Both,29,15+ years,2019,0.122004513,0.130868345,0.113507665
Age-Standardized Smoking Prevalence,207,Ghana,1,Male,29,15+ years,1990,0.113341388,0.125891494,0.102364735
Age-Standardized Smoking Prevalence,207,Ghana,2,Female,29,15+ years,1990,0.019942127,0.026060619,0.014955253
Age-Standardized Smoking Prevalence,207,Ghana,3,Both,29,15+ years,1990,0.065485472,0.072261963,0.059529744
Age-Standardized Smoking Prevalence,207,Ghana,1,Male,29,15+ years,1991,0.110414826,0.122094724,0.099633715
Age-Standardized Smoking Prevalence,207,Ghana,2,Female,29,15+ years,1991,0.01962405,0.025690056,0.014755339
Age-Standardized Smoking Prevalence,207,Ghana,3,Both,29,15+ years,1991,0.063953777,0.070482503,0.05806758
Age-Standardized Smoking Prevalence,207,Ghana,1,Male,29,15+ years,1992,0.107758954,0.119061925,0.097386669
Age-Standardized Smoking Prevalence,207,Ghana,2,Female,29,15+ years,1992,0.019351969,0.025225774,0.014445035
Age-Standardized Smoking Prevalence,207,Ghana,3,Both,29,15+ years,1992,0.062572381,0.068828784,0.056974264
Age-Standardized Smoking Prevalence,207,Ghana,1,Male,29,15+ years,1993,0.105439329,0.116319026,0.095492727
Age-Standardized Smoking Prevalence,207,Ghana,2,Female,29,15+ years,1993,0.019137476,0.02492913,0.014343544
Age-Standardized Smoking Prevalence,207,Ghana,3,Both,29,15+ years,1993,0.061375076,0.067254813,0.055941358
Age-Standardized Smoking Prevalence,207,Ghana,1,Male,29,15+ years,1994,0.103411881,0.113950561,0.09378998
Age-Standardized Smoking Prevalence,207,Ghana,2,Female,29,15+ years,1994,0.018974375,0.024742666,0.014310903
Age-Standardized Smoking Prevalence,207,Ghana,3,Both,29,15+ years,1994,0.060331158,0.065759821,0.054939946
Age-Standardized Smoking Prevalence,207,Ghana,1,Male,29,15+ years,1995,0.10174206,0.111620069,0.092571857
Age-Standardized Smoking Prevalence,207,Ghana,2,Female,29,15+ years,1995,0.018878131,0.024504327,0.014265294
Age-Standardized Smoking Prevalence,207,Ghana,3,Both,29,15+ years,1995,0.059492501,0.06462027,0.054302199
Age-Standardized Smoking Prevalence,207,Ghana,1,Male,29,15+ years,1996,0.100443771,0.10974325,0.091311421
Age-Standardized Smoking Prevalence,207,Ghana,2,Female,29,15+ years,1996,0.018852204,0.024452537,0.014298857
Age-Standardized Smoking Prevalence,207,Ghana,3,Both,29,15+ years,1996,0.058871259,0.063877433,0.053759972
Age-Standardized Smoking Prevalence,207,Ghana,1,Male,29,15+ years,1997,0.099565828,0.108448808,0.090863569
Age-Standardized Smoking Prevalence,207,Ghana,2,Female,29,15+ years,1997,0.018904142,0.024352426,0.014337375
Age-Standardized Smoking Prevalence,207,Ghana,3,Both,29,15+ years,1997,0.058481811,0.063454653,0.053526389
Age-Standardized Smoking Prevalence,207,Ghana,1,Male,29,15+ years,1998,0.099060979,0.107321134,0.090654478
Age-Standardized Smoking Prevalence,207,Ghana,2,Female,29,15+ years,1998,0.019028315,0.024448087,0.014600312
Age-Standardized Smoking Prevalence,207,Ghana,3,Both,29,15+ years,1998,0.058293371,0.062999468,0.053547872
Age-Standardized Smoking Prevalence,207,Ghana,1,Male,29,15+ years,1999,0.09893443,0.10690362,0.091026322
Age-Standardized Smoking Prevalence,207,Ghana,2,Female,29,15+ years,1999,0.019229384,0.024767705,0.01484672
Age-Standardized Smoking Prevalence,207,Ghana,3,Both,29,15+ years,1999,0.058307951,0.062856679,0.053760656
Age-Standardized Smoking Prevalence,207,Ghana,1,Male,29,15+ years,2000,0.099206592,0.106753734,0.091377456
Age-Standardized Smoking Prevalence,207,Ghana,2,Female,29,15+ years,2000,0.019506181,0.02502807,0.01512769
Age-Standardized Smoking Prevalence,207,Ghana,3,Both,29,15+ years,2000,0.058536185,0.063096583,0.054137442
Age-Standardized Smoking Prevalence,207,Ghana,1,Male,29,15+ years,2001,0.099729447,0.106938814,0.092400381
Age-Standardized Smoking Prevalence,207,Ghana,2,Female,29,15+ years,2001,0.019814188,0.025291869,0.01552933
Age-Standardized Smoking Prevalence,207,Ghana,3,Both,29,15+ years,2001,0.058884019,0.063484631,0.054599781
Age-Standardized Smoking Prevalence,207,Ghana,1,Male,29,15+ years,2002,0.100386843,0.107604264,0.092990978
Age-Standardized Smoking Prevalence,207,Ghana,2,Female,29,15+ years,2002,0.020156798,0.025463984,0.015880741
Age-Standardized Smoking Prevalence,207,Ghana,3,Both,29,15+ years,2002,0.059294156,0.063906837,0.054889743
Age-Standardized Smoking Prevalence,207,Ghana,1,Male,29,15+ years,2003,0.101194799,0.108272931,0.093887882
Age-Standardized Smoking Prevalence,207,Ghana,2,Female,29,15+ years,2003,0.020530168,0.025894959,0.016232162
Age-Standardized Smoking Prevalence,207,Ghana,3,Both,29,15+ years,2003,0.059772271,0.064405849,0.055414402
Age-Standardized Smoking Prevalence,207,Ghana,1,Male,29,15+ years,2004,0.101676688,0.108638265,0.094642229
Age-Standardized Smoking Prevalence,207,Ghana,2,Female,29,15+ years,2004,0.021023362,0.026581822,0.0165934
Age-Standardized Smoking Prevalence,207,Ghana,3,Both,29,15+ years,2004,0.060136035,0.064787796,0.055924641
Age-Standardized Smoking Prevalence,207,Ghana,1,Male,29,15+ years,2005,0.102472823,0.10946244,0.095263458
Age-Standardized Smoking Prevalence,207,Ghana,2,Female,29,15+ years,2005,0.021567642,0.027122914,0.016919029
Age-Standardized Smoking Prevalence,207,Ghana,3,Both,29,15+ years,2005,0.060664371,0.065434871,0.056414441
Age-Standardized Smoking Prevalence,207,Ghana,1,Male,29,15+ years,2006,0.103461468,0.110916767,0.096409479
Age-Standardized Smoking Prevalence,207,Ghana,2,Female,29,15+ years,2006,0.022128864,0.027782213,0.017365442
Age-Standardized Smoking Prevalence,207,Ghana,3,Both,29,15+ years,2006,0.061286452,0.066254571,0.057036723
Age-Standardized Smoking Prevalence,207,Ghana,1,Male,29,15+ years,2007,0.10421791,0.111932712,0.09715676
Age-Standardized Smoking Prevalence,207,Ghana,2,Female,29,15+ years,2007,0.022366504,0.02812773,0.017492888
Age-Standardized Smoking Prevalence,207,Ghana,3,Both,29,15+ years,2007,0.061615561,0.066660351,0.057317585
Age-Standardized Smoking Prevalence,207,Ghana,1,Male,29,15+ years,2008,0.104645512,0.112438841,0.097434416
Age-Standardized Smoking Prevalence,207,Ghana,2,Female,29,15+ years,2008,0.022324647,0.027910821,0.017355902
Age-Standardized Smoking Prevalence,207,Ghana,3,Both,29,15+ years,2008,0.061639543,0.066805842,0.057249655
Age-Standardized Smoking Prevalence,207,Ghana,1,Male,29,15+ years,2009,0.105325167,0.113428894,0.097671768
Age-Standardized Smoking Prevalence,207,Ghana,2,Female,29,15+ years,2009,0.022477937,0.028203032,0.01747713
Age-Standardized Smoking Prevalence,207,Ghana,3,Both,29,15+ years,2009,0.061889044,0.067238298,0.057430881
Age-Standardized Smoking Prevalence,207,Ghana,1,Male,29,15+ years,2010,0.105672762,0.114111764,0.097740848
Age-Standardized Smoking Prevalence,207,Ghana,2,Female,29,15+ years,2010,0.022496809,0.028208947,0.017481103
Age-Standardized Smoking Prevalence,207,Ghana,3,Both,29,15+ years,2010,0.061911105,0.067293527,0.057214452
Age-Standardized Smoking Prevalence,207,Ghana,1,Male,29,15+ years,2011,0.105700599,0.114557515,0.097427247
Age-Standardized Smoking Prevalence,207,Ghana,2,Female,29,15+ years,2011,0.022418821,0.028256779,0.017266285
Age-Standardized Smoking Prevalence,207,Ghana,3,Both,29,15+ years,2011,0.061736364,0.067112146,0.056835832
Age-Standardized Smoking Prevalence,207,Ghana,1,Male,29,15+ years,2012,0.105423857,0.114900945,0.096756225
Age-Standardized Smoking Prevalence,207,Ghana,2,Female,29,15+ years,2012,0.022246439,0.0281855,0.017084512
Age-Standardized Smoking Prevalence,207,Ghana,3,Both,29,15+ years,2012,0.061376845,0.066830613,0.056514549
Age-Standardized Smoking Prevalence,207,Ghana,1,Male,29,15+ years,2013,0.104951436,0.115176485,0.096357747
Age-Standardized Smoking Prevalence,207,Ghana,2,Female,29,15+ years,2013,0.022002927,0.027911589,0.016891976
Age-Standardized Smoking Prevalence,207,Ghana,3,Both,29,15+ years,2013,0.060898278,0.066256953,0.056081392
Age-Standardized Smoking Prevalence,207,Ghana,1,Male,29,15+ years,2014,0.104260207,0.114441811,0.095694139
Age-Standardized Smoking Prevalence,207,Ghana,2,Female,29,15+ years,2014,0.021714665,0.027739114,0.01670516
Age-Standardized Smoking Prevalence,207,Ghana,3,Both,29,15+ years,2014,0.060306477,0.065644606,0.055423903
Age-Standardized Smoking Prevalence,207,Ghana,1,Male,29,15+ years,2015,0.104353285,0.114771922,0.095469472
Age-Standardized Smoking Prevalence,207,Ghana,2,Female,29,15+ years,2015,0.021579871,0.0276597,0.016492254
Age-Standardized Smoking Prevalence,207,Ghana,3,Both,29,15+ years,2015,0.060176598,0.065378489,0.055183549
Age-Standardized Smoking Prevalence,207,Ghana,1,Male,29,15+ years,2016,0.104468228,0.115306004,0.095125439
Age-Standardized Smoking Prevalence,207,Ghana,2,Female,29,15+ years,2016,0.021432042,0.027752987,0.016397696
Age-Standardized Smoking Prevalence,207,Ghana,3,Both,29,15+ years,2016,0.060054493,0.065464787,0.055018475
Age-Standardized Smoking Prevalence,207,Ghana,1,Male,29,15+ years,2017,0.104570911,0.115603776,0.095209946
Age-Standardized Smoking Prevalence,207,Ghana,2,Female,29,15+ years,2017,0.021269408,0.027620177,0.016347346
Age-Standardized Smoking Prevalence,207,Ghana,3,Both,29,15+ years,2017,0.059928017,0.065505916,0.054604687
Age-Standardized Smoking Prevalence,207,Ghana,1,Male,29,15+ years,2018,0.104583347,0.115817546,0.09483112
Age-Standardized Smoking Prevalence,207,Ghana,2,Female,29,15+ years,2018,0.021058434,0.027487644,0.016083164
Age-Standardized Smoking Prevalence,207,Ghana,3,Both,29,15+ years,2018,0.059743878,0.06538343,0.054350185
Age-Standardized Smoking Prevalence,207,Ghana,1,Male,29,15+ years,2019,0.104614708,0.116301827,0.094196287
Age-Standardized Smoking Prevalence,207,Ghana,2,Female,29,15+ years,2019,0.020838053,0.027206337,0.015836033
Age-Standardized Smoking Prevalence,207,Ghana,3,Both,29,15+ years,2019,0.059575463,0.065641559,0.054050631
Age-Standardized Smoking Prevalence,214,Nigeria,1,Male,29,15+ years,1990,0.121192007,0.131953639,0.111003375
Age-Standardized Smoking Prevalence,214,Nigeria,2,Female,29,15+ years,1990,0.025085854,0.031192997,0.020142724
Age-Standardized Smoking Prevalence,214,Nigeria,3,Both,29,15+ years,1990,0.076104771,0.082197511,0.070331708
Age-Standardized Smoking Prevalence,214,Nigeria,1,Male,29,15+ years,1991,0.119615438,0.130409716,0.109266253
Age-Standardized Smoking Prevalence,214,Nigeria,2,Female,29,15+ years,1991,0.024483168,0.030343639,0.019636802
Age-Standardized Smoking Prevalence,214,Nigeria,3,Both,29,15+ years,1991,0.074894988,0.081165615,0.069137871
Age-Standardized Smoking Prevalence,214,Nigeria,1,Male,29,15+ years,1992,0.118055478,0.128976069,0.107939567
Age-Standardized Smoking Prevalence,214,Nigeria,2,Female,29,15+ years,1992,0.02388892,0.029458525,0.018956147
Age-Standardized Smoking Prevalence,214,Nigeria,3,Both,29,15+ years,1992,0.073762691,0.080168473,0.068204163
Age-Standardized Smoking Prevalence,214,Nigeria,1,Male,29,15+ years,1993,0.116525971,0.127047931,0.106718673
Age-Standardized Smoking Prevalence,214,Nigeria,2,Female,29,15+ years,1993,0.023312162,0.028786811,0.018371597
Age-Standardized Smoking Prevalence,214,Nigeria,3,Both,29,15+ years,1993,0.072663989,0.079079883,0.067115133
Age-Standardized Smoking Prevalence,214,Nigeria,1,Male,29,15+ years,1994,0.115000247,0.125710576,0.105469401
Age-Standardized Smoking Prevalence,214,Nigeria,2,Female,29,15+ years,1994,0.02275117,0.02833557,0.01797579
Age-Standardized Smoking Prevalence,214,Nigeria,3,Both,29,15+ years,1994,0.071584401,0.077832271,0.066122167
Age-Standardized Smoking Prevalence,214,Nigeria,1,Male,29,15+ years,1995,0.113424615,0.124235479,0.104064656
Age-Standardized Smoking Prevalence,214,Nigeria,2,Female,29,15+ years,1995,0.022198784,0.027595142,0.017469435
Age-Standardized Smoking Prevalence,214,Nigeria,3,Both,29,15+ years,1995,0.070409969,0.076556948,0.065266509
Age-Standardized Smoking Prevalence,214,Nigeria,1,Male,29,15+ years,1996,0.111852567,0.122540799,0.102410146
Age-Standardized Smoking Prevalence,214,Nigeria,2,Female,29,15+ years,1996,0.021666517,0.027235628,0.017084127
Age-Standardized Smoking Prevalence,214,Nigeria,3,Both,29,15+ years,1996,0.069266037,0.075187639,0.064138292
Age-Standardized Smoking Prevalence,214,Nigeria,1,Male,29,15+ years,1997,0.110290026,0.120909872,0.100755558
Age-Standardized Smoking Prevalence,214,Nigeria,2,Female,29,15+ years,1997,0.021150569,0.026437993,0.016542067
Age-Standardized Smoking Prevalence,214,Nigeria,3,Both,29,15+ years,1997,0.068079505,0.074015648,0.062922636
Age-Standardized Smoking Prevalence,214,Nigeria,1,Male,29,15+ years,1998,0.108790175,0.119497666,0.099495635
Age-Standardized Smoking Prevalence,214,Nigeria,2,Female,29,15+ years,1998,0.020657419,0.025868397,0.016062621
Age-Standardized Smoking Prevalence,214,Nigeria,3,Both,29,15+ years,1998,0.066933448,0.072733392,0.061827625
Age-Standardized Smoking Prevalence,214,Nigeria,1,Male,29,15+ years,1999,0.107278474,0.117696422,0.098069714
Age-Standardized Smoking Prevalence,214,Nigeria,2,Female,29,15+ years,1999,0.020178262,0.025250299,0.015748398
Age-Standardized Smoking Prevalence,214,Nigeria,3,Both,29,15+ years,1999,0.065782457,0.071456678,0.060818839
Age-Standardized Smoking Prevalence,214,Nigeria,1,Male,29,15+ years,2000,0.105711155,0.115759039,0.096653143
Age-Standardized Smoking Prevalence,214,Nigeria,2,Female,29,15+ years,2000,0.019707808,0.024520747,0.015355799
Age-Standardized Smoking Prevalence,214,Nigeria,3,Both,29,15+ years,2000,0.064611494,0.070063318,0.059656736
Age-Standardized Smoking Prevalence,214,Nigeria,1,Male,29,15+ years,2001,0.103984226,0.113506124,0.095553998
Age-Standardized Smoking Prevalence,214,Nigeria,2,Female,29,15+ years,2001,0.019232818,0.023897729,0.015034275
Age-Standardized Smoking Prevalence,214,Nigeria,3,Both,29,15+ years,2001,0.06333953,0.068520832,0.058480966
Age-Standardized Smoking Prevalence,214,Nigeria,1,Male,29,15+ years,2002,0.102154306,0.111099078,0.094050249
Age-Standardized Smoking Prevalence,214,Nigeria,2,Female,29,15+ years,2002,0.018758094,0.023394801,0.014672619
Age-Standardized Smoking Prevalence,214,Nigeria,3,Both,29,15+ years,2002,0.062032016,0.067118357,0.057265084
Age-Standardized Smoking Prevalence,214,Nigeria,1,Male,29,15+ years,2003,0.100247811,0.108802009,0.092150317
Age-Standardized Smoking Prevalence,214,Nigeria,2,Female,29,15+ years,2003,0.018283249,0.023016829,0.014175765
Age-Standardized Smoking Prevalence,214,Nigeria,3,Both,29,15+ years,2003,0.060665513,0.065573719,0.055999056
Age-Standardized Smoking Prevalence,214,Nigeria,1,Male,29,15+ years,2004,0.098574817,0.107112307,0.090819725
Age-Standardized Smoking Prevalence,214,Nigeria,2,Female,29,15+ years,2004,0.017909663,0.022577578,0.013880485
Age-Standardized Smoking Prevalence,214,Nigeria,3,Both,29,15+ years,2004,0.059447058,0.064311723,0.054870041
Age-Standardized Smoking Prevalence,214,Nigeria,1,Male,29,15+ years,2005,0.096803883,0.105065445,0.089444959
Age-Standardized Smoking Prevalence,214,Nigeria,2,Female,29,15+ years,2005,0.017516375,0.022224397,0.013621566
Age-Standardized Smoking Prevalence,214,Nigeria,3,Both,29,15+ years,2005,0.058118174,0.062697033,0.053632536
Age-Standardized Smoking Prevalence,214,Nigeria,1,Male,29,15+ years,2006,0.094968036,0.102894208,0.087775158
Age-Standardized Smoking Prevalence,214,Nigeria,2,Female,29,15+ years,2006,0.017108688,0.02171536,0.01333458
Age-Standardized Smoking Prevalence,214,Nigeria,3,Both,29,15+ years,2006,0.056756818,0.06125866,0.052434821
Age-Standardized Smoking Prevalence,214,Nigeria,1,Male,29,15+ years,2007,0.093043426,0.100849074,0.086166347
Age-Standardized Smoking Prevalence,214,Nigeria,2,Female,29,15+ years,2007,0.016558735,0.021016631,0.012947948
Age-Standardized Smoking Prevalence,214,Nigeria,3,Both,29,15+ years,2007,0.055256945,0.05966086,0.051192783
Age-Standardized Smoking Prevalence,214,Nigeria,1,Male,29,15+ years,2008,0.090790188,0.098470406,0.083991122
Age-Standardized Smoking Prevalence,214,Nigeria,2,Female,29,15+ years,2008,0.015794466,0.020253757,0.012346762
Age-Standardized Smoking Prevalence,214,Nigeria,3,Both,29,15+ years,2008,0.053481739,0.05790601,0.049601602
Age-Standardized Smoking Prevalence,214,Nigeria,1,Male,29,15+ years,2009,0.088706799,0.096444467,0.081925241
Age-Standardized Smoking Prevalence,214,Nigeria,2,Female,29,15+ years,2009,0.015203064,0.01941399,0.011874521
Age-Standardized Smoking Prevalence,214,Nigeria,3,Both,29,15+ years,2009,0.05188389,0.056198621,0.048001138
Age-Standardized Smoking Prevalence,214,Nigeria,1,Male,29,15+ years,2010,0.086621232,0.094467846,0.079991568
Age-Standardized Smoking Prevalence,214,Nigeria,2,Female,29,15+ years,2010,0.014607643,0.018817408,0.011406048
Age-Standardized Smoking Prevalence,214,Nigeria,3,Both,29,15+ years,2010,0.05027118,0.054571591,0.046249141
Age-Standardized Smoking Prevalence,214,Nigeria,1,Male,29,15+ years,2011,0.084542805,0.092280277,0.077909274
Age-Standardized Smoking Prevalence,214,Nigeria,2,Female,29,15+ years,2011,0.014027275,0.018144,0.01087502
Age-Standardized Smoking Prevalence,214,Nigeria,3,Both,29,15+ years,2011,0.048688495,0.052969461,0.04476058
Age-Standardized Smoking Prevalence,214,Nigeria,1,Male,29,15+ years,2012,0.082478792,0.09006836,0.075823449
Age-Standardized Smoking Prevalence,214,Nigeria,2,Female,29,15+ years,2012,0.013458156,0.017461308,0.010365659
Age-Standardized Smoking Prevalence,214,Nigeria,3,Both,29,15+ years,2012,0.047145284,0.051268068,0.043393526
Age-Standardized Smoking Prevalence,214,Nigeria,1,Male,29,15+ years,2013,0.080474618,0.088116576,0.07399461
Age-Standardized Smoking Prevalence,214,Nigeria,2,Female,29,15+ years,2013,0.012968603,0.017042912,0.009853255
Age-Standardized Smoking Prevalence,214,Nigeria,3,Both,29,15+ years,2013,0.045683007,0.049781497,0.042073532
Age-Standardized Smoking Prevalence,214,Nigeria,1,Male,29,15+ years,2014,0.078819686,0.086227914,0.072238145
Age-Standardized Smoking Prevalence,214,Nigeria,2,Female,29,15+ years,2014,0.012643305,0.016698541,0.009556663
Age-Standardized Smoking Prevalence,214,Nigeria,3,Both,29,15+ years,2014,0.044494425,0.04858483,0.040859844
Age-Standardized Smoking Prevalence,214,Nigeria,1,Male,29,15+ years,2015,0.077394889,0.085051852,0.070454837
Age-Standardized Smoking Prevalence,214,Nigeria,2,Female,29,15+ years,2015,0.012351685,0.016266012,0.00925147
Age-Standardized Smoking Prevalence,214,Nigeria,3,Both,29,15+ years,2015,0.0434197,0.047539481,0.039772313
Age-Standardized Smoking Prevalence,214,Nigeria,1,Male,29,15+ years,2016,0.076215626,0.083842545,0.069141383
Age-Standardized Smoking Prevalence,214,Nigeria,2,Female,29,15+ years,2016,0.012097706,0.016002764,0.009027833
Age-Standardized Smoking Prevalence,214,Nigeria,3,Both,29,15+ years,2016,0.042514346,0.046727263,0.038748886
Age-Standardized Smoking Prevalence,214,Nigeria,1,Male,29,15+ years,2017,0.075310857,0.082916851,0.068242364
Age-Standardized Smoking Prevalence,214,Nigeria,2,Female,29,15+ years,2017,0.011885427,0.015646025,0.008816574
Age-Standardized Smoking Prevalence,214,Nigeria,3,Both,29,15+ years,2017,0.041784993,0.046019272,0.037991638
Age-Standardized Smoking Prevalence,214,Nigeria,1,Male,29,15+ years,2018,0.074747067,0.082294348,0.06741637
Age-Standardized Smoking Prevalence,214,Nigeria,2,Female,29,15+ years,2018,0.011715762,0.015543561,0.008631002
Age-Standardized Smoking Prevalence,214,Nigeria,3,Both,29,15+ years,2018,0.041257809,0.045570853,0.037368551
Age-Standardized Smoking Prevalence,214,Nigeria,1,Male,29,15+ years,2019,0.074319592,0.082139449,0.066907036
Age-Standardized Smoking Prevalence,214,Nigeria,2,Female,29,15+ years,2019,0.011565281,0.015357695,0.008620524
Age-Standardized Smoking Prevalence,214,Nigeria,3,Both,29,15+ years,2019,0.040821557,0.045067559,0.036933013
Age-Standardized Smoking Prevalence,522,Sudan,1,Male,29,15+ years,1990,0.223338775,0.24653331,0.202689061
Age-Standardized Smoking Prevalence,522,Sudan,2,Female,29,15+ years,1990,0.02334402,0.030237934,0.017727024
Age-Standardized Smoking Prevalence,522,Sudan,3,Both,29,15+ years,1990,0.122117032,0.133652308,0.111084342
Age-Standardized Smoking Prevalence,522,Sudan,1,Male,29,15+ years,1991,0.222946185,0.245053824,0.202219417
Age-Standardized Smoking Prevalence,522,Sudan,2,Female,29,15+ years,1991,0.023313676,0.030295377,0.017792084
Age-Standardized Smoking Prevalence,522,Sudan,3,Both,29,15+ years,1991,0.122128453,0.133482987,0.111363277
Age-Standardized Smoking Prevalence,522,Sudan,1,Male,29,15+ years,1992,0.22289868,0.244415852,0.202552769
Age-Standardized Smoking Prevalence,522,Sudan,2,Female,29,15+ years,1992,0.023308738,0.029914154,0.017796284
Age-Standardized Smoking Prevalence,522,Sudan,3,Both,29,15+ years,1992,0.122284382,0.1332438,0.111718355
Age-Standardized Smoking Prevalence,522,Sudan,1,Male,29,15+ years,1993,0.223254735,0.244090704,0.203496838
Age-Standardized Smoking Prevalence,522,Sudan,2,Female,29,15+ years,1993,0.023360059,0.030080275,0.017814215
Age-Standardized Smoking Prevalence,522,Sudan,3,Both,29,15+ years,1993,0.122633116,0.133068869,0.112244774
Age-Standardized Smoking Prevalence,522,Sudan,1,Male,29,15+ years,1994,0.223916247,0.244008421,0.204256544
Age-Standardized Smoking Prevalence,522,Sudan,2,Female,29,15+ years,1994,0.023450689,0.030054715,0.017818445
Age-Standardized Smoking Prevalence,522,Sudan,3,Both,29,15+ years,1994,0.123133224,0.133097489,0.112806089
Age-Standardized Smoking Prevalence,522,Sudan,1,Male,29,15+ years,1995,0.224740409,0.245573281,0.204498445
Age-Standardized Smoking Prevalence,522,Sudan,2,Female,29,15+ years,1995,0.023579914,0.030108624,0.017980799
Age-Standardized Smoking Prevalence,522,Sudan,3,Both,29,15+ years,1995,0.123716772,0.133432367,0.113333675
Age-Standardized Smoking Prevalence,522,Sudan,1,Male,29,15+ years,1996,0.225809679,0.245887418,0.205805741
Age-Standardized Smoking Prevalence,522,Sudan,2,Female,29,15+ years,1996,0.023744497,0.030026402,0.018333742
Age-Standardized Smoking Prevalence,522,Sudan,3,Both,29,15+ years,1996,0.124493859,0.134248823,0.113958776
Age-Standardized Smoking Prevalence,522,Sudan,1,Male,29,15+ years,1997,0.22689087,0.2477042,0.206966562
Age-Standardized Smoking Prevalence,522,Sudan,2,Female,29,15+ years,1997,0.023935607,0.030243152,0.018527397
Age-Standardized Smoking Prevalence,522,Sudan,3,Both,29,15+ years,1997,0.125311985,0.135133436,0.114726392
Age-Standardized Smoking Prevalence,522,Sudan,1,Male,29,15+ years,1998,0.227748557,0.248126949,0.208006022
Age-Standardized Smoking Prevalence,522,Sudan,2,Female,29,15+ years,1998,0.02411907,0.030723035,0.018604928
Age-Standardized Smoking Prevalence,522,Sudan,3,Both,29,15+ years,1998,0.125976544,0.135661569,0.115583392
Age-Standardized Smoking Prevalence,522,Sudan,1,Male,29,15+ years,1999,0.228563553,0.248105452,0.209819764
Age-Standardized Smoking Prevalence,522,Sudan,2,Female,29,15+ years,1999,0.024305197,0.031267312,0.018838609
Age-Standardized Smoking Prevalence,522,Sudan,3,Both,29,15+ years,1999,0.126595186,0.136288926,0.116561157
Age-Standardized Smoking Prevalence,522,Sudan,1,Male,29,15+ years,2000,0.229113182,0.248233283,0.210538172
Age-Standardized Smoking Prevalence,522,Sudan,2,Female,29,15+ years,2000,0.024471668,0.031313672,0.018938102
Age-Standardized Smoking Prevalence,522,Sudan,3,Both,29,15+ years,2000,0.127058621,0.137012551,0.117305543
Age-Standardized Smoking Prevalence,522,Sudan,1,Male,29,15+ years,2001,0.229474704,0.248312467,0.210654674
Age-Standardized Smoking Prevalence,522,Sudan,2,Female,29,15+ years,2001,0.024657798,0.031536416,0.019166211
Age-Standardized Smoking Prevalence,522,Sudan,3,Both,29,15+ years,2001,0.127342774,0.136893235,0.11749817
Age-Standardized Smoking Prevalence,522,Sudan,1,Male,29,15+ years,2002,0.229438533,0.248442653,0.211066433
Age-Standardized Smoking Prevalence,522,Sudan,2,Female,29,15+ years,2002,0.024829026,0.031749909,0.019286911
Age-Standardized Smoking Prevalence,522,Sudan,3,Both,29,15+ years,2002,0.127333968,0.136629024,0.117664948
Age-Standardized Smoking Prevalence,522,Sudan,1,Male,29,15+ years,2003,0.229015751,0.248119966,0.211289122
Age-Standardized Smoking Prevalence,522,Sudan,2,Female,29,15+ years,2003,0.024956286,0.031818779,0.019421875
Age-Standardized Smoking Prevalence,522,Sudan,3,Both,29,15+ years,2003,0.127091618,0.136367419,0.117611209
Age-Standardized Smoking Prevalence,522,Sudan,1,Male,29,15+ years,2004,0.228550414,0.247130179,0.21144066
Age-Standardized Smoking Prevalence,522,Sudan,2,Female,29,15+ years,2004,0.025085093,0.031788422,0.019772938
Age-Standardized Smoking Prevalence,522,Sudan,3,Both,29,15+ years,2004,0.126871415,0.135953747,0.117636889
Age-Standardized Smoking Prevalence,522,Sudan,1,Male,29,15+ years,2005,0.228083845,0.245755852,0.211620168
Age-Standardized Smoking Prevalence,522,Sudan,2,Female,29,15+ years,2005,0.025188228,0.032012119,0.019968428
Age-Standardized Smoking Prevalence,522,Sudan,3,Both,29,15+ years,2005,0.126647347,0.135800674,0.117552758
Age-Standardized Smoking Prevalence,522,Sudan,1,Male,29,15+ years,2006,0.225321867,0.242307523,0.209053632
Age-Standardized Smoking Prevalence,522,Sudan,2,Female,29,15+ years,2006,0.024827121,0.031327814,0.019544119
Age-Standardized Smoking Prevalence,522,Sudan,3,Both,29,15+ years,2006,0.125065013,0.13411222,0.116250525
Age-Standardized Smoking Prevalence,522,Sudan,1,Male,29,15+ years,2007,0.2223297,0.239378229,0.206569896
Age-Standardized Smoking Prevalence,522,Sudan,2,Female,29,15+ years,2007,0.024414067,0.030795654,0.01917201
Age-Standardized Smoking Prevalence,522,Sudan,3,Both,29,15+ years,2007,0.123343928,0.1320765,0.114743729
Age-Standardized Smoking Prevalence,522,Sudan,1,Male,29,15+ years,2008,0.219047456,0.235879711,0.203800624
Age-Standardized Smoking Prevalence,522,Sudan,2,Female,29,15+ years,2008,0.023953008,0.030203466,0.018866611
Age-Standardized Smoking Prevalence,522,Sudan,3,Both,29,15+ years,2008,0.121435871,0.129725958,0.113124074
Age-Standardized Smoking Prevalence,522,Sudan,1,Male,29,15+ years,2009,0.215548432,0.23188319,0.200667034
Age-Standardized Smoking Prevalence,522,Sudan,2,Female,29,15+ years,2009,0.023451287,0.029717719,0.018551427
Age-Standardized Smoking Prevalence,522,Sudan,3,Both,29,15+ years,2009,0.119367631,0.127749886,0.111349096
Age-Standardized Smoking Prevalence,522,Sudan,1,Male,29,15+ years,2010,0.212057513,0.228212892,0.197774064
Age-Standardized Smoking Prevalence,522,Sudan,2,Female,29,15+ years,2010,0.022917551,0.028987369,0.018037804
Age-Standardized Smoking Prevalence,522,Sudan,3,Both,29,15+ years,2010,0.117249104,0.125635329,0.109478634
Age-Standardized Smoking Prevalence,522,Sudan,1,Male,29,15+ years,2011,0.208577092,0.224407931,0.194487614
Age-Standardized Smoking Prevalence,522,Sudan,2,Female,29,15+ years,2011,0.022361709,0.028263304,0.017611089
Age-Standardized Smoking Prevalence,522,Sudan,3,Both,29,15+ years,2011,0.115153194,0.123884055,0.107636417
Age-Standardized Smoking Prevalence,522,Sudan,1,Male,29,15+ years,2012,0.205225543,0.221035048,0.190138153
Age-Standardized Smoking Prevalence,522,Sudan,2,Female,29,15+ years,2012,0.021781178,0.027712858,0.017033633
Age-Standardized Smoking Prevalence,522,Sudan,3,Both,29,15+ years,2012,0.113145877,0.121221341,0.105546288
Age-Standardized Smoking Prevalence,522,Sudan,1,Male,29,15+ years,2013,0.202292649,0.217525986,0.187185228
Age-Standardized Smoking Prevalence,522,Sudan,2,Female,29,15+ years,2013,0.021203691,0.027146781,0.016502201
Age-Standardized Smoking Prevalence,522,Sudan,3,Both,29,15+ years,2013,0.11137891,0.119421407,0.103879574
Age-Standardized Smoking Prevalence,522,Sudan,1,Male,29,15+ years,2014,0.199852073,0.215158789,0.185072201
Age-Standardized Smoking Prevalence,522,Sudan,2,Female,29,15+ years,2014,0.020655259,0.026405734,0.01588645
Age-Standardized Smoking Prevalence,522,Sudan,3,Both,29,15+ years,2014,0.109888303,0.11782428,0.10235665
Age-Standardized Smoking Prevalence,522,Sudan,1,Male,29,15+ years,2015,0.197677997,0.212548133,0.183107278
Age-Standardized Smoking Prevalence,522,Sudan,2,Female,29,15+ years,2015,0.02011991,0.025815674,0.015449608
Age-Standardized Smoking Prevalence,522,Sudan,3,Both,29,15+ years,2015,0.108583903,0.116302091,0.101028823
Age-Standardized Smoking Prevalence,522,Sudan,1,Male,29,15+ years,2016,0.195891671,0.211332329,0.181353499
Age-Standardized Smoking Prevalence,522,Sudan,2,Female,29,15+ years,2016,0.019629726,0.025381796,0.014952413
Age-Standardized Smoking Prevalence,522,Sudan,3,Both,29,15+ years,2016,0.107539258,0.115340492,0.099871403
Age-Standardized Smoking Prevalence,522,Sudan,1,Male,29,15+ years,2017,0.195405808,0.211128635,0.180532602
Age-Standardized Smoking Prevalence,522,Sudan,2,Female,29,15+ years,2017,0.019547165,0.025471328,0.014919386
Age-Standardized Smoking Prevalence,522,Sudan,3,Both,29,15+ years,2017,0.107312727,0.115100753,0.099584718
Age-Standardized Smoking Prevalence,522,Sudan,1,Male,29,15+ years,2018,0.195293205,0.210935138,0.180294505
Age-Standardized Smoking Prevalence,522,Sudan,2,Female,29,15+ years,2018,0.019497652,0.02539448,0.014783402
Age-Standardized Smoking Prevalence,522,Sudan,3,Both,29,15+ years,2018,0.107242751,0.115060294,0.099627617
Age-Standardized Smoking Prevalence,522,Sudan,1,Male,29,15+ years,2019,0.195406198,0.211302926,0.179990187
Age-Standardized Smoking Prevalence,522,Sudan,2,Female,29,15+ years,2019,0.019455775,0.025376374,0.014643481
Age-Standardized Smoking Prevalence,522,Sudan,3,Both,29,15+ years,2019,0.107282448,0.115525523,0.099392981