"Study.title","Study.ID","Column.name"
"","26874","first.author.surname"
"","26874","title.extracted"
"","26873","title.extracted"
"","26861","title.extracted"
"","26858","title.extracted"
"","26522","title.extracted"
"","26873","correspond.author.email"
"","26873","study.country"
"","26873","study.setting"
"","26858","study.setting"
"","26874","study.rurality"
"","26873","study.rurality"
"","26861","study.rurality"
"","26858","study.rurality"
"","26522","study.rurality"
"","26874","screening.criteria"
"","26522","screening.criteria"
"","26873","positive.xray.definition"
"","26522","smear.used"
"","26873","other.xpert.samples"
"","26858","xpert.trace"
"","26873","presumptive.tb.definition"
"","26861","presumptive.tb.definition"
"","26861","radiologic.tb.definition"
"","26522","prevalent.tb.defintion"
"","26874","hiv.status.definition"
"","26873","hiv.status.definition"
"","26861","hiv.status.definition"
"","26858","hiv.status.definition"
"","26874","participant.definition"
"","26861","total.target.pop"
"","26874","report.sex"
"","26873","report.sex"
"","26861","report.sex"
"","26858","report.sex"
"","26522","report.sex"
"","26861","adj.prev100K.bacteriological.tb.age.grp.2"
"","26874","additional.references"
"","26873","additional.references"
"A Baseline Survey Of The Prevalence Of Tuberculosis In a Community In South India At The Commencement Of a Dots Programme","26893","study.rurality"
"A Baseline Survey Of The Prevalence Of Tuberculosis In a Community In South India At The Commencement Of a Dots Programme","26893","rurality.definition"
"A Baseline Survey Of The Prevalence Of Tuberculosis In a Community In South India At The Commencement Of a Dots Programme","26893","hiv.status.definition"
"A Baseline Survey Of The Prevalence Of Tuberculosis In a Community In South India At The Commencement Of a Dots Programme","26893","report.sex"
"A Rapid Survey To Determine The Prevalence Of Smear-Positive Tuberculosis In Addis Ababa","26888","screening.criteria"
"A Rapid Survey To Determine The Prevalence Of Smear-Positive Tuberculosis In Addis Ababa","26888","positive.xray.definition"
"A Rapid Survey To Determine The Prevalence Of Smear-Positive Tuberculosis In Addis Ababa","26888","hiv.status.definition"
"A Rapid Survey To Determine The Prevalence Of Smear-Positive Tuberculosis In Addis Ababa","26888","report.sex"
"A Survey Of Tuberculosis Prevalence In Hanoi, Vietnam","26899","hiv.status.definition"
"A Survey Of Tuberculosis Prevalence In Hanoi, Vietnam","26899","total.target.pop"
"A Survey Of Tuberculosis Prevalence In Hanoi, Vietnam","26899","report.sex"
"A Tuberculosis Nationwide Prevalence Survey In Gambia, 2012","20811","study.setting"
"A Tuberculosis Nationwide Prevalence Survey In Gambia, 2012","20811","study.rurality"
"A Tuberculosis Nationwide Prevalence Survey In Gambia, 2012","20811","other.smear.samples"
"A Tuberculosis Nationwide Prevalence Survey In Gambia, 2012","20811","other.xpert.samples"
"A Tuberculosis Nationwide Prevalence Survey In Gambia, 2012","20811","other.culture.samples"
"A Tuberculosis Nationwide Prevalence Survey In Gambia, 2012","20811","other.test.used"
"A Tuberculosis Nationwide Prevalence Survey In Gambia, 2012","20811","hiv.status.definition"
"A Tuberculosis Nationwide Prevalence Survey In Gambia, 2012","20811","calculate.adj.prevalence"
"A Tuberculosis Nationwide Prevalence Survey In Gambia, 2012","20811","n.bacteriological.tb.male"
"A Tuberculosis Nationwide Prevalence Survey In Gambia, 2012","20811","prev100K.CI.bacteriological.tb.sex.total"
"A Tuberculosis Nationwide Prevalence Survey In Gambia, 2012","20811","additional.references"
"Active Case Finding Of Undetected Tuberculosis Among Chronic Coughers In a Slum Setting In Kampala, Uganda","26937","positive.xray.definition"
"Active Case Finding Of Undetected Tuberculosis Among Chronic Coughers In a Slum Setting In Kampala, Uganda","26937","other.smear.samples"
"Active Case Finding Of Undetected Tuberculosis Among Chronic Coughers In a Slum Setting In Kampala, Uganda","26937","other.xpert.samples"
"Active Case Finding Of Undetected Tuberculosis Among Chronic Coughers In a Slum Setting In Kampala, Uganda","26937","other.culture.samples"
"Active Case Finding Of Undetected Tuberculosis Among Chronic Coughers In a Slum Setting In Kampala, Uganda","26937","other.test.used"
"Active Case Finding Of Undetected Tuberculosis Among Chronic Coughers In a Slum Setting In Kampala, Uganda","26937","hiv.status.definition"
"Active Case Finding Of Undetected Tuberculosis Among Chronic Coughers In a Slum Setting In Kampala, Uganda","26937","report.sex"
"Active Case Finding Of Undetected Tuberculosis Among Chronic Coughers In a Slum Setting In Kampala, Uganda","26937","additional.references"
"Active Case Finding Of Undetected Tuberculosis Among Chronic Coughers In a Slum Setting In Kampala, Uganda","26937","study.quality.representative"
"Active Case Finding Of Undetected Tuberculosis Among Chronic Coughers In a Slum Setting In Kampala, Uganda","26937","study.quality.case.definition"
"Active Case Finding Of Undetected Tuberculosis Among Chronic Coughers In a Slum Setting In Kampala, Uganda","26937","study.quality.summary"
"Active Detection Of Tuberculosis And Paragonimiasis In The Remote Areas In North-Eastern India Using Cough As a Simple Indicator","26979","study.rurality"
"Active Detection Of Tuberculosis And Paragonimiasis In The Remote Areas In North-Eastern India Using Cough As a Simple Indicator","26932","study.rurality"
"Active Detection Of Tuberculosis And Paragonimiasis In The Remote Areas In North-Eastern India Using Cough As a Simple Indicator","26979","screening.criteria"
"Active Detection Of Tuberculosis And Paragonimiasis In The Remote Areas In North-Eastern India Using Cough As a Simple Indicator","26932","screening.criteria"
"Active Detection Of Tuberculosis And Paragonimiasis In The Remote Areas In North-Eastern India Using Cough As a Simple Indicator","26979","positive.xray.definition"
"Active Detection Of Tuberculosis And Paragonimiasis In The Remote Areas In North-Eastern India Using Cough As a Simple Indicator","26932","positive.xray.definition"
"Active Detection Of Tuberculosis And Paragonimiasis In The Remote Areas In North-Eastern India Using Cough As a Simple Indicator","26932","smear.positive.tb.definition"
"Active Detection Of Tuberculosis And Paragonimiasis In The Remote Areas In North-Eastern India Using Cough As a Simple Indicator","26979","hiv.status.definition"
"Active Detection Of Tuberculosis And Paragonimiasis In The Remote Areas In North-Eastern India Using Cough As a Simple Indicator","26932","hiv.status.definition"
"Active Detection Of Tuberculosis And Paragonimiasis In The Remote Areas In North-Eastern India Using Cough As a Simple Indicator","26979","report.sex"
"Active Detection Of Tuberculosis And Paragonimiasis In The Remote Areas In North-Eastern India Using Cough As a Simple Indicator","26932","report.sex"
"Analysis Of Tuberculosis Screening Results In Six Remote Villages In Yunnan Province","26950","study.rurality"
"Analysis Of Tuberculosis Screening Results In Six Remote Villages In Yunnan Province","26950","hiv.status.definition"
"Analysis Of Tuberculosis Screening Results In Six Remote Villages In Yunnan Province","26950","report.sex"
"Antiretroviral Program Associated With Reduction In Untreated Prevalent Tuberculosis In a South African Township","26911","screening.criteria"
"Antiretroviral Program Associated With Reduction In Untreated Prevalent Tuberculosis In a South African Township","26911","positive.xray.definition"
"Burden Of Pulmonary Tuberculosis Among Tribal Population: A Cross‑Sectional Study In Tribal Areas Of Maharashtra, India","25143","study.setting"
"Burden Of Pulmonary Tuberculosis Among Tribal Population: A Cross‑Sectional Study In Tribal Areas Of Maharashtra, India","25143","study.rurality"
"Burden Of Pulmonary Tuberculosis Among Tribal Population: A Cross‑Sectional Study In Tribal Areas Of Maharashtra, India","25143","hiv.status.definition"
"Burden Of Pulmonary Tuberculosis Among Tribal Population: A Cross‑Sectional Study In Tribal Areas Of Maharashtra, India","25143","report.sex"
"Burden Of Pulmonary Tuberculosis Among Tribal Population: A Cross‑Sectional Study In Tribal Areas Of Maharashtra, India","25143","additional.references"
"Burden Of Tuberculosis In Kampala, Uganda","26895","study.rurality"
"Burden Of Tuberculosis In Kampala, Uganda","26895","positive.xray.definition"
"Burden Of Tuberculosis In Kampala, Uganda","26895","hiv.status.definition"
"Burden Of Tuberculosis In Kampala, Uganda","26895","other.definitions"
"Burden Of Tuberculosis In Kampala, Uganda","26895","report.sex"
"Burden Of Tuberculosis In Kampala, Uganda","26895","age.grp.6.range"
"Changes In Pulmonary Tuberculosis Prevalence: Evidence From The 2010 Population Survey In a Populous Province Of China","26951","study.rurality"
"Changes In Pulmonary Tuberculosis Prevalence: Evidence From The 2010 Population Survey In a Populous Province Of China","26951","hiv.status.definition"
"Changes In Pulmonary Tuberculosis Prevalence: Evidence From The 2010 Population Survey In a Populous Province Of China","26951","participant.definition"
"Changes In Pulmonary Tuberculosis Prevalence: Evidence From The 2010 Population Survey In a Populous Province Of China","26951","report.sex"
"Community-Based Active Tuberculosis Case Finding In Poor Urban Settlements Of Phnom Penh, Cambodia: a Feasible And Effective Strategy","26909","positive.xray.definition"
"Community-Based Active Tuberculosis Case Finding In Poor Urban Settlements Of Phnom Penh, Cambodia: a Feasible And Effective Strategy","26909","report.sex"
"Community-Based Active Tuberculosis Case Finding In Poor Urban Settlements Of Phnom Penh, Cambodia: a Feasible And Effective Strategy","26909","additional.references"
"Community-Based Prevalence Of Undiagnosed Mycobacterial Diseases In The Afar Region, North-East Ethiopia","26906","study.rurality"
"Community-Based Prevalence Of Undiagnosed Mycobacterial Diseases In The Afar Region, North-East Ethiopia","26906","positive.xray.definition"
"Community-Based Prevalence Of Undiagnosed Mycobacterial Diseases In The Afar Region, North-East Ethiopia","26906","report.sex"
"Community-Based Prevalence Of Undiagnosed Mycobacterial Diseases In The Afar Region, North-East Ethiopia","26906","additional.references"
"Comparison Of Two Active Case-Finding Strategies For Community-Based Diagnosis Of Symptomatic Smear-Positive Tuberculosis And Control Of Infectious Tuberculosis In Harare, Zimbabwe (Detectb): a Cluster-Randomised Trial","26887","first.author.surname"
"Comparison Of Two Active Case-Finding Strategies For Community-Based Diagnosis Of Symptomatic Smear-Positive Tuberculosis And Control Of Infectious Tuberculosis In Harare, Zimbabwe (Detectb): a Cluster-Randomised Trial","26887","correspond.author"
"Comparison Of Two Active Case-Finding Strategies For Community-Based Diagnosis Of Symptomatic Smear-Positive Tuberculosis And Control Of Infectious Tuberculosis In Harare, Zimbabwe (Detectb): a Cluster-Randomised Trial","26887","other.xpert.samples"
"Comparison Of Two Active Case-Finding Strategies For Community-Based Diagnosis Of Symptomatic Smear-Positive Tuberculosis And Control Of Infectious Tuberculosis In Harare, Zimbabwe (Detectb): a Cluster-Randomised Trial","26887","other.test.used"
"Comparison Of Two Active Case-Finding Strategies For Community-Based Diagnosis Of Symptomatic Smear-Positive Tuberculosis And Control Of Infectious Tuberculosis In Harare, Zimbabwe (Detectb): a Cluster-Randomised Trial","26887","report.sex"
"Cross-Sectional Studies Of Tuberculosis Prevalence In Cambodia Between 2002 And 2011","26910","study.rurality"
"Cross-Sectional Studies Of Tuberculosis Prevalence In Cambodia Between 2002 And 2011","26910","bacteriological.tb.definition"
"Cross-Sectional Studies Of Tuberculosis Prevalence In Cambodia Between 2002 And 2011","26910","smear.negative.tb.definition"
"Cross-Sectional Studies Of Tuberculosis Prevalence In Cambodia Between 2002 And 2011","26910","hiv.status.definition"
"Cross-Sectional Studies Of Tuberculosis Prevalence In Cambodia Between 2002 And 2011","26910","report.sex"
"Declining Tuberculosis Prevalence In Saharia, a Particularly Vulnerable Tribal Community In Central India: Evidences For Action","25244","study.rurality"
"Declining Tuberculosis Prevalence In Saharia, a Particularly Vulnerable Tribal Community In Central India: Evidences For Action","25244","screening.criteria"
"Declining Tuberculosis Prevalence In Saharia, a Particularly Vulnerable Tribal Community In Central India: Evidences For Action","25244","positive.xray.definition"
"Declining Tuberculosis Prevalence In Saharia, a Particularly Vulnerable Tribal Community In Central India: Evidences For Action","25244","presumptive.tb.definition"
"Declining Tuberculosis Prevalence In Saharia, a Particularly Vulnerable Tribal Community In Central India: Evidences For Action","25244","hiv.status.definition"
"Declining Tuberculosis Prevalence In Saharia, a Particularly Vulnerable Tribal Community In Central India: Evidences For Action","25244","report.sex"
"Declining Tuberculosis Prevalence In Saharia,a Particularly Vulnerable Tribal Community Incentral India: Evidences For Action","26980","correspond.author.email"
"Declining Tuberculosis Prevalence In Saharia,a Particularly Vulnerable Tribal Community Incentral India: Evidences For Action","26980","positive.xray.definition"
"Declining Tuberculosis Prevalence In Saharia,a Particularly Vulnerable Tribal Community Incentral India: Evidences For Action","26980","bacteriological.tb.definition"
"Declining Tuberculosis Prevalence In Saharia,a Particularly Vulnerable Tribal Community Incentral India: Evidences For Action","26980","hiv.status.definition"
"Declining Tuberculosis Prevalence In Saharia,a Particularly Vulnerable Tribal Community Incentral India: Evidences For Action","26980","calculate.adj.prevalence"
"Declining Tuberculosis Prevalence In Saharia,a Particularly Vulnerable Tribal Community Incentral India: Evidences For Action","26980","report.sex"
"Determining The Burden Of Tuberculosis In Eritrea: a New Approach","26935","study.rurality"
"Determining The Burden Of Tuberculosis In Eritrea: a New Approach","26935","participant.screening"
"Determining The Burden Of Tuberculosis In Eritrea: a New Approach","26935","positive.xray.definition"
"Determining The Burden Of Tuberculosis In Eritrea: a New Approach","26935","smear.positive.tb.definition"
"Determining The Burden Of Tuberculosis In Eritrea: a New Approach","26935","calculate.adj.prevalence"
"Determining The Burden Of Tuberculosis In Eritrea: a New Approach","26935","report.sex"
"Do Women With Tuberculosis Have a Lower Likelihood Of Getting Diagnosed? Prevalence And Case Detection Of Sputum Smear Positive Pulmonary Tb, a Population-Based Study From Vietnam","26943","screening.criteria"
"Do Women With Tuberculosis Have a Lower Likelihood Of Getting Diagnosed? Prevalence And Case Detection Of Sputum Smear Positive Pulmonary Tb, a Population-Based Study From Vietnam","26943","presumptive.tb.definition"
"Do Women With Tuberculosis Have a Lower Likelihood Of Getting Diagnosed? Prevalence And Case Detection Of Sputum Smear Positive Pulmonary Tb, a Population-Based Study From Vietnam","26943","radiologic.tb.definition"
"Do Women With Tuberculosis Have a Lower Likelihood Of Getting Diagnosed? Prevalence And Case Detection Of Sputum Smear Positive Pulmonary Tb, a Population-Based Study From Vietnam","26943","hiv.status.definition"
"Do Women With Tuberculosis Have a Lower Likelihood Of Getting Diagnosed? Prevalence And Case Detection Of Sputum Smear Positive Pulmonary Tb, a Population-Based Study From Vietnam","26943","report.sex"
"Epidemiology Of Tuberculosis In An Urban Slum Of Dhaka City, Bangladesh","26878","screening.criteria"
"Epidemiology Of Tuberculosis In An Urban Slum Of Dhaka City, Bangladesh","26878","positive.xray.definition"
"Epidemiology Of Tuberculosis In An Urban Slum Of Dhaka City, Bangladesh","26878","other.smear.samples"
"Epidemiology Of Tuberculosis In An Urban Slum Of Dhaka City, Bangladesh","26878","other.xpert.samples"
"Epidemiology Of Tuberculosis In An Urban Slum Of Dhaka City, Bangladesh","26878","other.culture.samples"
"Epidemiology Of Tuberculosis In An Urban Slum Of Dhaka City, Bangladesh","26878","other.test.used"
"Epidemiology Of Tuberculosis In An Urban Slum Of Dhaka City, Bangladesh","26878","presumptive.tb.definition"
"Epidemiology Of Tuberculosis In An Urban Slum Of Dhaka City, Bangladesh","26878","hiv.status.definition"
"Epidemiology Of Tuberculosis In An Urban Slum Of Dhaka City, Bangladesh","26878","report.sex"
"Epidemiology Of Tuberculosis In An Urban Slum Of Dhaka City, Bangladesh","26878","additional.references"
"Estimation Of The Burden Of Bacteriologically Positive Tuberculosis Among Adults In Kashmir: A Baseline For Future Surveys In The Valley","26237","study.rurality"
"Estimation Of The Burden Of Bacteriologically Positive Tuberculosis Among Adults In Kashmir: A Baseline For Future Surveys In The Valley","26237","bacteriological.tb.definition"
"Estimation Of The Burden Of Bacteriologically Positive Tuberculosis Among Adults In Kashmir: A Baseline For Future Surveys In The Valley","26237","hiv.status.definition"
"Estimation Of The Burden Of Bacteriologically Positive Tuberculosis Among Adults In Kashmir: A Baseline For Future Surveys In The Valley","26237","report.sex"
"Eswatini National Tuberculosis Prevalence Survey Report","26865","study.rurality"
"Eswatini National Tuberculosis Prevalence Survey Report","26865","smear.used"
"Eswatini National Tuberculosis Prevalence Survey Report","26865","other.smear.samples"
"Eswatini National Tuberculosis Prevalence Survey Report","26865","other.xpert.samples"
"Eswatini National Tuberculosis Prevalence Survey Report","26865","other.culture.samples"
"Eswatini National Tuberculosis Prevalence Survey Report","26865","other.test.used"
"Eswatini National Tuberculosis Prevalence Survey Report","26865","report.sex"
"Evaluating An Active Case-Finding Strategy To Identify Smear-Positive Tuberculosis In Rural Ethiopia","26955","study.rurality"
"Evaluating An Active Case-Finding Strategy To Identify Smear-Positive Tuberculosis In Rural Ethiopia","26955","positive.xray.definition"
"Evaluating An Active Case-Finding Strategy To Identify Smear-Positive Tuberculosis In Rural Ethiopia","26955","other.smear.samples"
"Evaluating An Active Case-Finding Strategy To Identify Smear-Positive Tuberculosis In Rural Ethiopia","26955","other.xpert.samples"
"Evaluating An Active Case-Finding Strategy To Identify Smear-Positive Tuberculosis In Rural Ethiopia","26955","other.culture.samples"
"Evaluating An Active Case-Finding Strategy To Identify Smear-Positive Tuberculosis In Rural Ethiopia","26955","other.test.used"
"Evaluating An Active Case-Finding Strategy To Identify Smear-Positive Tuberculosis In Rural Ethiopia","26955","hiv.status.definition"
"Evaluating An Active Case-Finding Strategy To Identify Smear-Positive Tuberculosis In Rural Ethiopia","26955","report.sex"
"Fourth National Tuberculosis Prevalence Survey Report (2017-2018) Myanmar","26864","study.rurality"
"Fourth National Tuberculosis Prevalence Survey Report (2017-2018) Myanmar","26864","other.xpert.samples"
"Fourth National Tuberculosis Prevalence Survey Report (2017-2018) Myanmar","26864","prevalent.tb.defintion"
"Fourth National Tuberculosis Prevalence Survey Report (2017-2018) Myanmar","26864","hiv.status.definition"
"Fourth National Tuberculosis Prevalence Survey Report (2017-2018) Myanmar","26864","report.sex"
"Gender Differences In Tuberculosis: a Prevalence Survey Done In Bangladesh","26896","study.rurality"
"Gender Differences In Tuberculosis: a Prevalence Survey Done In Bangladesh","26896","screening.criteria"
"Gender Differences In Tuberculosis: a Prevalence Survey Done In Bangladesh","26896","positive.xray.definition"
"Gender Differences In Tuberculosis: a Prevalence Survey Done In Bangladesh","26896","bacteriological.tb.definition"
"Gender Differences In Tuberculosis: a Prevalence Survey Done In Bangladesh","26896","smear.positive.tb.definition"
"Gender Differences In Tuberculosis: a Prevalence Survey Done In Bangladesh","26896","hiv.status.definition"
"Gender Differences In Tuberculosis: a Prevalence Survey Done In Bangladesh","26896","report.sex"
"High Incidence Of Pulmonary Tuberculosis Inan Indigenous Saharia Tribe In Madhyapradesh, Central India—A Prospective Cohortstudy","21429","study.setting"
"High Incidence Of Pulmonary Tuberculosis Inan Indigenous Saharia Tribe In Madhyapradesh, Central India—A Prospective Cohortstudy","21429","study.rurality"
"High Incidence Of Pulmonary Tuberculosis Inan Indigenous Saharia Tribe In Madhyapradesh, Central India—A Prospective Cohortstudy","21429","positive.xray.definition"
"High Incidence Of Pulmonary Tuberculosis Inan Indigenous Saharia Tribe In Madhyapradesh, Central India—A Prospective Cohortstudy","21429","culture.positive.tb.definition"
"High Incidence Of Pulmonary Tuberculosis Inan Indigenous Saharia Tribe In Madhyapradesh, Central India—A Prospective Cohortstudy","21429","hiv.status.definition"
"High Incidence Of Pulmonary Tuberculosis Inan Indigenous Saharia Tribe In Madhyapradesh, Central India—A Prospective Cohortstudy","21429","report.sex"
"High Incidence Of Pulmonary Tuberculosis Inan Indigenous Saharia Tribe In Madhyapradesh, Central India—A Prospective Cohortstudy","21429","age.grp.1.range"
"High Incidence Of Pulmonary Tuberculosis Inan Indigenous Saharia Tribe In Madhyapradesh, Central India—A Prospective Cohortstudy","21429","age.grp.2.range"
"High Incidence Of Pulmonary Tuberculosis Inan Indigenous Saharia Tribe In Madhyapradesh, Central India—A Prospective Cohortstudy","21429","age.grp.3.range"
"High Incidence Of Pulmonary Tuberculosis Inan Indigenous Saharia Tribe In Madhyapradesh, Central India—A Prospective Cohortstudy","21429","age.grp.4.range"
"High Incidence Of Pulmonary Tuberculosis Inan Indigenous Saharia Tribe In Madhyapradesh, Central India—A Prospective Cohortstudy","21429","age.grp.5.range"
"High Incidence Of Pulmonary Tuberculosis Inan Indigenous Saharia Tribe In Madhyapradesh, Central India—A Prospective Cohortstudy","21429","age.grp.7.range"
"High Incidence Of Pulmonary Tuberculosis Inan Indigenous Saharia Tribe In Madhyapradesh, Central India—A Prospective Cohortstudy","21429","age.grp.total.range"
"High Incidence Of Pulmonary Tuberculosis Inan Indigenous Saharia Tribe In Madhyapradesh, Central India—A Prospective Cohortstudy","21429","n.participants.age.grp.1"
"High Incidence Of Pulmonary Tuberculosis Inan Indigenous Saharia Tribe In Madhyapradesh, Central India—A Prospective Cohortstudy","21429","n.participants.age.grp.total"
"High Incidence Of Pulmonary Tuberculosis Inan Indigenous Saharia Tribe In Madhyapradesh, Central India—A Prospective Cohortstudy","21429","n.smear.positive.tb.age.grp.1"
"High Incidence Of Pulmonary Tuberculosis Inan Indigenous Saharia Tribe In Madhyapradesh, Central India—A Prospective Cohortstudy","21429","n.smear.positive.tb.age.grp.total"
"High Incidence Of Pulmonary Tuberculosis Inan Indigenous Saharia Tribe In Madhyapradesh, Central India—A Prospective Cohortstudy","21429","prev100K.CI.bacteriological.tb.age.grp.1"
"High Incidence Of Pulmonary Tuberculosis Inan Indigenous Saharia Tribe In Madhyapradesh, Central India—A Prospective Cohortstudy","21429","prev100K.CI.bacteriological.tb.age.grp.2"
"High Incidence Of Pulmonary Tuberculosis Inan Indigenous Saharia Tribe In Madhyapradesh, Central India—A Prospective Cohortstudy","21429","prev100K.CI.bacteriological.tb.age.grp.3"
"High Incidence Of Pulmonary Tuberculosis Inan Indigenous Saharia Tribe In Madhyapradesh, Central India—A Prospective Cohortstudy","21429","prev100K.CI.bacteriological.tb.age.grp.4"
"High Incidence Of Pulmonary Tuberculosis Inan Indigenous Saharia Tribe In Madhyapradesh, Central India—A Prospective Cohortstudy","21429","prev100K.CI.bacteriological.tb.age.grp.5"
"High Incidence Of Pulmonary Tuberculosis Inan Indigenous Saharia Tribe In Madhyapradesh, Central India—A Prospective Cohortstudy","21429","prev100K.CI.bacteriological.tb.age.grp.6"
"High Incidence Of Pulmonary Tuberculosis Inan Indigenous Saharia Tribe In Madhyapradesh, Central India—A Prospective Cohortstudy","21429","prev100K.CI.bacteriological.tb.age.grp.7"
"High Incidence Of Pulmonary Tuberculosis Inan Indigenous Saharia Tribe In Madhyapradesh, Central India—A Prospective Cohortstudy","21429","prev100K.CI.bacteriological.tb.age.grp.total"
"High Incidence Of Pulmonary Tuberculosis Inan Indigenous Saharia Tribe In Madhyapradesh, Central India—A Prospective Cohortstudy","21429","prev100K.smear.positive.tb.age.grp.1"
"High Incidence Of Pulmonary Tuberculosis Inan Indigenous Saharia Tribe In Madhyapradesh, Central India—A Prospective Cohortstudy","21429","prev100K.smear.positive.tb.age.grp.total"
"High Incidence Of Pulmonary Tuberculosis Inan Indigenous Saharia Tribe In Madhyapradesh, Central India—A Prospective Cohortstudy","21429","prev100K.CI.smear.positive.tb.age.grp.1"
"High Incidence Of Pulmonary Tuberculosis Inan Indigenous Saharia Tribe In Madhyapradesh, Central India—A Prospective Cohortstudy","21429","prev100K.CI.smear.positive.tb.age.grp.2"
"High Incidence Of Pulmonary Tuberculosis Inan Indigenous Saharia Tribe In Madhyapradesh, Central India—A Prospective Cohortstudy","21429","prev100K.CI.smear.positive.tb.age.grp.3"
"High Incidence Of Pulmonary Tuberculosis Inan Indigenous Saharia Tribe In Madhyapradesh, Central India—A Prospective Cohortstudy","21429","prev100K.CI.smear.positive.tb.age.grp.4"
"High Incidence Of Pulmonary Tuberculosis Inan Indigenous Saharia Tribe In Madhyapradesh, Central India—A Prospective Cohortstudy","21429","prev100K.CI.smear.positive.tb.age.grp.5"
"High Incidence Of Pulmonary Tuberculosis Inan Indigenous Saharia Tribe In Madhyapradesh, Central India—A Prospective Cohortstudy","21429","prev100K.CI.smear.positive.tb.age.grp.6"
"High Incidence Of Pulmonary Tuberculosis Inan Indigenous Saharia Tribe In Madhyapradesh, Central India—A Prospective Cohortstudy","21429","prev100K.CI.smear.positive.tb.age.grp.7"
"High Incidence Of Pulmonary Tuberculosis Inan Indigenous Saharia Tribe In Madhyapradesh, Central India—A Prospective Cohortstudy","21429","prev100K.CI.smear.positive.tb.age.grp.total"
"High Incidence Of Pulmonary Tuberculosis Inan Indigenous Saharia Tribe In Madhyapradesh, Central India—A Prospective Cohortstudy","21429","prev100K.CI.all.prevalent.tb.age.grp.1"
"High Incidence Of Pulmonary Tuberculosis Inan Indigenous Saharia Tribe In Madhyapradesh, Central India—A Prospective Cohortstudy","21429","prev100K.CI.all.prevalent.tb.age.grp.2"
"High Incidence Of Pulmonary Tuberculosis Inan Indigenous Saharia Tribe In Madhyapradesh, Central India—A Prospective Cohortstudy","21429","prev100K.CI.all.prevalent.tb.age.grp.3"
"High Incidence Of Pulmonary Tuberculosis Inan Indigenous Saharia Tribe In Madhyapradesh, Central India—A Prospective Cohortstudy","21429","prev100K.CI.all.prevalent.tb.age.grp.6"
"High Incidence Of Pulmonary Tuberculosis Inan Indigenous Saharia Tribe In Madhyapradesh, Central India—A Prospective Cohortstudy","21429","prev100K.CI.all.prevalent.tb.age.grp.total"
"High Incidence Of Pulmonary Tuberculosis Inan Indigenous Saharia Tribe In Madhyapradesh, Central India—A Prospective Cohortstudy","21429","adj.prev100K.bacteriological.tb.age.grp.1"
"High Incidence Of Pulmonary Tuberculosis Inan Indigenous Saharia Tribe In Madhyapradesh, Central India—A Prospective Cohortstudy","21429","adj.prev100K.bacteriological.tb.age.grp.2"
"High Incidence Of Pulmonary Tuberculosis Inan Indigenous Saharia Tribe In Madhyapradesh, Central India—A Prospective Cohortstudy","21429","adj.prev100K.bacteriological.tb.age.grp.3"
"High Incidence Of Pulmonary Tuberculosis Inan Indigenous Saharia Tribe In Madhyapradesh, Central India—A Prospective Cohortstudy","21429","adj.prev100K.bacteriological.tb.age.grp.4"
"High Incidence Of Pulmonary Tuberculosis Inan Indigenous Saharia Tribe In Madhyapradesh, Central India—A Prospective Cohortstudy","21429","adj.prev100K.bacteriological.tb.age.grp.5"
"High Incidence Of Pulmonary Tuberculosis Inan Indigenous Saharia Tribe In Madhyapradesh, Central India—A Prospective Cohortstudy","21429","adj.prev100K.bacteriological.tb.age.grp.6"
"High Incidence Of Pulmonary Tuberculosis Inan Indigenous Saharia Tribe In Madhyapradesh, Central India—A Prospective Cohortstudy","21429","adj.prev100K.bacteriological.tb.age.grp.7"
"High Incidence Of Pulmonary Tuberculosis Inan Indigenous Saharia Tribe In Madhyapradesh, Central India—A Prospective Cohortstudy","21429","adj.prev100K.CI.bacteriological.tb.age.grp.1"
"High Incidence Of Pulmonary Tuberculosis Inan Indigenous Saharia Tribe In Madhyapradesh, Central India—A Prospective Cohortstudy","21429","adj.prev100K.CI.bacteriological.tb.age.grp.2"
"High Incidence Of Pulmonary Tuberculosis Inan Indigenous Saharia Tribe In Madhyapradesh, Central India—A Prospective Cohortstudy","21429","adj.prev100K.CI.bacteriological.tb.age.grp.3"
"High Incidence Of Pulmonary Tuberculosis Inan Indigenous Saharia Tribe In Madhyapradesh, Central India—A Prospective Cohortstudy","21429","adj.prev100K.CI.bacteriological.tb.age.grp.4"
"High Incidence Of Pulmonary Tuberculosis Inan Indigenous Saharia Tribe In Madhyapradesh, Central India—A Prospective Cohortstudy","21429","adj.prev100K.CI.bacteriological.tb.age.grp.5"
"High Incidence Of Pulmonary Tuberculosis Inan Indigenous Saharia Tribe In Madhyapradesh, Central India—A Prospective Cohortstudy","21429","adj.prev100K.CI.bacteriological.tb.age.grp.6"
"High Incidence Of Pulmonary Tuberculosis Inan Indigenous Saharia Tribe In Madhyapradesh, Central India—A Prospective Cohortstudy","21429","adj.prev100K.CI.bacteriological.tb.age.grp.7"
"High Incidence Of Pulmonary Tuberculosis Inan Indigenous Saharia Tribe In Madhyapradesh, Central India—A Prospective Cohortstudy","21429","adj.prev100K.CI.bacteriological.tb.age.grp.total"
"High Incidence Of Pulmonary Tuberculosis Inan Indigenous Saharia Tribe In Madhyapradesh, Central India—A Prospective Cohortstudy","21429","adj.prev100K.smear.positive.tb.age.grp.2"
"High Incidence Of Pulmonary Tuberculosis Inan Indigenous Saharia Tribe In Madhyapradesh, Central India—A Prospective Cohortstudy","21429","adj.prev100K.smear.positive.tb.age.grp.3"
"High Incidence Of Pulmonary Tuberculosis Inan Indigenous Saharia Tribe In Madhyapradesh, Central India—A Prospective Cohortstudy","21429","adj.prev100K.smear.positive.tb.age.grp.4"
"High Incidence Of Pulmonary Tuberculosis Inan Indigenous Saharia Tribe In Madhyapradesh, Central India—A Prospective Cohortstudy","21429","adj.prev100K.smear.positive.tb.age.grp.5"
"High Incidence Of Pulmonary Tuberculosis Inan Indigenous Saharia Tribe In Madhyapradesh, Central India—A Prospective Cohortstudy","21429","adj.prev100K.smear.positive.tb.age.grp.6"
"High Incidence Of Pulmonary Tuberculosis Inan Indigenous Saharia Tribe In Madhyapradesh, Central India—A Prospective Cohortstudy","21429","adj.prev100K.smear.positive.tb.age.grp.7"
"High Incidence Of Pulmonary Tuberculosis Inan Indigenous Saharia Tribe In Madhyapradesh, Central India—A Prospective Cohortstudy","21429","adj.prev100K.CI.smear.positive.tb.age.grp.1"
"High Incidence Of Pulmonary Tuberculosis Inan Indigenous Saharia Tribe In Madhyapradesh, Central India—A Prospective Cohortstudy","21429","adj.prev100K.CI.smear.positive.tb.age.grp.2"
"High Incidence Of Pulmonary Tuberculosis Inan Indigenous Saharia Tribe In Madhyapradesh, Central India—A Prospective Cohortstudy","21429","adj.prev100K.CI.smear.positive.tb.age.grp.3"
"High Incidence Of Pulmonary Tuberculosis Inan Indigenous Saharia Tribe In Madhyapradesh, Central India—A Prospective Cohortstudy","21429","adj.prev100K.CI.smear.positive.tb.age.grp.4"
"High Incidence Of Pulmonary Tuberculosis Inan Indigenous Saharia Tribe In Madhyapradesh, Central India—A Prospective Cohortstudy","21429","adj.prev100K.CI.smear.positive.tb.age.grp.5"
"High Incidence Of Pulmonary Tuberculosis Inan Indigenous Saharia Tribe In Madhyapradesh, Central India—A Prospective Cohortstudy","21429","adj.prev100K.CI.smear.positive.tb.age.grp.6"
"High Incidence Of Pulmonary Tuberculosis Inan Indigenous Saharia Tribe In Madhyapradesh, Central India—A Prospective Cohortstudy","21429","adj.prev100K.CI.smear.positive.tb.age.grp.7"
"High Incidence Of Pulmonary Tuberculosis Inan Indigenous Saharia Tribe In Madhyapradesh, Central India—A Prospective Cohortstudy","21429","adj.prev100K.CI.smear.positive.tb.age.grp.total"
"High Incidence Of Pulmonary Tuberculosis Inan Indigenous Saharia Tribe In Madhyapradesh, Central India—A Prospective Cohortstudy","21429","adj.prev100K.CI.all.prevalent.tb.age.grp.2"
"High Incidence Of Pulmonary Tuberculosis Inan Indigenous Saharia Tribe In Madhyapradesh, Central India—A Prospective Cohortstudy","21429","adj.prev100K.CI.all.prevalent.tb.age.grp.3"
"High Incidence Of Pulmonary Tuberculosis Inan Indigenous Saharia Tribe In Madhyapradesh, Central India—A Prospective Cohortstudy","21429","adj.prev100K.CI.all.prevalent.tb.age.grp.4"
"High Incidence Of Pulmonary Tuberculosis Inan Indigenous Saharia Tribe In Madhyapradesh, Central India—A Prospective Cohortstudy","21429","adj.prev100K.CI.all.prevalent.tb.age.grp.5"
"High Incidence Of Pulmonary Tuberculosis Inan Indigenous Saharia Tribe In Madhyapradesh, Central India—A Prospective Cohortstudy","21429","adj.prev100K.CI.all.prevalent.tb.age.grp.6"
"High Incidence Of Pulmonary Tuberculosis Inan Indigenous Saharia Tribe In Madhyapradesh, Central India—A Prospective Cohortstudy","21429","adj.prev100K.CI.all.prevalent.tb.age.grp.7"
"High Incidence Of Pulmonary Tuberculosis Inan Indigenous Saharia Tribe In Madhyapradesh, Central India—A Prospective Cohortstudy","21429","adj.prev100K.CI.all.prevalent.tb.age.grp.total"
"High Incidence Of Pulmonary Tuberculosis Inan Indigenous Saharia Tribe In Madhyapradesh, Central India—A Prospective Cohortstudy","21429","additional.references"
"High Incidence Of Pulmonary Tuberculosis Inan Indigenous Saharia Tribe In Madhyapradesh, Central India—A Prospective Cohortstudy","21429","study.quality.representative"
"High Incidence Of Pulmonary Tuberculosis Inan Indigenous Saharia Tribe In Madhyapradesh, Central India—A Prospective Cohortstudy","21429","study.quality.random.selection"
"High Incidence Of Pulmonary Tuberculosis Inan Indigenous Saharia Tribe In Madhyapradesh, Central India—A Prospective Cohortstudy","21429","study.quality.nonresponse"
"High Incidence Of Pulmonary Tuberculosis Inan Indigenous Saharia Tribe In Madhyapradesh, Central India—A Prospective Cohortstudy","21429","study.quality.case.definition"
"High Incidence Of Pulmonary Tuberculosis Inan Indigenous Saharia Tribe In Madhyapradesh, Central India—A Prospective Cohortstudy","21429","study.quality.valid.instrument"
"High Incidence Of Pulmonary Tuberculosis Inan Indigenous Saharia Tribe In Madhyapradesh, Central India—A Prospective Cohortstudy","21429","study.quality.numerator.denominator"
"High Incidence Of Pulmonary Tuberculosis Inan Indigenous Saharia Tribe In Madhyapradesh, Central India—A Prospective Cohortstudy","21429","study.quality.summary"
"High Prevalence Of Pulmonary Tuberculosis And Inadequate Case Finding In Rural Western Kenya","26947","study.rurality"
"High Prevalence Of Pulmonary Tuberculosis And Inadequate Case Finding In Rural Western Kenya","26947","screening.criteria"
"High Prevalence Of Pulmonary Tuberculosis And Inadequate Case Finding In Rural Western Kenya","26947","participant.screening"
"High Prevalence Of Pulmonary Tuberculosis And Inadequate Case Finding In Rural Western Kenya","26947","report.sex"
"High Prevalence Of Tuberculosis And Insufficient Case Detection In Two Communities In The Western Cape, South Africa","26978","participant.screening"
"High Prevalence Of Tuberculosis And Insufficient Case Detection In Two Communities In The Western Cape, South Africa","26970","participant.screening"
"High Prevalence Of Tuberculosis And Insufficient Case Detection In Two Communities In The Western Cape, South Africa","26978","positive.xray.definition"
"High Prevalence Of Tuberculosis And Insufficient Case Detection In Two Communities In The Western Cape, South Africa","26970","positive.xray.definition"
"High Prevalence Of Tuberculosis And Insufficient Case Detection In Two Communities In The Western Cape, South Africa","26978","smear.positive.tb.definition"
"High Prevalence Of Tuberculosis And Insufficient Case Detection In Two Communities In The Western Cape, South Africa","26970","smear.positive.tb.definition"
"High Prevalence Of Tuberculosis And Insufficient Case Detection In Two Communities In The Western Cape, South Africa","26978","other.definitions"
"High Prevalence Of Tuberculosis And Insufficient Case Detection In Two Communities In The Western Cape, South Africa","26978","report.sex"
"High Prevalence Of Tuberculosis And Insufficient Case Detection In Two Communities In The Western Cape, South Africa","26970","report.sex"
"High Prevalence Of Tuberculosis And Insufficient Case Detection In Two Communities In The Western Cape, South Africa","26978","additional.references"
"High Prevalence Of Tuberculosis And Insufficient Case Detection In Two Communities In The Western Cape, South Africa","26970","additional.references"
"High Tb Burden And Low Notification Rates In The Philippines: The 2016 National Tb Prevalence Survey","26868","study.rurality"
"High Tb Burden And Low Notification Rates In The Philippines: The 2016 National Tb Prevalence Survey","26868","screening.criteria"
"High Tb Burden And Low Notification Rates In The Philippines: The 2016 National Tb Prevalence Survey","26868","other.smear.samples"
"High Tb Burden And Low Notification Rates In The Philippines: The 2016 National Tb Prevalence Survey","26868","other.xpert.samples"
"High Tb Burden And Low Notification Rates In The Philippines: The 2016 National Tb Prevalence Survey","26868","other.culture.samples"
"High Tb Burden And Low Notification Rates In The Philippines: The 2016 National Tb Prevalence Survey","26868","other.test.used"
"High Tb Burden And Low Notification Rates In The Philippines: The 2016 National Tb Prevalence Survey","26868","bacteriological.tb.definition"
"High Tb Burden And Low Notification Rates In The Philippines: The 2016 National Tb Prevalence Survey","26868","hiv.status.definition"
"High Tb Burden And Low Notification Rates In The Philippines: The 2016 National Tb Prevalence Survey","26868","other.definitions"
"High Tb Burden And Low Notification Rates In The Philippines: The 2016 National Tb Prevalence Survey","26868","calculate.adj.prevalence"
"High Tb Burden And Low Notification Rates In The Philippines: The 2016 National Tb Prevalence Survey","26868","report.sex"
"High Tb Burden And Low Notification Rates In The Philippines: The 2016 National Tb Prevalence Survey","26868","additional.references"
"Kenya Tuberculosis Prevalence Survey","26860","study.rurality"
"Kenya Tuberculosis Prevalence Survey","26860","report.sex"
"Low Tuberculosis Notification In Mountainous Vietnam Is Not Due To Low Case Detection: a Cross-Sectional Survey","26948","study.rurality"
"Low Tuberculosis Notification In Mountainous Vietnam Is Not Due To Low Case Detection: a Cross-Sectional Survey","26948","screening.criteria"
"Low Tuberculosis Notification In Mountainous Vietnam Is Not Due To Low Case Detection: a Cross-Sectional Survey","26948","positive.xray.definition"
"Low Tuberculosis Notification In Mountainous Vietnam Is Not Due To Low Case Detection: a Cross-Sectional Survey","26948","other.smear.samples"
"Low Tuberculosis Notification In Mountainous Vietnam Is Not Due To Low Case Detection: a Cross-Sectional Survey","26948","other.xpert.samples"
"Low Tuberculosis Notification In Mountainous Vietnam Is Not Due To Low Case Detection: a Cross-Sectional Survey","26948","other.culture.samples"
"Low Tuberculosis Notification In Mountainous Vietnam Is Not Due To Low Case Detection: a Cross-Sectional Survey","26948","other.test.used"
"Low Tuberculosis Notification In Mountainous Vietnam Is Not Due To Low Case Detection: a Cross-Sectional Survey","26948","smear.positive.tb.definition"
"Low Tuberculosis Notification In Mountainous Vietnam Is Not Due To Low Case Detection: a Cross-Sectional Survey","26948","prevalent.tb.defintion"
"Low Tuberculosis Notification In Mountainous Vietnam Is Not Due To Low Case Detection: a Cross-Sectional Survey","26948","hiv.status.definition"
"Low Tuberculosis Notification In Mountainous Vietnam Is Not Due To Low Case Detection: a Cross-Sectional Survey","26948","calculate.adj.prevalence"
"Low Tuberculosis Notification In Mountainous Vietnam Is Not Due To Low Case Detection: a Cross-Sectional Survey","26948","report.sex"
"Malawi Tuberculosis Prevalence Survey","26969","study.rurality"
"Malawi Tuberculosis Prevalence Survey","26969","rurality.definition"
"Malawi Tuberculosis Prevalence Survey","26969","calculate.adj.prevalence"
"Malawi Tuberculosis Prevalence Survey","26969","report.sex"
"Namibia Tuberculosis Disease Prevalence Survey 2019","26869","study.rurality"
"Namibia Tuberculosis Disease Prevalence Survey 2019","26869","report.sex"
"Namibia Tuberculosis Disease Prevalence Survey 2019","26869","adj.prev100K.bacteriological.tb.age.grp.4"
"Namibia Tuberculosis Disease Prevalence Survey 2019","26869","additional.references"
"National Population-Based Tuberculosis Prevalence Survey In Ghana, 2013","21508","study.rurality"
"National Population-Based Tuberculosis Prevalence Survey In Ghana, 2013","21508","hiv.status.definition"
"National Population-Based Tuberculosis Prevalence Survey In Ghana, 2013","21508","report.sex"
"National Survey Of Tuberculosis Prevalence In Viet Nam","26973","study.doi"
"National Survey Of Tuberculosis Prevalence In Viet Nam","26973","correspond.author"
"National Survey Of Tuberculosis Prevalence In Viet Nam","26973","study.rurality"
"National Survey Of Tuberculosis Prevalence In Viet Nam","26973","other.smear.samples"
"National Survey Of Tuberculosis Prevalence In Viet Nam","26973","other.xpert.samples"
"National Survey Of Tuberculosis Prevalence In Viet Nam","26973","other.culture.samples"
"National Survey Of Tuberculosis Prevalence In Viet Nam","26973","other.test.used"
"National Survey Of Tuberculosis Prevalence In Viet Nam","26973","hiv.status.definition"
"National Survey Of Tuberculosis Prevalence In Viet Nam","26973","report.sex"
"National Tb Prevalence Survey In India","26863","study.rurality"
"National Tb Prevalence Survey In India","26863","screening.criteria"
"National Tb Prevalence Survey In India","26863","other.smear.samples"
"National Tb Prevalence Survey In India","26863","other.culture.samples"
"National Tb Prevalence Survey In India","26863","other.test.used"
"National Tb Prevalence Survey In India","26863","presumptive.tb.definition"
"National Tb Prevalence Survey In India","26863","radiologic.tb.definition"
"National Tb Prevalence Survey In India","26863","bacteriological.tb.definition"
"National Tb Prevalence Survey In India","26863","culture.positive.tb.definition"
"National Tb Prevalence Survey In India","26863","hiv.status.definition"
"National Tb Prevalence Survey In India","26863","other.definitions"
"National Tb Prevalence Survey In India","26863","report.sex"
"National Tb Prevalence Survey In India","26863","additional.references"
"National Tb Prevalence Survey, 2022. Cambodia","26912","study.rurality"
"National Tb Prevalence Survey, 2022. Cambodia","26912","radiologic.tb.definition"
"National Tb Prevalence Survey, 2022. Cambodia","26912","culture.positive.tb.definition"
"National Tb Prevalence Survey, 2022. Cambodia","26912","smear.positive.tb.definition"
"National Tb Prevalence Survey, 2022. Cambodia","26912","hiv.status.definition"
"National Tb Prevalence Survey, 2022. Cambodia","26912","calculate.adj.prevalence"
"National Tb Prevalence Survey, 2022. Cambodia","26912","total.target.pop"
"National Tb Prevalence Survey, 2022. Cambodia","26912","report.sex"
"National Tb Prevalence Survey, 2022. Cambodia","26912","additional.references"
"National Tuberculosis Prevalence Survey Bangladesh 2015-2016","26859","study.setting"
"National Tuberculosis Prevalence Survey Bangladesh 2015-2016","26859","study.rurality"
"National Tuberculosis Prevalence Survey Bangladesh 2015-2016","26859","other.xpert.samples"
"National Tuberculosis Prevalence Survey Bangladesh 2015-2016","26859","smear.positive.tb.definition"
"National Tuberculosis Prevalence Survey Bangladesh 2015-2016","26859","prevalent.tb.defintion"
"National Tuberculosis Prevalence Survey Bangladesh 2015-2016","26859","hiv.status.definition"
"National Tuberculosis Prevalence Survey Bangladesh 2015-2016","26859","calculate.adj.prevalence"
"National Tuberculosis Prevalence Survey Bangladesh 2015-2016","26859","report.sex"
"National Tuberculosis Prevalence Survey Report, Nepal, 2018-19","26867","study.doi"
"National Tuberculosis Prevalence Survey Report, Nepal, 2018-19","26867","study.rurality"
"National Tuberculosis Prevalence Survey Report, Nepal, 2018-19","26867","rurality.definition"
"National Tuberculosis Prevalence Survey Report, Nepal, 2018-19","26867","hiv.status.definition"
"National Tuberculosis Prevalence Survey Report, Nepal, 2018-19","26867","report.sex"
"National Tuberculosis Prevalence Survey Report, Nepal, 2018-19","26867","prev100K.all.prevalent.tb.sex.total"
"National Tuberculosis Prevalence Surveys In Asia, 1990–2012: An Overview Of Results And Lessons Learned","26975","study.rurality"
"National Tuberculosis Prevalence Surveys In Asia, 1990–2012: An Overview Of Results And Lessons Learned","26975","hiv.status.definition"
"National Tuberculosis Prevalence Surveys In Asia, 1990–2012: An Overview Of Results And Lessons Learned","26975","report.sex"
"Persistent High Prevalence Of Pulmonary Tuberculosis In a Resource-Limited Setting: Threat To India’s Tb Free Campaign","21428","study.doi"
"Persistent High Prevalence Of Pulmonary Tuberculosis In a Resource-Limited Setting: Threat To India’s Tb Free Campaign","21428","screening.criteria"
"Persistent High Prevalence Of Pulmonary Tuberculosis In a Resource-Limited Setting: Threat To India’s Tb Free Campaign","21428","positive.xray.definition"
"Persistent High Prevalence Of Pulmonary Tuberculosis In a Resource-Limited Setting: Threat To India’s Tb Free Campaign","21428","other.smear.samples"
"Persistent High Prevalence Of Pulmonary Tuberculosis In a Resource-Limited Setting: Threat To India’s Tb Free Campaign","21428","other.xpert.samples"
"Persistent High Prevalence Of Pulmonary Tuberculosis In a Resource-Limited Setting: Threat To India’s Tb Free Campaign","21428","other.culture.samples"
"Persistent High Prevalence Of Pulmonary Tuberculosis In a Resource-Limited Setting: Threat To India’s Tb Free Campaign","21428","other.test.used"
"Persistent High Prevalence Of Pulmonary Tuberculosis In a Resource-Limited Setting: Threat To India’s Tb Free Campaign","21428","hiv.status.definition"
"Persistent High Prevalence Of Pulmonary Tuberculosis In a Resource-Limited Setting: Threat To India’s Tb Free Campaign","21428","report.sex"
"Policy And Programmatic Directions For The Lesotho Tuberculosis Programme: Findings Of The National Tuberculosis Prevalence Survey, 2019","26862","study.rurality"
"Policy And Programmatic Directions For The Lesotho Tuberculosis Programme: Findings Of The National Tuberculosis Prevalence Survey, 2019","26862","smear.used"
"Policy And Programmatic Directions For The Lesotho Tuberculosis Programme: Findings Of The National Tuberculosis Prevalence Survey, 2019","26862","other.smear.samples"
"Policy And Programmatic Directions For The Lesotho Tuberculosis Programme: Findings Of The National Tuberculosis Prevalence Survey, 2019","26862","other.xpert.samples"
"Policy And Programmatic Directions For The Lesotho Tuberculosis Programme: Findings Of The National Tuberculosis Prevalence Survey, 2019","26862","other.culture.samples"
"Policy And Programmatic Directions For The Lesotho Tuberculosis Programme: Findings Of The National Tuberculosis Prevalence Survey, 2019","26862","other.test.used"
"Policy And Programmatic Directions For The Lesotho Tuberculosis Programme: Findings Of The National Tuberculosis Prevalence Survey, 2019","26862","report.sex"
"Policy And Programmatic Directions For The Lesotho Tuberculosis Programme: Findings Of The National Tuberculosis Prevalence Survey, 2019","26862","additional.references"
"Population Based Survey For Assessing Prevalence Of Pulmonary Tuberculosis Cases In The State Of Gujarat, India (2011-2012)","26983","correspond.author.email"
"Population Based Survey For Assessing Prevalence Of Pulmonary Tuberculosis Cases In The State Of Gujarat, India (2011-2012)","26983","study.rurality"
"Population Based Survey For Assessing Prevalence Of Pulmonary Tuberculosis Cases In The State Of Gujarat, India (2011-2012)","26983","presumptive.tb.definition"
"Population Based Survey For Assessing Prevalence Of Pulmonary Tuberculosis Cases In The State Of Gujarat, India (2011-2012)","26983","hiv.status.definition"
"Population Based Survey For Assessing Prevalence Of Pulmonary Tuberculosis Cases In The State Of Gujarat, India (2011-2012)","26983","report.sex"
"Population Based Survey For Assessing Prevalence Of Pulmonary Tuberculosis Cases In The State Of Gujarat, India (2011-2012)","26983","additional.references"
"Population-Based Prevalence Survey Of Tuberculosis In The Tigray Region Of Ethiopia","26881","study.rurality"
"Population-Based Prevalence Survey Of Tuberculosis In The Tigray Region Of Ethiopia","26881","positive.xray.definition"
"Population-Based Prevalence Survey Of Tuberculosis In The Tigray Region Of Ethiopia","26881","other.test.used"
"Population-Based Prevalence Survey Of Tuberculosis In The Tigray Region Of Ethiopia","26881","presumptive.tb.definition"
"Population-Based Prevalence Survey Of Tuberculosis In The Tigray Region Of Ethiopia","26881","culture.positive.tb.definition"
"Population-Based Prevalence Survey Of Tuberculosis In The Tigray Region Of Ethiopia","26881","prevalent.tb.defintion"
"Population-Based Prevalence Survey Of Tuberculosis In The Tigray Region Of Ethiopia","26881","hiv.status.definition"
"Population-Based Prevalence Survey Of Tuberculosis In The Tigray Region Of Ethiopia","26881","report.sex"
"Population-Based Prevalence Survey Of Tuberculosis In The Tigray Region Of Ethiopia","26881","additional.references"
"Population-Based Prevalence Survey Of Tuberculosis In The Tigray Region Of Ethiopia","26881","study.quality.representative"
"Population-Based Prevalence Survey Of Tuberculosis In The Tigray Region Of Ethiopia","26881","study.quality.nonresponse"
"Population-Based Prevalence Survey Of Tuberculosis In The Tigray Region Of Ethiopia","26881","study.quality.case.definition"
"Population-Based Prevalence Survey Of Tuberculosis In The Tigray Region Of Ethiopia","26881","study.quality.valid.instrument"
"Population-Based Prevalence Survey Of Tuberculosis In The Tigray Region Of Ethiopia","26881","study.quality.same.data.collect"
"Population-Based Screening For Pulmonary Tuberculosis Utilizing Community Health Workers In Ethiopia","24181","study.rurality"
"Population-Based Screening For Pulmonary Tuberculosis Utilizing Community Health Workers In Ethiopia","24181","screening.criteria"
"Population-Based Screening For Pulmonary Tuberculosis Utilizing Community Health Workers In Ethiopia","24181","positive.xray.definition"
"Population-Based Screening For Pulmonary Tuberculosis Utilizing Community Health Workers In Ethiopia","24181","bacteriological.tb.definition"
"Population-Based Screening For Pulmonary Tuberculosis Utilizing Community Health Workers In Ethiopia","24181","report.sex"
"Prevalence And Incidence Of Smear-Positive Pulmonary Tuberculosis In The Hetosa District Of Arsi Zone, Oromia Regional State Of Central Ethiopia","22718","study.doi"
"Prevalence And Incidence Of Smear-Positive Pulmonary Tuberculosis In The Hetosa District Of Arsi Zone, Oromia Regional State Of Central Ethiopia","22718","study.rurality"
"Prevalence And Incidence Of Smear-Positive Pulmonary Tuberculosis In The Hetosa District Of Arsi Zone, Oromia Regional State Of Central Ethiopia","22718","positive.xray.definition"
"Prevalence And Incidence Of Smear-Positive Pulmonary Tuberculosis In The Hetosa District Of Arsi Zone, Oromia Regional State Of Central Ethiopia","22718","presumptive.tb.definition"
"Prevalence And Incidence Of Smear-Positive Pulmonary Tuberculosis In The Hetosa District Of Arsi Zone, Oromia Regional State Of Central Ethiopia","22718","hiv.status.definition"
"Prevalence And Incidence Of Smear-Positive Pulmonary Tuberculosis In The Hetosa District Of Arsi Zone, Oromia Regional State Of Central Ethiopia","22718","report.sex"
"Prevalence And Incidence Of Smear-Positive Pulmonary Tuberculosis In The Hetosa District Of Arsi Zone, Oromia Regional State Of Central Ethiopia","22718","adj.prev100K.CI.bacteriological.tb.age.grp.total"
"Prevalence And Incidence Of Symptomatic Pulmonary Tuberculosis Based On Repeated Population Screening In a District In Ethiopia: a Prospective Cohort Study","21313","study.rurality"
"Prevalence And Incidence Of Symptomatic Pulmonary Tuberculosis Based On Repeated Population Screening In a District In Ethiopia: a Prospective Cohort Study","21313","positive.xray.definition"
"Prevalence And Incidence Of Symptomatic Pulmonary Tuberculosis Based On Repeated Population Screening In a District In Ethiopia: a Prospective Cohort Study","21313","report.sex"
"Prevalence And Incidence Of Symptomatic Pulmonary Tuberculosis Based On Repeated Population Screening In a District In Ethiopia: a Prospective Cohort Study","21313","age.grp.5.range"
"Prevalence And Risk Factors For Adult Pulmonary Tuberculosis In a Metropolitan City Of South India","26891","study.setting"
"Prevalence And Risk Factors For Adult Pulmonary Tuberculosis In a Metropolitan City Of South India","26891","hiv.status.definition"
"Prevalence And Risk Factors For Adult Pulmonary Tuberculosis In a Metropolitan City Of South India","26891","report.sex"
"Prevalence And Risk Factors Of Active Pulmonary Tuberculosis Among Elderly People In China: a Population Based Cross-Sectional Study","26740","study.rurality"
"Prevalence And Risk Factors Of Active Pulmonary Tuberculosis Among Elderly People In China: a Population Based Cross-Sectional Study","26740","report.sex"
"Prevalence Of Bacteriologically Confirmed Pulmonary Tuberculosis And Associated Risk Factors: A Community Survey In Thirvallur District, South India","22089","study.setting"
"Prevalence Of Bacteriologically Confirmed Pulmonary Tuberculosis And Associated Risk Factors: A Community Survey In Thirvallur District, South India","22089","study.rurality"
"Prevalence Of Bacteriologically Confirmed Pulmonary Tuberculosis And Associated Risk Factors: A Community Survey In Thirvallur District, South India","22089","hiv.status.definition"
"Prevalence Of Bacteriologically Confirmed Pulmonary Tuberculosis And Associated Risk Factors: A Community Survey In Thirvallur District, South India","22089","report.sex"
"Prevalence Of Bacteriologically Confirmed Pulmonary Tuberculosis And Associated Risk Factors: A Community Survey In Thirvallur District, South India","22089","additional.references"
"Prevalence Of Bacteriologically Confirmed Pulmonary Tuberculosis In South Africa, 2017–19: a Multistage, Cluster-Based, Cross-Sectional Survey","26856","study.rurality"
"Prevalence Of Bacteriologically Confirmed Pulmonary Tuberculosis In South Africa, 2017–19: a Multistage, Cluster-Based, Cross-Sectional Survey","26856","smear.used"
"Prevalence Of Bacteriologically Confirmed Pulmonary Tuberculosis In South Africa, 2017–19: a Multistage, Cluster-Based, Cross-Sectional Survey","26856","report.sex"
"Prevalence Of Bacteriologically-Confirmed Pulmonary Tuberculosis In Urban Blantyre, Malawi 2019–20: Substantial Decline Compared To 2013–14 National Survey","22290","other.smear.samples"
"Prevalence Of Bacteriologically-Confirmed Pulmonary Tuberculosis In Urban Blantyre, Malawi 2019–20: Substantial Decline Compared To 2013–14 National Survey","22290","other.xpert.samples"
"Prevalence Of Bacteriologically-Confirmed Pulmonary Tuberculosis In Urban Blantyre, Malawi 2019–20: Substantial Decline Compared To 2013–14 National Survey","22290","other.culture.samples"
"Prevalence Of Bacteriologically-Confirmed Pulmonary Tuberculosis In Urban Blantyre, Malawi 2019–20: Substantial Decline Compared To 2013–14 National Survey","22290","other.test.used"
"Prevalence Of Bacteriologically-Confirmed Pulmonary Tuberculosis In Urban Blantyre, Malawi 2019–20: Substantial Decline Compared To 2013–14 National Survey","22290","culture.positive.tb.definition"
"Prevalence Of Bacteriologically-Confirmed Pulmonary Tuberculosis In Urban Blantyre, Malawi 2019–20: Substantial Decline Compared To 2013–14 National Survey","22290","smear.positive.tb.definition"
"Prevalence Of Bacteriologically-Confirmed Pulmonary Tuberculosis In Urban Blantyre, Malawi 2019–20: Substantial Decline Compared To 2013–14 National Survey","22290","report.sex"
"Prevalence Of Bacteriologically-Confirmed Pulmonary Tuberculosis In Urban Blantyre, Malawi 2019–20: Substantial Decline Compared To 2013–14 National Survey","22290","additional.references"
"Prevalence Of Pulmonary Tb And Spoligotype Pattern Of Mycobacterium Tuberculosis Among Tb Suspects In a Rural Community In Southwest Ethiopia","26890","correspond.author.email"
"Prevalence Of Pulmonary Tb And Spoligotype Pattern Of Mycobacterium Tuberculosis Among Tb Suspects In a Rural Community In Southwest Ethiopia","26890","study.setting"
"Prevalence Of Pulmonary Tb And Spoligotype Pattern Of Mycobacterium Tuberculosis Among Tb Suspects In a Rural Community In Southwest Ethiopia","26890","study.rurality"
"Prevalence Of Pulmonary Tb And Spoligotype Pattern Of Mycobacterium Tuberculosis Among Tb Suspects In a Rural Community In Southwest Ethiopia","26890","positive.xray.definition"
"Prevalence Of Pulmonary Tb And Spoligotype Pattern Of Mycobacterium Tuberculosis Among Tb Suspects In a Rural Community In Southwest Ethiopia","26890","report.sex"
"Prevalence Of Pulmonary Tuberculosis - A Baseline Survey In Central India","26929","study.rurality"
"Prevalence Of Pulmonary Tuberculosis - A Baseline Survey In Central India","26929","positive.xray.definition"
"Prevalence Of Pulmonary Tuberculosis - A Baseline Survey In Central India","26929","hiv.status.definition"
"Prevalence Of Pulmonary Tuberculosis - A Baseline Survey In Central India","26929","report.sex"
"Prevalence Of Pulmonary Tuberculosis Among Adults In a North Indian District","26872","study.rurality"
"Prevalence Of Pulmonary Tuberculosis Among Adults In a North Indian District","26872","screening.criteria"
"Prevalence Of Pulmonary Tuberculosis Among Adults In a North Indian District","26872","positive.xray.definition"
"Prevalence Of Pulmonary Tuberculosis Among Adults In a North Indian District","26872","other.smear.samples"
"Prevalence Of Pulmonary Tuberculosis Among Adults In a North Indian District","26872","other.xpert.samples"
"Prevalence Of Pulmonary Tuberculosis Among Adults In a North Indian District","26872","other.culture.samples"
"Prevalence Of Pulmonary Tuberculosis Among Adults In a North Indian District","26872","other.test.used"
"Prevalence Of Pulmonary Tuberculosis Among Adults In a North Indian District","26872","hiv.status.definition"
"Prevalence Of Pulmonary Tuberculosis Among Adults In a North Indian District","26872","report.sex"
"Prevalence Of Pulmonary Tuberculosis Among Adults In a Rural Sub-District Of South India","26884","study.rurality"
"Prevalence Of Pulmonary Tuberculosis Among Adults In a Rural Sub-District Of South India","26884","other.smear.samples"
"Prevalence Of Pulmonary Tuberculosis Among Adults In a Rural Sub-District Of South India","26884","other.xpert.samples"
"Prevalence Of Pulmonary Tuberculosis Among Adults In a Rural Sub-District Of South India","26884","other.culture.samples"
"Prevalence Of Pulmonary Tuberculosis Among Adults In a Rural Sub-District Of South India","26884","other.test.used"
"Prevalence Of Pulmonary Tuberculosis Among Adults In a Rural Sub-District Of South India","26884","culture.positive.tb.definition"
"Prevalence Of Pulmonary Tuberculosis Among Adults In a Rural Sub-District Of South India","26884","hiv.status.definition"
"Prevalence Of Pulmonary Tuberculosis Among Adults In a Rural Sub-District Of South India","26884","calculate.adj.prevalence"
"Prevalence Of Pulmonary Tuberculosis Among Adults In a Rural Sub-District Of South India","26884","report.sex"
"Prevalence Of Pulmonary Tuberculosis Among The Adult Population Of Pakistan 2010-2011","26928","study.id"
"Prevalence Of Pulmonary Tuberculosis Among The Adult Population Of Pakistan 2010-2011","26928","study.setting"
"Prevalence Of Pulmonary Tuberculosis Among The Adult Population Of Pakistan 2010-2011","26928","study.rurality"
"Prevalence Of Pulmonary Tuberculosis Among The Adult Population Of Pakistan 2010-2011","26928","hiv.status.definition"
"Prevalence Of Pulmonary Tuberculosis Among The Adult Population Of Pakistan 2010-2011","26928","other.definitions"
"Prevalence Of Pulmonary Tuberculosis Among The Adult Population Of Pakistan 2010-2011","26928","calculate.adj.prevalence"
"Prevalence Of Pulmonary Tuberculosis Among The Adult Population Of Pakistan 2010-2011","26928","report.sex"
"Prevalence Of Pulmonary Tuberculosis Among The Bharia, a Primitive Tribe Of Madhya Pradesh, Central India","26930","study.rurality"
"Prevalence Of Pulmonary Tuberculosis Among The Bharia, a Primitive Tribe Of Madhya Pradesh, Central India","26930","positive.xray.definition"
"Prevalence Of Pulmonary Tuberculosis Among The Bharia, a Primitive Tribe Of Madhya Pradesh, Central India","26930","hiv.status.definition"
"Prevalence Of Pulmonary Tuberculosis Among The Tribal Populations In India","26096","study.rurality"
"Prevalence Of Pulmonary Tuberculosis Among The Tribal Populations In India","26096","positive.xray.definition"
"Prevalence Of Pulmonary Tuberculosis Among The Tribal Populations In India","26096","hiv.status.definition"
"Prevalence Of Pulmonary Tuberculosis Among The Tribal Populations In India","26096","report.sex"
"Prevalence Of Pulmonary Tuberculosis Among The Tribal Populations In India","26096","additional.references"
"Prevalence Of Pulmonary Tuberculosis In Adult Population Of Tanzania: a National Survey, 2012","26919","study.rurality"
"Prevalence Of Pulmonary Tuberculosis In Adult Population Of Tanzania: a National Survey, 2012","26919","screening.criteria"
"Prevalence Of Pulmonary Tuberculosis In Adult Population Of Tanzania: a National Survey, 2012","26919","bacteriological.tb.definition"
"Prevalence Of Pulmonary Tuberculosis In Adult Population Of Tanzania: a National Survey, 2012","26919","calculate.adj.prevalence"
"Prevalence Of Pulmonary Tuberculosis In Adult Population Of Tanzania: a National Survey, 2012","26919","report.sex"
"Prevalence Of Pulmonary Tuberculosis In Far Western Nepal","26901","screening.criteria"
"Prevalence Of Pulmonary Tuberculosis In Far Western Nepal","26901","positive.xray.definition"
"Prevalence Of Pulmonary Tuberculosis In Far Western Nepal","26901","hiv.status.definition"
"Prevalence Of Pulmonary Tuberculosis In Far Western Nepal","26901","report.sex"
"Prevalence Of Pulmonary Tuberculosis In Far Western Nepal","26901","age.grp.total.range"
"Prevalence Of Pulmonary Tuberculosis In Far Western Nepal","26901","additional.references"
"Prevalence Of Pulmonary Tuberculosis In Wardha District Of Maharashtra, Central India","26982","study.rurality"
"Prevalence Of Pulmonary Tuberculosis In Wardha District Of Maharashtra, Central India","26982","screening.criteria"
"Prevalence Of Pulmonary Tuberculosis In Wardha District Of Maharashtra, Central India","26982","hiv.status.definition"
"Prevalence Of Pulmonary Tuberculosis In Wardha District Of Maharashtra, Central India","26982","report.sex"
"Prevalence Of Pulmonary Tuberculosis In Western China In 2010–11: a Population-Based, Cross-Sectional Survey","24214","study.rurality"
"Prevalence Of Pulmonary Tuberculosis In Western China In 2010–11: a Population-Based, Cross-Sectional Survey","24214","bacteriological.tb.definition"
"Prevalence Of Pulmonary Tuberculosis In Western China In 2010–11: a Population-Based, Cross-Sectional Survey","24214","smear.positive.tb.definition"
"Prevalence Of Pulmonary Tuberculosis In Western China In 2010–11: a Population-Based, Cross-Sectional Survey","24214","hiv.status.definition"
"Prevalence Of Pulmonary Tuberculosis In Western China In 2010–11: a Population-Based, Cross-Sectional Survey","24214","report.sex"
"Prevalence Of Pulmonary Tuberculosis In Western China In 2010–11: a Population-Based, Cross-Sectional Survey","24214","adj.prev100K.smear.positive.tb.age.grp.2"
"Prevalence Of Pulmonary Tuberculosis In Western China In 2010–11: a Population-Based, Cross-Sectional Survey","24214","adj.prev100K.smear.positive.tb.age.grp.3"
"Prevalence Of Pulmonary Tuberculosis In Western China In 2010–11: a Population-Based, Cross-Sectional Survey","24214","adj.prev100K.smear.positive.tb.age.grp.4"
"Prevalence Of Pulmonary Tuberculosis In Western China In 2010–11: a Population-Based, Cross-Sectional Survey","24214","adj.prev100K.smear.positive.tb.age.grp.5"
"Prevalence Of Pulmonary Tuberculosis In Western China In 2010–11: a Population-Based, Cross-Sectional Survey","24214","additional.references"
"Prevalence Of Pulmonary Tuberculosisamongst The Tribal Population Of Madhyapradesh, Central India","26882","study.setting"
"Prevalence Of Pulmonary Tuberculosisamongst The Tribal Population Of Madhyapradesh, Central India","26882","study.rurality"
"Prevalence Of Pulmonary Tuberculosisamongst The Tribal Population Of Madhyapradesh, Central India","26882","positive.xray.definition"
"Prevalence Of Pulmonary Tuberculosisamongst The Tribal Population Of Madhyapradesh, Central India","26882","hiv.status.definition"
"Prevalence Of Pulmonary Tuberculosisamongst The Tribal Population Of Madhyapradesh, Central India","26882","report.sex"
"Prevalence Of Pulmonary Tuberculosisamongst The Tribal Population Of Madhyapradesh, Central India","26882","n.participants.female"
"Prevalence Of Smear-Positive Pulmonary Tuberculosis In a Rural District Of Ethiopia","26938","correspond.author.email"
"Prevalence Of Smear-Positive Pulmonary Tuberculosis In a Rural District Of Ethiopia","26938","study.rurality"
"Prevalence Of Smear-Positive Pulmonary Tuberculosis In a Rural District Of Ethiopia","26938","positive.xray.definition"
"Prevalence Of Smear-Positive Pulmonary Tuberculosis In a Rural District Of Ethiopia","26938","hiv.status.definition"
"Prevalence Of Smear-Positive Pulmonary Tuberculosis In a Rural District Of Ethiopia","26938","report.sex"
"Prevalence Of Smear-Positive Pulmonary Tuberculosis In a Rural District Of Ethiopia","26938","additional.references"
"Prevalence Of Smear-Positive Tuberculosis In Persons Aged >/= 15 Years In Bangladesh: Results From a National Survey, 2007-2009","26956","study.rurality"
"Prevalence Of Smear-Positive Tuberculosis In Persons Aged >/= 15 Years In Bangladesh: Results From a National Survey, 2007-2009","26956","screening.criteria"
"Prevalence Of Smear-Positive Tuberculosis In Persons Aged >/= 15 Years In Bangladesh: Results From a National Survey, 2007-2009","26956","participant.screening"
"Prevalence Of Smear-Positive Tuberculosis In Persons Aged >/= 15 Years In Bangladesh: Results From a National Survey, 2007-2009","26956","other.smear.samples"
"Prevalence Of Smear-Positive Tuberculosis In Persons Aged >/= 15 Years In Bangladesh: Results From a National Survey, 2007-2009","26956","other.xpert.samples"
"Prevalence Of Smear-Positive Tuberculosis In Persons Aged >/= 15 Years In Bangladesh: Results From a National Survey, 2007-2009","26956","hiv.status.definition"
"Prevalence Of Smear-Positive Tuberculosis In Persons Aged >/= 15 Years In Bangladesh: Results From a National Survey, 2007-2009","26956","calculate.adj.prevalence"
"Prevalence Of Smear-Positive Tuberculosis In Persons Aged >/= 15 Years In Bangladesh: Results From a National Survey, 2007-2009","26956","participant.definition"
"Prevalence Of Smear-Positive Tuberculosis In Persons Aged >/= 15 Years In Bangladesh: Results From a National Survey, 2007-2009","26956","report.sex"
"Prevalence Of Smear-Positive Tuberculosis In Persons Aged >/= 15 Years In Bangladesh: Results From a National Survey, 2007-2009","26956","n.smear.positive.tb.age.grp.1"
"Prevalence Of Smear-Positive Tuberculosis In Persons Aged >/= 15 Years In Bangladesh: Results From a National Survey, 2007-2009","26956","prev100K.CI.all.prevalent.tb.age.grp.1"
"Prevalence Of Sputum Smear-Positive Tuberculosis In a Rural Area In Bangladesh","26957","study.rurality"
"Prevalence Of Sputum Smear-Positive Tuberculosis In a Rural Area In Bangladesh","26957","screening.criteria"
"Prevalence Of Sputum Smear-Positive Tuberculosis In a Rural Area In Bangladesh","26957","hiv.status.definition"
"Prevalence Of Sputum Smear-Positive Tuberculosis In a Rural Area In Bangladesh","26957","report.sex"
"Prevalence Of Sputum Smear-Positive Tuberculosis In a Rural Area In Bangladesh","26957","additional.references"
"Prevalence Of Tuberculosis In A Rural Population Aged 15 Years And Above In R.S. Pura Block Of District Jammu","26894","study.rurality"
"Prevalence Of Tuberculosis In A Rural Population Aged 15 Years And Above In R.S. Pura Block Of District Jammu","26894","screening.criteria"
"Prevalence Of Tuberculosis In A Rural Population Aged 15 Years And Above In R.S. Pura Block Of District Jammu","26894","hiv.status.definition"
"Prevalence Of Tuberculosis In A Rural Population Aged 15 Years And Above In R.S. Pura Block Of District Jammu","26894","report.sex"
"Prevalence Of Tuberculosis In Adolescents, Western Kenya: Implications For Control Programs","26924","study.setting"
"Prevalence Of Tuberculosis In Adolescents, Western Kenya: Implications For Control Programs","26924","study.rurality"
"Prevalence Of Tuberculosis In Adolescents, Western Kenya: Implications For Control Programs","26924","screening.criteria"
"Prevalence Of Tuberculosis In Adolescents, Western Kenya: Implications For Control Programs","26924","report.sex"
"Prevalence Of Tuberculosis In Faridabad District, Haryana State, India","26939","study.rurality"
"Prevalence Of Tuberculosis In Faridabad District, Haryana State, India","26939","positive.xray.definition"
"Prevalence Of Tuberculosis In Faridabad District, Haryana State, India","26939","hiv.status.definition"
"Prevalence Of Tuberculosis In Faridabad District, Haryana State, India","26939","report.sex"
"Prevalence Of Tuberculosis In Faridabad District, Haryana State, India","26939","additional.references"
"Prevalence Of Tuberculosis In Rwanda: Results Of The First Nationwide Survey In 2012 Yielded Important Lessons For Tb Control","26892","study.rurality"
"Prevalence Of Tuberculosis In Rwanda: Results Of The First Nationwide Survey In 2012 Yielded Important Lessons For Tb Control","26892","other.smear.samples"
"Prevalence Of Tuberculosis In Rwanda: Results Of The First Nationwide Survey In 2012 Yielded Important Lessons For Tb Control","26892","other.xpert.samples"
"Prevalence Of Tuberculosis In Rwanda: Results Of The First Nationwide Survey In 2012 Yielded Important Lessons For Tb Control","26892","other.culture.samples"
"Prevalence Of Tuberculosis In Rwanda: Results Of The First Nationwide Survey In 2012 Yielded Important Lessons For Tb Control","26892","other.test.used"
"Prevalence Of Tuberculosis In Rwanda: Results Of The First Nationwide Survey In 2012 Yielded Important Lessons For Tb Control","26892","presumptive.tb.definition"
"Prevalence Of Tuberculosis In Rwanda: Results Of The First Nationwide Survey In 2012 Yielded Important Lessons For Tb Control","26892","bacteriological.tb.definition"
"Prevalence Of Tuberculosis In Rwanda: Results Of The First Nationwide Survey In 2012 Yielded Important Lessons For Tb Control","26892","rurality.definition"
"Prevalence Of Tuberculosis In Rwanda: Results Of The First Nationwide Survey In 2012 Yielded Important Lessons For Tb Control","26892","report.sex"
"Prevalence Of Tuberculosis In Rwanda: Results Of The First Nationwide Survey In 2012 Yielded Important Lessons For Tb Control","26892","additional.references"
"Prevalence Of Tuberculosis, Hiv And Respiratory Symptoms In Two Zambian Communities: Implications For Tuberculosis Control In The Era Of Hiv","26875","study.rurality"
"Prevalence Of Tuberculosis, Hiv And Respiratory Symptoms In Two Zambian Communities: Implications For Tuberculosis Control In The Era Of Hiv","26875","participant.screening"
"Prevalence Of Tuberculosis, Hiv And Respiratory Symptoms In Two Zambian Communities: Implications For Tuberculosis Control In The Era Of Hiv","26875","screening.symptoms"
"Prevalence Of Tuberculosis, Hiv And Respiratory Symptoms In Two Zambian Communities: Implications For Tuberculosis Control In The Era Of Hiv","26875","positive.xray.definition"
"Prevalence Of Tuberculosis, Hiv And Respiratory Symptoms In Two Zambian Communities: Implications For Tuberculosis Control In The Era Of Hiv","26875","other.xpert.samples"
"Prevalence Of Tuberculosis, Hiv And Respiratory Symptoms In Two Zambian Communities: Implications For Tuberculosis Control In The Era Of Hiv","26875","other.culture.samples"
"Prevalence Of Tuberculosis, Hiv And Respiratory Symptoms In Two Zambian Communities: Implications For Tuberculosis Control In The Era Of Hiv","26875","other.test.used"
"Prevalence Of Tuberculosis, Hiv And Respiratory Symptoms In Two Zambian Communities: Implications For Tuberculosis Control In The Era Of Hiv","26875","report.sex"
"Prevalence Survey Of Bacillary Pulmonary Tuberculosis In Western Uttar Pradesh, India","26990","study.setting"
"Prevalence Survey Of Bacillary Pulmonary Tuberculosis In Western Uttar Pradesh, India","26990","study.rurality"
"Prevalence Survey Of Bacillary Pulmonary Tuberculosis In Western Uttar Pradesh, India","26985","study.rurality"
"Prevalence Survey Of Bacillary Pulmonary Tuberculosis In Western Uttar Pradesh, India","26984","study.rurality"
"Prevalence Survey Of Bacillary Pulmonary Tuberculosis In Western Uttar Pradesh, India","26990","screening.tests"
"Prevalence Survey Of Bacillary Pulmonary Tuberculosis In Western Uttar Pradesh, India","26985","positive.xray.definition"
"Prevalence Survey Of Bacillary Pulmonary Tuberculosis In Western Uttar Pradesh, India","26984","positive.xray.definition"
"Prevalence Survey Of Bacillary Pulmonary Tuberculosis In Western Uttar Pradesh, India","26990","participants.sputum.collected"
"Prevalence Survey Of Bacillary Pulmonary Tuberculosis In Western Uttar Pradesh, India","26985","bacteriological.tb.definition"
"Prevalence Survey Of Bacillary Pulmonary Tuberculosis In Western Uttar Pradesh, India","26985","rurality.definition"
"Prevalence Survey Of Bacillary Pulmonary Tuberculosis In Western Uttar Pradesh, India","26984","rurality.definition"
"Prevalence Survey Of Bacillary Pulmonary Tuberculosis In Western Uttar Pradesh, India","26990","hiv.status.definition"
"Prevalence Survey Of Bacillary Pulmonary Tuberculosis In Western Uttar Pradesh, India","26985","hiv.status.definition"
"Prevalence Survey Of Bacillary Pulmonary Tuberculosis In Western Uttar Pradesh, India","26984","hiv.status.definition"
"Prevalence Survey Of Bacillary Pulmonary Tuberculosis In Western Uttar Pradesh, India","26984","calculate.adj.prevalence"
"Prevalence Survey Of Bacillary Pulmonary Tuberculosis In Western Uttar Pradesh, India","26985","participant.definition"
"Prevalence Survey Of Bacillary Pulmonary Tuberculosis In Western Uttar Pradesh, India","26985","report.sex"
"Prevalence Survey Of Bacillary Pulmonary Tuberculosis In Western Uttar Pradesh, India","26984","report.sex"
"Prevalence Survey Of Bacillary Pulmonary Tuberculosis In Western Uttar Pradesh, India","26990","additional.references"
"Prevalence Survey Of Bacillary Pulmonary Tuberculosis In Western Uttar Pradesh, India","26985","additional.references"
"Prevalence Survey Of Bacillary Pulmonary Tuberculosis In Western Uttar Pradesh, India","26984","additional.references"
"Prevalent Infectious Tuberculosis In Harare, Zimbabwe: Burden, Risk Factors And Implications For Control","26886","screening.tests"
"Prevalent Infectious Tuberculosis In Harare, Zimbabwe: Burden, Risk Factors And Implications For Control","26886","prevalent.tb.defintion"
"Prevalent Infectious Tuberculosis In Harare, Zimbabwe: Burden, Risk Factors And Implications For Control","26886","report.sex"
"Prevalent Infectious Tuberculosis In Harare, Zimbabwe: Burden, Risk Factors And Implications For Control","26886","additional.references"
"Pulmonary Tuberculosis In An Indigenous Community In The Mountains Of Ecuador","26933","study.setting"
"Pulmonary Tuberculosis In An Indigenous Community In The Mountains Of Ecuador","26933","study.rurality"
"Pulmonary Tuberculosis In An Indigenous Community In The Mountains Of Ecuador","26933","positive.xray.definition"
"Pulmonary Tuberculosis In An Indigenous Community In The Mountains Of Ecuador","26933","hiv.status.definition"
"Pulmonary Tuberculosis In An Indigenous Community In The Mountains Of Ecuador","26933","participant.definition"
"Pulmonary Tuberculosis In An Indigenous Community In The Mountains Of Ecuador","26933","report.sex"
"Pulmonary Tuberculosis In An Indigenous Community In The Mountains Of Ecuador","26933","additional.references"
"Pulmonary Tuberculosis: a Public Health Problem Amongst The Saharia, a Primitive Tribe Of Madhya Pradesh, Central India","26931","study.rurality"
"Pulmonary Tuberculosis: a Public Health Problem Amongst The Saharia, a Primitive Tribe Of Madhya Pradesh, Central India","26931","positive.xray.definition"
"Pulmonary Tuberculosis: a Public Health Problem Amongst The Saharia, a Primitive Tribe Of Madhya Pradesh, Central India","26931","hiv.status.definition"
"Pulmonary Tuberculosis: a Public Health Problem Amongst The Saharia, a Primitive Tribe Of Madhya Pradesh, Central India","26931","report.sex"
"Report First National Tb Prevalence Survey 2012, Nigeria","26917","study.id"
"Report First National Tb Prevalence Survey 2012, Nigeria","26917","study.rurality"
"Report First National Tb Prevalence Survey 2012, Nigeria","26917","other.smear.samples"
"Report First National Tb Prevalence Survey 2012, Nigeria","26917","other.xpert.samples"
"Report First National Tb Prevalence Survey 2012, Nigeria","26917","other.culture.samples"
"Report First National Tb Prevalence Survey 2012, Nigeria","26917","other.test.used"
"Report First National Tb Prevalence Survey 2012, Nigeria","26917","hiv.status.definition"
"Report First National Tb Prevalence Survey 2012, Nigeria","26917","other.definitions"
"Report First National Tb Prevalence Survey 2012, Nigeria","26917","report.sex"
"Report Of The First National Tuberculosis Prevalence Survey In Mongolia (2014-2015)","26866","study.rurality"
"Report Of The First National Tuberculosis Prevalence Survey In Mongolia (2014-2015)","26866","other.smear.samples"
"Report Of The First National Tuberculosis Prevalence Survey In Mongolia (2014-2015)","26866","other.culture.samples"
"Report Of The First National Tuberculosis Prevalence Survey In Mongolia (2014-2015)","26866","other.test.used"
"Report Of The First National Tuberculosis Prevalence Survey In Mongolia (2014-2015)","26866","bacteriological.tb.definition"
"Report Of The First National Tuberculosis Prevalence Survey In Mongolia (2014-2015)","26866","smear.positive.tb.definition"
"Report Of The First National Tuberculosis Prevalence Survey In Mongolia (2014-2015)","26866","hiv.status.definition"
"Report Of The First National Tuberculosis Prevalence Survey In Mongolia (2014-2015)","26866","other.definitions"
"Report Of The First National Tuberculosis Prevalence Survey In Mongolia (2014-2015)","26866","participant.definition"
"Report Of The First National Tuberculosis Prevalence Survey In Mongolia (2014-2015)","26866","report.sex"
"Report On National Tb Prevalence Survey 2009-2010, Myanmar","26915","study.id"
"Report On National Tb Prevalence Survey 2009-2010, Myanmar","26915","study.rurality"
"Report On National Tb Prevalence Survey 2009-2010, Myanmar","26915","hiv.status.definition"
"Report On National Tb Prevalence Survey 2009-2010, Myanmar","26915","report.sex"
"Significant Decline In The Tuberculosis Burden In The Philippines Ten Years After Initiating Dots","26944","study.rurality"
"Significant Decline In The Tuberculosis Burden In The Philippines Ten Years After Initiating Dots","26944","hiv.status.definition"
"Significant Decline In The Tuberculosis Burden In The Philippines Ten Years After Initiating Dots","26944","calculate.adj.prevalence"
"Significant Decline In The Tuberculosis Burden In The Philippines Ten Years After Initiating Dots","26944","report.sex"
"Significant Decline In The Tuberculosis Burden In The Philippines Ten Years After Initiating Dots","26944","additional.references"
"Sputum Positive Point Prevallence Survey","26916","study.id"
"Sputum Positive Point Prevallence Survey","26916","study.rurality"
"Sputum Positive Point Prevallence Survey","26916","positive.xray.definition"
"Sputum Positive Point Prevallence Survey","26916","hiv.status.definition"
"Sputum Positive Point Prevallence Survey","26916","report.sex"
"Sub-National Prevalence Survey Of Tuberculosis In Rural Communities Of Ethiopia","26972","correspond.author.email"
"Sub-National Prevalence Survey Of Tuberculosis In Rural Communities Of Ethiopia","26972","study.rurality"
"Sub-National Prevalence Survey Of Tuberculosis In Rural Communities Of Ethiopia","26971","study.rurality"
"Sub-National Prevalence Survey Of Tuberculosis In Rural Communities Of Ethiopia","21934","study.rurality"
"Sub-National Prevalence Survey Of Tuberculosis In Rural Communities Of Ethiopia","26972","positive.xray.definition"
"Sub-National Prevalence Survey Of Tuberculosis In Rural Communities Of Ethiopia","26971","positive.xray.definition"
"Sub-National Prevalence Survey Of Tuberculosis In Rural Communities Of Ethiopia","21934","positive.xray.definition"
"Sub-National Prevalence Survey Of Tuberculosis In Rural Communities Of Ethiopia","26971","other.smear.samples"
"Sub-National Prevalence Survey Of Tuberculosis In Rural Communities Of Ethiopia","26972","other.xpert.samples"
"Sub-National Prevalence Survey Of Tuberculosis In Rural Communities Of Ethiopia","26971","other.xpert.samples"
"Sub-National Prevalence Survey Of Tuberculosis In Rural Communities Of Ethiopia","26972","other.culture.samples"
"Sub-National Prevalence Survey Of Tuberculosis In Rural Communities Of Ethiopia","26971","other.culture.samples"
"Sub-National Prevalence Survey Of Tuberculosis In Rural Communities Of Ethiopia","26972","other.test.used"
"Sub-National Prevalence Survey Of Tuberculosis In Rural Communities Of Ethiopia","26971","other.test.used"
"Sub-National Prevalence Survey Of Tuberculosis In Rural Communities Of Ethiopia","26972","hiv.status.definition"
"Sub-National Prevalence Survey Of Tuberculosis In Rural Communities Of Ethiopia","26971","hiv.status.definition"
"Sub-National Prevalence Survey Of Tuberculosis In Rural Communities Of Ethiopia","21934","hiv.status.definition"
"Sub-National Prevalence Survey Of Tuberculosis In Rural Communities Of Ethiopia","26972","participant.definition"
"Sub-National Prevalence Survey Of Tuberculosis In Rural Communities Of Ethiopia","26971","participant.definition"
"Sub-National Prevalence Survey Of Tuberculosis In Rural Communities Of Ethiopia","26972","report.sex"
"Sub-National Prevalence Survey Of Tuberculosis In Rural Communities Of Ethiopia","26971","report.sex"
"Sub-National Prevalence Survey Of Tuberculosis In Rural Communities Of Ethiopia","21934","report.sex"
"Sub-National Prevalence Survey Of Tuberculosis In Rural Communities Of Ethiopia","26972","additional.references"
"Sub-National Prevalence Survey Of Tuberculosis In Rural Communities Of Ethiopia","26971","additional.references"
"Sub-National Prevalence Survey Of Tuberculosis In Rural Communities Of Ethiopia","21934","additional.references"
"Sudan Tb Prevalence Survey Report 2013 – 2014","26989","study.rurality"
"Sudan Tb Prevalence Survey Report 2013 – 2014","26989","culture.positive.tb.definition"
"Sudan Tb Prevalence Survey Report 2013 – 2014","26989","hiv.status.definition"
"Sudan Tb Prevalence Survey Report 2013 – 2014","26989","calculate.adj.prevalence"
"Sudan Tb Prevalence Survey Report 2013 – 2014","26989","participant.definition"
"Sudan Tb Prevalence Survey Report 2013 – 2014","26989","report.sex"
"Sudan Tb Prevalence Survey Report 2013 – 2014","26989","additional.references"
"Survey For Tuberculosis In An Indigenous Populationof Amazonia: The Suru´ı Of RondˆOnia, Brazil","26879","correspond.author"
"Survey For Tuberculosis In An Indigenous Populationof Amazonia: The Suru´ı Of RondˆOnia, Brazil","26879","study.setting"
"Survey For Tuberculosis In An Indigenous Populationof Amazonia: The Suru´ı Of RondˆOnia, Brazil","26879","study.rurality"
"Survey For Tuberculosis In An Indigenous Populationof Amazonia: The Suru´ı Of RondˆOnia, Brazil","26879","screening.criteria"
"Survey For Tuberculosis In An Indigenous Populationof Amazonia: The Suru´ı Of RondˆOnia, Brazil","26879","other.smear.samples"
"Survey For Tuberculosis In An Indigenous Populationof Amazonia: The Suru´ı Of RondˆOnia, Brazil","26879","other.xpert.samples"
"Survey For Tuberculosis In An Indigenous Populationof Amazonia: The Suru´ı Of RondˆOnia, Brazil","26879","other.test.used"
"Survey For Tuberculosis In An Indigenous Populationof Amazonia: The Suru´ı Of RondˆOnia, Brazil","26879","culture.positive.tb.definition"
"Survey For Tuberculosis In An Indigenous Populationof Amazonia: The Suru´ı Of RondˆOnia, Brazil","26879","prevalent.tb.defintion"
"Survey For Tuberculosis In An Indigenous Populationof Amazonia: The Suru´ı Of RondˆOnia, Brazil","26879","hiv.status.definition"
"Survey For Tuberculosis In An Indigenous Populationof Amazonia: The Suru´ı Of RondˆOnia, Brazil","26879","participant.definition"
"Survey For Tuberculosis In An Indigenous Populationof Amazonia: The Suru´ı Of RondˆOnia, Brazil","26879","report.sex"
"The 1997 Nationwide Tuberculosis Prevalence Survey In The Philippines","26946","study.rurality"
"The 1997 Nationwide Tuberculosis Prevalence Survey In The Philippines","26946","hiv.status.definition"
"The 1997 Nationwide Tuberculosis Prevalence Survey In The Philippines","26946","calculate.adj.prevalence"
"The 1997 Nationwide Tuberculosis Prevalence Survey In The Philippines","26946","report.sex"
"The First National Tb Prevalence Survey Of Lao Pdr (2010-2011)","26905","study.rurality"
"The First National Tb Prevalence Survey Of Lao Pdr (2010-2011)","26905","screening.criteria"
"The First National Tb Prevalence Survey Of Lao Pdr (2010-2011)","26905","bacteriological.tb.definition"
"The First National Tb Prevalence Survey Of Lao Pdr (2010-2011)","26905","hiv.status.definition"
"The First National Tb Prevalence Survey Of Lao Pdr (2010-2011)","26905","calculate.adj.prevalence"
"The First National Tb Prevalence Survey Of Lao Pdr (2010-2011)","26905","report.sex"
"The First Population-Based National Tuberculosis Prevalence Survey In Ethiopia, 2010-2011","26913","study.rurality"
"The First Population-Based National Tuberculosis Prevalence Survey In Ethiopia, 2010-2011","26913","contact.investigation"
"The First Population-Based National Tuberculosis Prevalence Survey In Ethiopia, 2010-2011","26913","hiv.status.definition"
"The First Population-Based National Tuberculosis Prevalence Survey In Ethiopia, 2010-2011","26913","report.sex"
"The First Population-Based National Tuberculosis Prevalence Survey In Ethiopia, 2010-2011","26913","n.smear.positive.tb.female"
"The Gambian Survey Of Tuberculosis Prevalence (Gamstep)","26920","study.rurality"
"The Gambian Survey Of Tuberculosis Prevalence (Gamstep)","26920","screening.criteria"
"The Gambian Survey Of Tuberculosis Prevalence (Gamstep)","26920","presumptive.tb.definition"
"The Gambian Survey Of Tuberculosis Prevalence (Gamstep)","26920","bacteriological.tb.definition"
"The Gambian Survey Of Tuberculosis Prevalence (Gamstep)","26920","smear.positive.tb.definition"
"The Gambian Survey Of Tuberculosis Prevalence (Gamstep)","26920","hiv.status.definition"
"The Gambian Survey Of Tuberculosis Prevalence (Gamstep)","26920","calculate.adj.prevalence"
"The Gambian Survey Of Tuberculosis Prevalence (Gamstep)","26920","report.sex"
"The Second National Tuberculosis Prevalence Survey In Vietnam","24644","study.rurality"
"The Second National Tuberculosis Prevalence Survey In Vietnam","24644","bacteriological.tb.definition"
"The Second National Tuberculosis Prevalence Survey In Vietnam","24644","hiv.status.definition"
"The Second National Tuberculosis Prevalence Survey In Vietnam","24644","report.sex"
"The Uganda National Tuberculosis Prevalence Survey, 2014-2015, Survey Report","26870","study.rurality"
"The Uganda National Tuberculosis Prevalence Survey, 2014-2015, Survey Report","26870","report.sex"
"The Uganda National Tuberculosis Prevalence Survey, 2014-2015, Survey Report","26870","adj.prev100K.bacteriological.tb.age.grp.1"
"The Zimbabwe National Population Based Tuberculosis Prevalence Survey Report","26857","study.rurality"
"The Zimbabwe National Population Based Tuberculosis Prevalence Survey Report","26857","contact.investigation"
"The Zimbabwe National Population Based Tuberculosis Prevalence Survey Report","26857","screening.criteria"
"The Zimbabwe National Population Based Tuberculosis Prevalence Survey Report","26857","other.smear.samples"
"The Zimbabwe National Population Based Tuberculosis Prevalence Survey Report","26857","xpert.trace"
"The Zimbabwe National Population Based Tuberculosis Prevalence Survey Report","26857","other.culture.samples"
"The Zimbabwe National Population Based Tuberculosis Prevalence Survey Report","26857","other.test.used"
"The Zimbabwe National Population Based Tuberculosis Prevalence Survey Report","26857","smear.positive.tb.definition"
"The Zimbabwe National Population Based Tuberculosis Prevalence Survey Report","26857","hiv.status.definition"
"The Zimbabwe National Population Based Tuberculosis Prevalence Survey Report","26857","other.definitions"
"The Zimbabwe National Population Based Tuberculosis Prevalence Survey Report","26857","calculate.adj.prevalence"
"The Zimbabwe National Population Based Tuberculosis Prevalence Survey Report","26857","report.sex"
"Three-Fold Reduction In The Prevalence Of Tuberculosis Over 25 Years In Indonesia","26940","first.author.surname"
"Three-Fold Reduction In The Prevalence Of Tuberculosis Over 25 Years In Indonesia","26940","correspond.author"
"Three-Fold Reduction In The Prevalence Of Tuberculosis Over 25 Years In Indonesia","26940","study.rurality"
"Three-Fold Reduction In The Prevalence Of Tuberculosis Over 25 Years In Indonesia","26940","positive.xray.definition"
"Three-Fold Reduction In The Prevalence Of Tuberculosis Over 25 Years In Indonesia","26940","other.culture.samples"
"Three-Fold Reduction In The Prevalence Of Tuberculosis Over 25 Years In Indonesia","26940","hiv.status.definition"
"Three-Fold Reduction In The Prevalence Of Tuberculosis Over 25 Years In Indonesia","26940","report.sex"
"Trends In The Prevalence Of Pulmonary Tuberculosis Over a Period Of Seven And Half Years In a Rural Community In South India With Dots","26904","study.setting"
"Trends In The Prevalence Of Pulmonary Tuberculosis Over a Period Of Seven And Half Years In a Rural Community In South India With Dots","26988","study.rurality"
"Trends In The Prevalence Of Pulmonary Tuberculosis Over a Period Of Seven And Half Years In a Rural Community In South India With Dots","26987","study.rurality"
"Trends In The Prevalence Of Pulmonary Tuberculosis Over a Period Of Seven And Half Years In a Rural Community In South India With Dots","26986","study.rurality"
"Trends In The Prevalence Of Pulmonary Tuberculosis Over a Period Of Seven And Half Years In a Rural Community In South India With Dots","26904","study.rurality"
"Trends In The Prevalence Of Pulmonary Tuberculosis Over a Period Of Seven And Half Years In a Rural Community In South India With Dots","26988","hiv.status.definition"
"Trends In The Prevalence Of Pulmonary Tuberculosis Over a Period Of Seven And Half Years In a Rural Community In South India With Dots","26987","hiv.status.definition"
"Trends In The Prevalence Of Pulmonary Tuberculosis Over a Period Of Seven And Half Years In a Rural Community In South India With Dots","26986","hiv.status.definition"
"Trends In The Prevalence Of Pulmonary Tuberculosis Over a Period Of Seven And Half Years In a Rural Community In South India With Dots","26904","hiv.status.definition"
"Trends In The Prevalence Of Pulmonary Tuberculosis Over a Period Of Seven And Half Years In a Rural Community In South India With Dots","26988","participant.definition"
"Trends In The Prevalence Of Pulmonary Tuberculosis Over a Period Of Seven And Half Years In a Rural Community In South India With Dots","26988","report.sex"
"Trends In The Prevalence Of Pulmonary Tuberculosis Over a Period Of Seven And Half Years In a Rural Community In South India With Dots","26987","report.sex"
"Trends In The Prevalence Of Pulmonary Tuberculosis Over a Period Of Seven And Half Years In a Rural Community In South India With Dots","26986","report.sex"
"Trends In The Prevalence Of Pulmonary Tuberculosis Over a Period Of Seven And Half Years In a Rural Community In South India With Dots","26904","report.sex"
"Trends In The Prevalence Of Pulmonary Tuberculosis Over a Period Of Seven And Half Years In a Rural Community In South India With Dots","26904","n.smear.positive.tb.male"
"Tuberculosis Among The Xavante Indians Of The Brazilian Amazon: An Epidemiological And Ethnographic Assessment","26880","study.rurality"
"Tuberculosis Among The Xavante Indians Of The Brazilian Amazon: An Epidemiological And Ethnographic Assessment","26880","other.smear.samples"
"Tuberculosis Among The Xavante Indians Of The Brazilian Amazon: An Epidemiological And Ethnographic Assessment","26880","other.xpert.samples"
"Tuberculosis Among The Xavante Indians Of The Brazilian Amazon: An Epidemiological And Ethnographic Assessment","26880","other.test.used"
"Tuberculosis Among The Xavante Indians Of The Brazilian Amazon: An Epidemiological And Ethnographic Assessment","26880","hiv.status.definition"
"Tuberculosis Burden In An Urban Population: a Cross Sectional Tuberculosis Survey From Guinea Bissau","26883","smear.negative.tb.definition"
"Tuberculosis Burden In An Urban Population: a Cross Sectional Tuberculosis Survey From Guinea Bissau","26883","other.definitions"
"Tuberculosis Burden In An Urban Population: a Cross Sectional Tuberculosis Survey From Guinea Bissau","26883","report.sex"
"Tuberculosis Burden In An Urban Population: a Cross Sectional Tuberculosis Survey From Guinea Bissau","26883","age.grp.6.range"
"Tuberculosis Prevalence In China, 1990–2010; a Longitudinal Analysis Of National Survey Data","26981","study.rurality"
"Tuberculosis Prevalence In China, 1990–2010; a Longitudinal Analysis Of National Survey Data","26949","study.rurality"
"Tuberculosis Prevalence In China, 1990–2010; a Longitudinal Analysis Of National Survey Data","26981","culture.positive.tb.definition"
"Tuberculosis Prevalence In China, 1990–2010; a Longitudinal Analysis Of National Survey Data","26981","prevalent.tb.defintion"
"Tuberculosis Prevalence In China, 1990–2010; a Longitudinal Analysis Of National Survey Data","26949","prevalent.tb.defintion"
"Tuberculosis Prevalence In China, 1990–2010; a Longitudinal Analysis Of National Survey Data","26981","hiv.status.definition"
"Tuberculosis Prevalence In China, 1990–2010; a Longitudinal Analysis Of National Survey Data","26949","hiv.status.definition"
"Tuberculosis Prevalence In China, 1990–2010; a Longitudinal Analysis Of National Survey Data","26949","participant.definition"
"Tuberculosis Prevalence In China, 1990–2010; a Longitudinal Analysis Of National Survey Data","26981","report.sex"
"Tuberculosis Prevalence In China, 1990–2010; a Longitudinal Analysis Of National Survey Data","26949","report.sex"
"Two-Thirds Of Smear-Positive Tuberculosis Cases In The Community Were Undiagnosed In Northwest Ethiopia: Population Based Cross-Sectional Study","26942","study.rurality"
"Two-Thirds Of Smear-Positive Tuberculosis Cases In The Community Were Undiagnosed In Northwest Ethiopia: Population Based Cross-Sectional Study","26942","positive.xray.definition"
"Two-Thirds Of Smear-Positive Tuberculosis Cases In The Community Were Undiagnosed In Northwest Ethiopia: Population Based Cross-Sectional Study","26942","other.smear.samples"
"Two-Thirds Of Smear-Positive Tuberculosis Cases In The Community Were Undiagnosed In Northwest Ethiopia: Population Based Cross-Sectional Study","26942","other.xpert.samples"
"Two-Thirds Of Smear-Positive Tuberculosis Cases In The Community Were Undiagnosed In Northwest Ethiopia: Population Based Cross-Sectional Study","26942","other.culture.samples"
"Two-Thirds Of Smear-Positive Tuberculosis Cases In The Community Were Undiagnosed In Northwest Ethiopia: Population Based Cross-Sectional Study","26942","other.test.used"
"Two-Thirds Of Smear-Positive Tuberculosis Cases In The Community Were Undiagnosed In Northwest Ethiopia: Population Based Cross-Sectional Study","26942","presumptive.tb.definition"
"Two-Thirds Of Smear-Positive Tuberculosis Cases In The Community Were Undiagnosed In Northwest Ethiopia: Population Based Cross-Sectional Study","26942","smear.positive.tb.definition"
"Two-Thirds Of Smear-Positive Tuberculosis Cases In The Community Were Undiagnosed In Northwest Ethiopia: Population Based Cross-Sectional Study","26942","report.sex"
"Undiagnosed Tuberculosis In a Community With High Hiv Prevalence: Implications For Tuberculosis Control","26953","study.doi"
"Undiagnosed Tuberculosis In a Community With High Hiv Prevalence: Implications For Tuberculosis Control","26953","participant.screening"
"Undiagnosed Tuberculosis In a Community With High Hiv Prevalence: Implications For Tuberculosis Control","26953","positive.xray.definition"
"Undiagnosed Tuberculosis In a Community With High Hiv Prevalence: Implications For Tuberculosis Control","26953","other.test.used"
"Yield Of Undetected Tuberculosis And Human Immunodeficiency Virus Coinfection From Active Case Finding In Urban Uganda","26936","screening.criteria"
"Yield Of Undetected Tuberculosis And Human Immunodeficiency Virus Coinfection From Active Case Finding In Urban Uganda","26936","positive.xray.definition"
"Yield Of Undetected Tuberculosis And Human Immunodeficiency Virus Coinfection From Active Case Finding In Urban Uganda","26936","presumptive.tb.definition"
"Yield Of Undetected Tuberculosis And Human Immunodeficiency Virus Coinfection From Active Case Finding In Urban Uganda","26936","bacteriological.tb.definition"
"Yield Of Undetected Tuberculosis And Human Immunodeficiency Virus Coinfection From Active Case Finding In Urban Uganda","26936","report.sex"
"Zambia National Tuberculosis Prevalence Survey 2013-2014 Technical Report","26918","study.rurality"
"Zambia National Tuberculosis Prevalence Survey 2013-2014 Technical Report","26918","other.smear.samples"
"Zambia National Tuberculosis Prevalence Survey 2013-2014 Technical Report","26918","other.xpert.samples"
"Zambia National Tuberculosis Prevalence Survey 2013-2014 Technical Report","26918","xpert.trace"
"Zambia National Tuberculosis Prevalence Survey 2013-2014 Technical Report","26918","other.culture.samples"
"Zambia National Tuberculosis Prevalence Survey 2013-2014 Technical Report","26918","other.test.used"
"Zambia National Tuberculosis Prevalence Survey 2013-2014 Technical Report","26918","report.sex"
"Zambia National Tuberculosis Prevalence Survey 2013-2014 Technical Report","26918","prev100K.CI.bacteriological.tb.urban"
