study.end.year,study.country,Estimate,Low,High
1990,Asia and the Pacific,1.4 m,1.3 m,1.6 m
1991,Asia and the Pacific,1.9 m,1.8 m,2.2 m
1992,Asia and the Pacific,2.4 m,2.2 m,2.7 m
1993,Asia and the Pacific,2.9 m,2.6 m,3.3 m
1994,Asia and the Pacific,3.4 m,3.1 m,3.9 m
1995,Asia and the Pacific,4.0 m,3.6 m,4.5 m
1996,Asia and the Pacific,4.6 m,4.1 m,5.1 m
1997,Asia and the Pacific,5.0 m,4.5 m,5.6 m
1998,Asia and the Pacific,5.3 m,4.8 m,6.0 m
1999,Asia and the Pacific,5.5 m,5.0 m,6.2 m
2000,Asia and the Pacific,5.6 m,5.1 m,6.3 m
2001,Asia and the Pacific,5.7 m,5.1 m,6.4 m
2002,Asia and the Pacific,5.7 m,5.1 m,6.4 m
2003,Asia and the Pacific,5.7 m,5.1 m,6.4 m
2004,Asia and the Pacific,5.7 m,5.1 m,6.4 m
2005,Asia and the Pacific,5.7 m,5.1 m,6.4 m
2006,Asia and the Pacific,5.7 m,5.1 m,6.4 m
2007,Asia and the Pacific,5.6 m,5.1 m,6.3 m
2008,Asia and the Pacific,5.6 m,5.1 m,6.4 m
2009,Asia and the Pacific,5.7 m,5.1 m,6.4 m
2010,Asia and the Pacific,5.7 m,5.1 m,6.4 m
2011,Asia and the Pacific,5.7 m,5.2 m,6.5 m
2012,Asia and the Pacific,5.8 m,5.2 m,6.5 m
2013,Asia and the Pacific,5.8 m,5.3 m,6.6 m
2014,Asia and the Pacific,5.9 m,5.3 m,6.6 m
2015,Asia and the Pacific,6.0 m,5.4 m,6.7 m
2016,Asia and the Pacific,6.0 m,5.4 m,6.8 m
2017,Asia and the Pacific,6.1 m,5.5 m,6.9 m
2018,Asia and the Pacific,6.2 m,5.6 m,7.0 m
2019,Asia and the Pacific,6.3 m,5.7 m,7.1 m
2020,Asia and the Pacific,6.4 m,5.8 m,7.2 m
2021,Asia and the Pacific,6.5 m,5.9 m,7.3 m
2022,Asia and the Pacific,6.6 m,5.9 m,7.4 m
2023,Asia and the Pacific,6.7 m,6.0 m,7.5 m
2024,Asia and the Pacific,6.8 m,6.1 m,7.7 m
1990,Afghanistan,<500,<100,<500
1991,Afghanistan,<500,<100,600
1992,Afghanistan,<500,<200,790
1993,Afghanistan,540,<200,980
1994,Afghanistan,650,<500,1100
1995,Afghanistan,760,<500,1400
1996,Afghanistan,870,<500,1600
1997,Afghanistan,980,<500,1900
1998,Afghanistan,1100,<500,2200
1999,Afghanistan,1300,560,2500
2000,Afghanistan,1300,650,2700
2001,Afghanistan,1500,740,3100
2002,Afghanistan,1700,850,3700
2003,Afghanistan,1900,990,4300
2004,Afghanistan,2100,1100,5200
2005,Afghanistan,2400,1200,6200
2006,Afghanistan,2700,1300,6800
2007,Afghanistan,2900,1400,7600
2008,Afghanistan,3200,1500,8700
2009,Afghanistan,3500,1600,10000
2010,Afghanistan,3900,1700,11 000
2011,Afghanistan,4300,1800,13 000
2012,Afghanistan,4700,2000,15 000
2013,Afghanistan,5200,2100,17 000
2014,Afghanistan,5700,2200,20 000
2015,Afghanistan,6300,2300,22 000
2016,Afghanistan,6800,2500,25 000
2017,Afghanistan,7500,2700,30 000
2018,Afghanistan,8100,2800,33 000
2019,Afghanistan,8800,3000,35 000
2020,Afghanistan,9700,3300,38 000
2021,Afghanistan,10 000,3400,43 000
2022,Afghanistan,11 000,3600,49 000
2023,Afghanistan,12 000,3700,55 000
2024,Afghanistan,13 000,3700,63 000
1990,Australia,10 000,9900,11 000
1991,Australia,10 000,9900,11 000
1992,Australia,10 000,9800,11 000
1993,Australia,10 000,9600,11 000
1994,Australia,9800,9300,10 000
1995,Australia,9500,9000,10 000
1996,Australia,9600,9100,10 000
1997,Australia,10 000,9400,11 000
1998,Australia,11 000,9900,11 000
1999,Australia,11 000,10 000,12 000
2000,Australia,12 000,11 000,13 000
2001,Australia,13 000,12 000,13 000
2002,Australia,13 000,12 000,14 000
2003,Australia,14 000,13 000,15 000
2004,Australia,15 000,14 000,16 000
2005,Australia,16 000,15 000,17 000
2006,Australia,17 000,16 000,18 000
2007,Australia,18 000,16 000,19 000
2008,Australia,18 000,17 000,20 000
2009,Australia,19 000,18 000,21 000
2010,Australia,20 000,19 000,22 000
2011,Australia,21 000,19 000,23 000
2012,Australia,22 000,20 000,24 000
2013,Australia,23 000,21 000,25 000
2014,Australia,23 000,22 000,25 000
2015,Australia,24 000,22 000,26 000
2016,Australia,25 000,23 000,27 000
2017,Australia,26 000,24 000,28 000
2018,Australia,27 000,25 000,29 000
2019,Australia,28 000,25 000,30 000
2020,Australia,29 000,26 000,31 000
2021,Australia,29 000,26 000,32 000
2022,Australia,30 000,27 000,33 000
2023,Australia,30 000,27 000,34 000
2024,Australia,31 000,27 000,34 000
1990,Bangladesh,<200,<200,<200
1991,Bangladesh,<200,<200,<500
1992,Bangladesh,<500,<500,<500
1993,Bangladesh,<500,<500,<500
1994,Bangladesh,<500,<500,<500
1995,Bangladesh,<500,<500,<500
1996,Bangladesh,500,<500,550
1997,Bangladesh,620,550,680
1998,Bangladesh,760,680,840
1999,Bangladesh,960,860,1100
2000,Bangladesh,1300,1100,1400
2001,Bangladesh,1700,1500,1900
2002,Bangladesh,2200,2000,2400
2003,Bangladesh,2800,2500,3100
2004,Bangladesh,3500,3100,3900
2005,Bangladesh,4200,3800,4700
2006,Bangladesh,4900,4400,5400
2007,Bangladesh,5500,4900,6200
2008,Bangladesh,6100,5500,6800
2009,Bangladesh,6700,6000,7500
2010,Bangladesh,7300,6600,8200
2011,Bangladesh,7900,7100,8900
2012,Bangladesh,8600,7700,9600
2013,Bangladesh,9300,8400,10 000
2014,Bangladesh,10 000,9100,11 000
2015,Bangladesh,11 000,9900,12 000
2016,Bangladesh,12 000,11 000,13 000
2017,Bangladesh,12 000,11 000,13 000
2018,Bangladesh,13 000,12 000,14 000
2019,Bangladesh,13 000,12 000,15 000
2020,Bangladesh,14 000,13 000,15 000
2021,Bangladesh,15 000,13 000,16 000
2022,Bangladesh,15 000,14 000,17 000
2023,Bangladesh,16 000,15 000,17 000
2024,Bangladesh,16 000,15 000,18 000
1990,Bhutan,<200,<100,<200
1991,Bhutan,<200,<200,<200
1992,Bhutan,<200,<200,<200
1993,Bhutan,<200,<200,<200
1994,Bhutan,<200,<200,<200
1995,Bhutan,<200,<200,<200
1996,Bhutan,<200,<200,<200
1997,Bhutan,<200,<200,<200
1998,Bhutan,<200,<200,<500
1999,Bhutan,<200,<200,<500
2000,Bhutan,<500,<200,<500
2001,Bhutan,<500,<200,<500
2002,Bhutan,<500,<200,<500
2003,Bhutan,<500,<500,<500
2004,Bhutan,<500,<500,<500
2005,Bhutan,<500,<500,<500
2006,Bhutan,<500,<500,<500
2007,Bhutan,<500,<500,<500
2008,Bhutan,<500,<500,<500
2009,Bhutan,<500,<500,<500
2010,Bhutan,<500,<500,<500
2011,Bhutan,<500,<500,520
2012,Bhutan,<500,<500,550
2013,Bhutan,510,<500,590
2014,Bhutan,540,<500,630
2015,Bhutan,580,<500,680
2016,Bhutan,620,530,730
2017,Bhutan,670,570,790
2018,Bhutan,730,610,850
2019,Bhutan,780,660,910
2020,Bhutan,840,710,980
2021,Bhutan,900,760,1100
2022,Bhutan,960,810,1100
2023,Bhutan,1000,860,1200
2024,Bhutan,1100,920,1300
1990,Brunei Darussalam,...,...,...
1991,Brunei Darussalam,...,...,...
1992,Brunei Darussalam,...,...,...
1993,Brunei Darussalam,...,...,...
1994,Brunei Darussalam,...,...,...
1995,Brunei Darussalam,...,...,...
1996,Brunei Darussalam,...,...,...
1997,Brunei Darussalam,...,...,...
1998,Brunei Darussalam,...,...,...
1999,Brunei Darussalam,...,...,...
2000,Brunei Darussalam,...,...,...
2001,Brunei Darussalam,...,...,...
2002,Brunei Darussalam,...,...,...
2003,Brunei Darussalam,...,...,...
2004,Brunei Darussalam,...,...,...
2005,Brunei Darussalam,...,...,...
2006,Brunei Darussalam,...,...,...
2007,Brunei Darussalam,...,...,...
2008,Brunei Darussalam,...,...,...
2009,Brunei Darussalam,...,...,...
2010,Brunei Darussalam,...,...,...
2011,Brunei Darussalam,...,...,...
2012,Brunei Darussalam,...,...,...
2013,Brunei Darussalam,...,...,...
2014,Brunei Darussalam,...,...,...
2015,Brunei Darussalam,...,...,...
2016,Brunei Darussalam,...,...,...
2017,Brunei Darussalam,...,...,...
2018,Brunei Darussalam,...,...,...
2019,Brunei Darussalam,...,...,...
2020,Brunei Darussalam,...,...,...
2021,Brunei Darussalam,...,...,...
2022,Brunei Darussalam,...,...,...
2023,Brunei Darussalam,...,...,...
2024,Brunei Darussalam,...,...,...
1990,Cambodia,<500,<500,<500
1991,Cambodia,1100,930,1300
1992,Cambodia,3400,2800,3800
1993,Cambodia,8000,6800,9200
1994,Cambodia,16 000,13 000,18 000
1995,Cambodia,26 000,22 000,30 000
1996,Cambodia,38 000,32 000,44 000
1997,Cambodia,51 000,43 000,58 000
1998,Cambodia,60 000,52 000,69 000
1999,Cambodia,67 000,58 000,76 000
2000,Cambodia,71 000,62 000,81 000
2001,Cambodia,73 000,64 000,83 000
2002,Cambodia,74 000,64 000,83 000
2003,Cambodia,74 000,65 000,83 000
2004,Cambodia,73 000,64 000,83 000
2005,Cambodia,73 000,64 000,82 000
2006,Cambodia,73 000,64 000,82 000
2007,Cambodia,73 000,64 000,82 000
2008,Cambodia,74 000,65 000,82 000
2009,Cambodia,74 000,66 000,83 000
2010,Cambodia,75 000,66 000,84 000
2011,Cambodia,75 000,66 000,84 000
2012,Cambodia,76 000,66 000,85 000
2013,Cambodia,76 000,67 000,85 000
2014,Cambodia,75 000,66 000,85 000
2015,Cambodia,75 000,66 000,85 000
2016,Cambodia,75 000,66 000,85 000
2017,Cambodia,75 000,66 000,85 000
2018,Cambodia,75 000,65 000,85 000
2019,Cambodia,75 000,65 000,85 000
2020,Cambodia,75 000,65 000,86 000
2021,Cambodia,75 000,64 000,86 000
2022,Cambodia,75 000,64 000,86 000
2023,Cambodia,75 000,63 000,87 000
2024,Cambodia,75 000,62 000,87 000
1990,China,...,...,...
1991,China,...,...,...
1992,China,...,...,...
1993,China,...,...,...
1994,China,...,...,...
1995,China,...,...,...
1996,China,...,...,...
1997,China,...,...,...
1998,China,...,...,...
1999,China,...,...,...
2000,China,...,...,...
2001,China,...,...,...
2002,China,...,...,...
2003,China,...,...,...
2004,China,...,...,...
2005,China,...,...,...
2006,China,...,...,...
2007,China,...,...,...
2008,China,...,...,...
2009,China,...,...,...
2010,China,...,...,...
2011,China,...,...,...
2012,China,...,...,...
2013,China,...,...,...
2014,China,...,...,...
2015,China,...,...,...
2016,China,...,...,...
2017,China,...,...,...
2018,China,...,...,...
2019,China,...,...,...
2020,China,...,...,...
2021,China,...,...,...
2022,China,...,...,...
2023,China,...,...,...
2024,China,...,...,...
1990,Democratic People Republic of Korea,...,...,...
1991,Democratic People Republic of Korea,...,...,...
1992,Democratic People Republic of Korea,...,...,...
1993,Democratic People Republic of Korea,...,...,...
1994,Democratic People Republic of Korea,...,...,...
1995,Democratic People Republic of Korea,...,...,...
1996,Democratic People Republic of Korea,...,...,...
1997,Democratic People Republic of Korea,...,...,...
1998,Democratic People Republic of Korea,...,...,...
1999,Democratic People Republic of Korea,...,...,...
2000,Democratic People Republic of Korea,...,...,...
2001,Democratic People Republic of Korea,...,...,...
2002,Democratic People Republic of Korea,...,...,...
2003,Democratic People Republic of Korea,...,...,...
2004,Democratic People Republic of Korea,...,...,...
2005,Democratic People Republic of Korea,...,...,...
2006,Democratic People Republic of Korea,...,...,...
2007,Democratic People Republic of Korea,...,...,...
2008,Democratic People Republic of Korea,...,...,...
2009,Democratic People Republic of Korea,...,...,...
2010,Democratic People Republic of Korea,...,...,...
2011,Democratic People Republic of Korea,...,...,...
2012,Democratic People Republic of Korea,...,...,...
2013,Democratic People Republic of Korea,...,...,...
2014,Democratic People Republic of Korea,...,...,...
2015,Democratic People Republic of Korea,...,...,...
2016,Democratic People Republic of Korea,...,...,...
2017,Democratic People Republic of Korea,...,...,...
2018,Democratic People Republic of Korea,...,...,...
2019,Democratic People Republic of Korea,...,...,...
2020,Democratic People Republic of Korea,...,...,...
2021,Democratic People Republic of Korea,...,...,...
2022,Democratic People Republic of Korea,...,...,...
2023,Democratic People Republic of Korea,...,...,...
2024,Democratic People Republic of Korea,...,...,...
1990,Fiji,<100,<100,<100
1991,Fiji,<100,<100,<100
1992,Fiji,<100,<100,<100
1993,Fiji,<100,<100,<100
1994,Fiji,<100,<100,<100
1995,Fiji,<100,<100,<100
1996,Fiji,<100,<100,<100
1997,Fiji,<100,<100,<100
1998,Fiji,<100,<100,<100
1999,Fiji,<100,<100,<100
2000,Fiji,<100,<100,<100
2001,Fiji,<100,<100,<100
2002,Fiji,<100,<100,<100
2003,Fiji,<100,<100,<100
2004,Fiji,<100,<100,<100
2005,Fiji,<100,<100,<100
2006,Fiji,<100,<100,<100
2007,Fiji,<100,<100,<200
2008,Fiji,<100,<100,<200
2009,Fiji,<100,<100,<500
2010,Fiji,<200,<100,<500
2011,Fiji,<200,<100,<500
2012,Fiji,<500,<200,<500
2013,Fiji,<500,<200,540
2014,Fiji,<500,<500,680
2015,Fiji,620,<500,850
2016,Fiji,820,<500,1100
2017,Fiji,1100,680,1300
2018,Fiji,1400,970,1700
2019,Fiji,1800,1400,2200
2020,Fiji,2300,1900,2800
2021,Fiji,2900,2400,3600
2022,Fiji,3700,2900,4700
2023,Fiji,4600,3600,6200
2024,Fiji,5700,4300,8600
1990,India,...,...,...
1991,India,...,...,...
1992,India,...,...,...
1993,India,...,...,...
1994,India,...,...,...
1995,India,...,...,...
1996,India,...,...,...
1997,India,...,...,...
1998,India,...,...,...
1999,India,...,...,...
2000,India,...,...,...
2001,India,...,...,...
2002,India,...,...,...
2003,India,...,...,...
2004,India,...,...,...
2005,India,...,...,...
2006,India,...,...,...
2007,India,...,...,...
2008,India,...,...,...
2009,India,...,...,...
2010,India,...,...,...
2011,India,...,...,...
2012,India,...,...,...
2013,India,...,...,...
2014,India,...,...,...
2015,India,...,...,...
2016,India,...,...,...
2017,India,...,...,...
2018,India,...,...,...
2019,India,...,...,...
2020,India,...,...,...
2021,India,...,...,...
2022,India,...,...,...
2023,India,...,...,...
2024,India,2.5 m,2.1 m,3.0 m
1990,Indonesia,<500,<500,<500
1991,Indonesia,<500,<500,540
1992,Indonesia,870,760,960
1993,Indonesia,1500,1300,1700
1994,Indonesia,2500,2200,2800
1995,Indonesia,4200,3700,4700
1996,Indonesia,6800,6000,7600
1997,Indonesia,11 000,9400,12 000
1998,Indonesia,17 000,15 000,19 000
1999,Indonesia,26 000,22 000,29 000
2000,Indonesia,42 000,37 000,47 000
2001,Indonesia,73 000,65 000,81 000
2002,Indonesia,110 000,100 000,120 000
2003,Indonesia,150 000,140 000,170 000
2004,Indonesia,190 000,170 000,210 000
2005,Indonesia,230 000,210 000,260 000
2006,Indonesia,270 000,250 000,300 000
2007,Indonesia,310 000,280 000,340 000
2008,Indonesia,350 000,310 000,380 000
2009,Indonesia,380 000,340 000,420 000
2010,Indonesia,410 000,370 000,450 000
2011,Indonesia,440 000,400 000,480 000
2012,Indonesia,460 000,420 000,510 000
2013,Indonesia,490 000,440 000,530 000
2014,Indonesia,500 000,460 000,550 000
2015,Indonesia,520 000,470 000,560 000
2016,Indonesia,530 000,480 000,570 000
2017,Indonesia,530 000,490 000,580 000
2018,Indonesia,540 000,490 000,590 000
2019,Indonesia,550 000,500 000,590 000
2020,Indonesia,550 000,500 000,600 000
2021,Indonesia,550 000,500 000,600 000
2022,Indonesia,550 000,500 000,600 000
2023,Indonesia,550 000,500 000,600 000
2024,Indonesia,550 000,500 000,600 000
1990,Iran (Islamic Republic of),...,...,...
1991,Iran (Islamic Republic of),...,...,...
1992,Iran (Islamic Republic of),...,...,...
1993,Iran (Islamic Republic of),...,...,...
1994,Iran (Islamic Republic of),...,...,...
1995,Iran (Islamic Republic of),...,...,...
1996,Iran (Islamic Republic of),...,...,...
1997,Iran (Islamic Republic of),...,...,...
1998,Iran (Islamic Republic of),...,...,...
1999,Iran (Islamic Republic of),...,...,...
2000,Iran (Islamic Republic of),...,...,...
2001,Iran (Islamic Republic of),...,...,...
2002,Iran (Islamic Republic of),...,...,...
2003,Iran (Islamic Republic of),...,...,...
2004,Iran (Islamic Republic of),...,...,...
2005,Iran (Islamic Republic of),...,...,...
2006,Iran (Islamic Republic of),...,...,...
2007,Iran (Islamic Republic of),...,...,...
2008,Iran (Islamic Republic of),...,...,...
2009,Iran (Islamic Republic of),...,...,...
2010,Iran (Islamic Republic of),...,...,...
2011,Iran (Islamic Republic of),...,...,...
2012,Iran (Islamic Republic of),...,...,...
2013,Iran (Islamic Republic of),...,...,...
2014,Iran (Islamic Republic of),...,...,...
2015,Iran (Islamic Republic of),...,...,...
2016,Iran (Islamic Republic of),...,...,...
2017,Iran (Islamic Republic of),...,...,...
2018,Iran (Islamic Republic of),...,...,...
2019,Iran (Islamic Republic of),...,...,...
2020,Iran (Islamic Republic of),...,...,...
2021,Iran (Islamic Republic of),...,...,...
2022,Iran (Islamic Republic of),...,...,...
2023,Iran (Islamic Republic of),...,...,...
2024,Iran (Islamic Republic of),...,...,...
1990,Japan,...,...,...
1991,Japan,...,...,...
1992,Japan,...,...,...
1993,Japan,...,...,...
1994,Japan,...,...,...
1995,Japan,...,...,...
1996,Japan,...,...,...
1997,Japan,...,...,...
1998,Japan,...,...,...
1999,Japan,...,...,...
2000,Japan,...,...,...
2001,Japan,...,...,...
2002,Japan,...,...,...
2003,Japan,...,...,...
2004,Japan,...,...,...
2005,Japan,...,...,...
2006,Japan,...,...,...
2007,Japan,...,...,...
2008,Japan,...,...,...
2009,Japan,...,...,...
2010,Japan,...,...,...
2011,Japan,...,...,...
2012,Japan,...,...,...
2013,Japan,...,...,...
2014,Japan,...,...,...
2015,Japan,...,...,...
2016,Japan,...,...,...
2017,Japan,...,...,...
2018,Japan,...,...,...
2019,Japan,...,...,...
2020,Japan,...,...,...
2021,Japan,...,...,...
2022,Japan,...,...,...
2023,Japan,...,...,...
2024,Japan,...,...,...
1990,Lao People Democratic Republic,<100,<100,<100
1991,Lao People Democratic Republic,<100,<100,<100
1992,Lao People Democratic Republic,<100,<100,<100
1993,Lao People Democratic Republic,<200,<200,<200
1994,Lao People Democratic Republic,<200,<200,<500
1995,Lao People Democratic Republic,<500,<500,<500
1996,Lao People Democratic Republic,<500,<500,550
1997,Lao People Democratic Republic,800,710,890
1998,Lao People Democratic Republic,1200,1100,1400
1999,Lao People Democratic Republic,1600,1500,1800
2000,Lao People Democratic Republic,2200,1900,2400
2001,Lao People Democratic Republic,2800,2500,3100
2002,Lao People Democratic Republic,3400,3100,3800
2003,Lao People Democratic Republic,4000,3600,4500
2004,Lao People Democratic Republic,4600,4200,5100
2005,Lao People Democratic Republic,5200,4700,5800
2006,Lao People Democratic Republic,5900,5300,6500
2007,Lao People Democratic Republic,6700,6000,7300
2008,Lao People Democratic Republic,7400,6700,8200
2009,Lao People Democratic Republic,8200,7400,9000
2010,Lao People Democratic Republic,8900,8100,9800
2011,Lao People Democratic Republic,9600,8700,11 000
2012,Lao People Democratic Republic,10 000,9400,11 000
2013,Lao People Democratic Republic,11 000,10 000,12 000
2014,Lao People Democratic Republic,12 000,11 000,13 000
2015,Lao People Democratic Republic,12 000,11 000,14 000
2016,Lao People Democratic Republic,13 000,12 000,15 000
2017,Lao People Democratic Republic,14 000,13 000,15 000
2018,Lao People Democratic Republic,15 000,14 000,16 000
2019,Lao People Democratic Republic,16 000,14 000,17 000
2020,Lao People Democratic Republic,17 000,15 000,18 000
2021,Lao People Democratic Republic,17 000,16 000,19 000
2022,Lao People Democratic Republic,18 000,16 000,20 000
2023,Lao People Democratic Republic,19 000,17 000,21 000
2024,Lao People Democratic Republic,20 000,18 000,22 000
1990,Malaysia,23 000,19 000,27 000
1991,Malaysia,29 000,23 000,33 000
1992,Malaysia,33 000,27 000,38 000
1993,Malaysia,36 000,30 000,42 000
1994,Malaysia,39 000,33 000,45 000
1995,Malaysia,42 000,35 000,48 000
1996,Malaysia,44 000,37 000,51 000
1997,Malaysia,46 000,39 000,53 000
1998,Malaysia,49 000,41 000,55 000
1999,Malaysia,51 000,43 000,58 000
2000,Malaysia,52 000,44 000,59 000
2001,Malaysia,54 000,46 000,61 000
2002,Malaysia,56 000,48 000,63 000
2003,Malaysia,58 000,50 000,65 000
2004,Malaysia,59 000,51 000,67 000
2005,Malaysia,61 000,53 000,69 000
2006,Malaysia,63 000,55 000,71 000
2007,Malaysia,65 000,58 000,73 000
2008,Malaysia,68 000,60 000,75 000
2009,Malaysia,70 000,62 000,77 000
2010,Malaysia,72 000,64 000,79 000
2011,Malaysia,73 000,66 000,80 000
2012,Malaysia,75 000,68 000,81 000
2013,Malaysia,76 000,69 000,82 000
2014,Malaysia,77 000,70 000,83 000
2015,Malaysia,78 000,71 000,84 000
2016,Malaysia,79 000,72 000,86 000
2017,Malaysia,80 000,73 000,87 000
2018,Malaysia,81 000,73 000,88 000
2019,Malaysia,82 000,74 000,89 000
2020,Malaysia,82 000,75 000,90 000
2021,Malaysia,83 000,75 000,91 000
2022,Malaysia,83 000,75 000,92 000
2023,Malaysia,84 000,75 000,92 000
2024,Malaysia,84 000,75 000,93 000
1990,Maldives,<100,<100,<100
1991,Maldives,<100,<100,<100
1992,Maldives,<100,<100,<100
1993,Maldives,<100,<100,<100
1994,Maldives,<100,<100,<100
1995,Maldives,<100,<100,<100
1996,Maldives,<100,<100,<100
1997,Maldives,<100,<100,<100
1998,Maldives,<100,<100,<100
1999,Maldives,<100,<100,<100
2000,Maldives,<100,<100,<100
2001,Maldives,<100,<100,<100
2002,Maldives,<100,<100,<100
2003,Maldives,<100,<100,<100
2004,Maldives,<100,<100,<100
2005,Maldives,<100,<100,<100
2006,Maldives,<100,<100,<100
2007,Maldives,<100,<100,<100
2008,Maldives,<100,<100,<100
2009,Maldives,<100,<100,<100
2010,Maldives,<100,<100,<100
2011,Maldives,<100,<100,<100
2012,Maldives,<100,<100,<100
2013,Maldives,<100,<100,<100
2014,Maldives,<100,<100,<100
2015,Maldives,<100,<100,<100
2016,Maldives,<100,<100,<100
2017,Maldives,<100,<100,<100
2018,Maldives,<100,<100,<100
2019,Maldives,<100,<100,<100
2020,Maldives,<100,<100,<100
2021,Maldives,<100,<100,<100
2022,Maldives,<100,<100,<100
2023,Maldives,<100,<100,<100
2024,Maldives,<100,<100,<100
1990,Mongolia,<100,<100,<100
1991,Mongolia,<100,<100,<100
1992,Mongolia,<100,<100,<100
1993,Mongolia,<100,<100,<100
1994,Mongolia,<100,<100,<100
1995,Mongolia,<100,<100,<100
1996,Mongolia,<100,<100,<100
1997,Mongolia,<100,<100,<100
1998,Mongolia,<100,<100,<100
1999,Mongolia,<100,<100,<100
2000,Mongolia,<100,<100,<100
2001,Mongolia,<100,<100,<200
2002,Mongolia,<200,<200,<200
2003,Mongolia,<200,<200,<200
2004,Mongolia,<500,<200,<500
2005,Mongolia,<500,<500,<500
2006,Mongolia,<500,<500,<500
2007,Mongolia,<500,<500,<500
2008,Mongolia,<500,<500,<500
2009,Mongolia,<500,<500,<500
2010,Mongolia,<500,<500,<500
2011,Mongolia,<500,<500,<500
2012,Mongolia,<500,<500,<500
2013,Mongolia,<500,<500,520
2014,Mongolia,<500,<500,550
2015,Mongolia,510,<500,570
2016,Mongolia,540,<500,600
2017,Mongolia,550,<500,620
2018,Mongolia,570,510,640
2019,Mongolia,590,530,660
2020,Mongolia,610,550,680
2021,Mongolia,630,560,700
2022,Mongolia,640,570,720
2023,Mongolia,660,590,740
2024,Mongolia,680,600,760
1990,Myanmar,17 000,15 000,19 000
1991,Myanmar,34 000,29 000,39 000
1992,Myanmar,51 000,43 000,58 000
1993,Myanmar,64 000,54 000,73 000
1994,Myanmar,75 000,64 000,86 000
1995,Myanmar,86 000,74 000,98 000
1996,Myanmar,98 000,85 000,110 000
1997,Myanmar,110 000,98 000,130 000
1998,Myanmar,130 000,110 000,140 000
1999,Myanmar,140 000,130 000,160 000
2000,Myanmar,160 000,140 000,180 000
2001,Myanmar,180 000,160 000,200 000
2002,Myanmar,190 000,170 000,210 000
2003,Myanmar,200 000,180 000,220 000
2004,Myanmar,210 000,190 000,230 000
2005,Myanmar,220 000,200 000,240 000
2006,Myanmar,220 000,200 000,250 000
2007,Myanmar,230 000,210 000,260 000
2008,Myanmar,230 000,210 000,260 000
2009,Myanmar,240 000,210 000,260 000
2010,Myanmar,240 000,210 000,270 000
2011,Myanmar,240 000,220 000,270 000
2012,Myanmar,250 000,220 000,270 000
2013,Myanmar,250 000,220 000,280 000
2014,Myanmar,250 000,220 000,280 000
2015,Myanmar,260 000,220 000,290 000
2016,Myanmar,260 000,230 000,300 000
2017,Myanmar,260 000,230 000,300 000
2018,Myanmar,270 000,220 000,310 000
2019,Myanmar,270 000,220 000,310 000
2020,Myanmar,270 000,220 000,320 000
2021,Myanmar,270 000,220 000,330 000
2022,Myanmar,280 000,220 000,340 000
2023,Myanmar,280 000,220 000,350 000
2024,Myanmar,280 000,210 000,360 000
1990,Nepal,<100,<100,<100
1991,Nepal,<100,<100,<100
1992,Nepal,<200,<200,<200
1993,Nepal,<500,<500,<500
1994,Nepal,870,750,970
1995,Nepal,1800,1500,2000
1996,Nepal,3500,3100,3900
1997,Nepal,6600,5800,7500
1998,Nepal,11 000,9700,12 000
1999,Nepal,16 000,14 000,18 000
2000,Nepal,21 000,19 000,24 000
2001,Nepal,26 000,23 000,29 000
2002,Nepal,29 000,26 000,33 000
2003,Nepal,33 000,29 000,37 000
2004,Nepal,35 000,31 000,39 000
2005,Nepal,37 000,33 000,42 000
2006,Nepal,39 000,34 000,43 000
2007,Nepal,39 000,35 000,44 000
2008,Nepal,40 000,36 000,44 000
2009,Nepal,40 000,36 000,44 000
2010,Nepal,40 000,36 000,44 000
2011,Nepal,40 000,36 000,44 000
2012,Nepal,39 000,36 000,43 000
2013,Nepal,39 000,35 000,42 000
2014,Nepal,38 000,35 000,42 000
2015,Nepal,38 000,34 000,41 000
2016,Nepal,37 000,34 000,40 000
2017,Nepal,36 000,33 000,39 000
2018,Nepal,35 000,32 000,38 000
2019,Nepal,35 000,32 000,38 000
2020,Nepal,34 000,31 000,37 000
2021,Nepal,34 000,31 000,37 000
2022,Nepal,34 000,30 000,37 000
2023,Nepal,33 000,30 000,37 000
2024,Nepal,33 000,30 000,37 000
1990,New Zealand,840,700,1000
1991,New Zealand,890,750,1000
1992,New Zealand,920,770,1100
1993,New Zealand,940,790,1100
1994,New Zealand,950,810,1100
1995,New Zealand,990,850,1100
1996,New Zealand,1100,910,1200
1997,New Zealand,1100,980,1300
1998,New Zealand,1200,1000,1300
1999,New Zealand,1200,1100,1400
2000,New Zealand,1300,1100,1400
2001,New Zealand,1400,1200,1500
2002,New Zealand,1500,1300,1600
2003,New Zealand,1600,1400,1800
2004,New Zealand,1700,1500,1900
2005,New Zealand,1800,1600,2100
2006,New Zealand,2000,1700,2200
2007,New Zealand,2100,1800,2400
2008,New Zealand,2200,1900,2500
2009,New Zealand,2400,2000,2700
2010,New Zealand,2500,2100,2800
2011,New Zealand,2600,2200,3000
2012,New Zealand,2800,2300,3100
2013,New Zealand,2900,2400,3200
2014,New Zealand,3000,2500,3400
2015,New Zealand,3200,2700,3600
2016,New Zealand,3300,2800,3700
2017,New Zealand,3500,3000,3900
2018,New Zealand,3600,3000,4000
2019,New Zealand,3700,3100,4200
2020,New Zealand,3800,3200,4300
2021,New Zealand,3900,3200,4400
2022,New Zealand,3900,3300,4400
2023,New Zealand,3900,3300,4500
2024,New Zealand,4100,3500,4700
1990,Pakistan,<100,<100,<100
1991,Pakistan,<100,<100,<100
1992,Pakistan,<100,<100,<100
1993,Pakistan,<100,<100,<100
1994,Pakistan,<200,<100,<200
1995,Pakistan,<200,<200,<200
1996,Pakistan,<500,<200,<500
1997,Pakistan,<500,<500,<500
1998,Pakistan,<500,<500,<500
1999,Pakistan,<500,<500,530
2000,Pakistan,610,540,680
2001,Pakistan,790,690,890
2002,Pakistan,1100,930,1200
2003,Pakistan,2000,1800,2300
2004,Pakistan,7900,6900,8900
2005,Pakistan,18 000,15 000,20 000
2006,Pakistan,28 000,24 000,32 000
2007,Pakistan,40 000,34 000,46 000
2008,Pakistan,54 000,46 000,61 000
2009,Pakistan,67 000,58 000,76 000
2010,Pakistan,80 000,69 000,90 000
2011,Pakistan,92 000,80 000,100 000
2012,Pakistan,100 000,92 000,120 000
2013,Pakistan,120 000,100 000,130 000
2014,Pakistan,130 000,120 000,150 000
2015,Pakistan,150 000,130 000,160 000
2016,Pakistan,160 000,140 000,170 000
2017,Pakistan,170 000,160 000,190 000
2018,Pakistan,190 000,170 000,210 000
2019,Pakistan,210 000,190 000,230 000
2020,Pakistan,230 000,210 000,250 000
2021,Pakistan,250 000,230 000,270 000
2022,Pakistan,280 000,250 000,300 000
2023,Pakistan,300 000,280 000,330 000
2024,Pakistan,340 000,310 000,360 000
1990,Papua New Guinea,4800,2900,7600
1991,Papua New Guinea,6000,3800,9200
1992,Papua New Guinea,7300,4900,11 000
1993,Papua New Guinea,8700,5900,12 000
1994,Papua New Guinea,10 000,7100,14 000
1995,Papua New Guinea,12 000,8500,16 000
1996,Papua New Guinea,13 000,10 000,17 000
1997,Papua New Guinea,15 000,12 000,20 000
1998,Papua New Guinea,17 000,14 000,22 000
1999,Papua New Guinea,19 000,15 000,24 000
2000,Papua New Guinea,21 000,17 000,27 000
2001,Papua New Guinea,23 000,19 000,30 000
2002,Papua New Guinea,26 000,21 000,32 000
2003,Papua New Guinea,28 000,23 000,34 000
2004,Papua New Guinea,30 000,25 000,37 000
2005,Papua New Guinea,32 000,27 000,39 000
2006,Papua New Guinea,35 000,30 000,42 000
2007,Papua New Guinea,37 000,32 000,45 000
2008,Papua New Guinea,40 000,34 000,48 000
2009,Papua New Guinea,43 000,37 000,51 000
2010,Papua New Guinea,46 000,40 000,54 000
2011,Papua New Guinea,49 000,42 000,56 000
2012,Papua New Guinea,52 000,45 000,60 000
2013,Papua New Guinea,55 000,48 000,63 000
2014,Papua New Guinea,58 000,51 000,66 000
2015,Papua New Guinea,61 000,54 000,70 000
2016,Papua New Guinea,64 000,57 000,73 000
2017,Papua New Guinea,68 000,60 000,77 000
2018,Papua New Guinea,72 000,64 000,82 000
2019,Papua New Guinea,76 000,68 000,88 000
2020,Papua New Guinea,81 000,73 000,93 000
2021,Papua New Guinea,86 000,77 000,99 000
2022,Papua New Guinea,92 000,82 000,110 000
2023,Papua New Guinea,97 000,87 000,110 000
2024,Papua New Guinea,100 000,93 000,120 000
1990,Philippines,<200,<200,<200
1991,Philippines,<200,<200,<200
1992,Philippines,<500,<200,<500
1993,Philippines,<500,<500,<500
1994,Philippines,<500,<500,<500
1995,Philippines,<500,<500,<500
1996,Philippines,<500,<500,530
1997,Philippines,610,540,660
1998,Philippines,760,680,840
1999,Philippines,960,850,1100
2000,Philippines,1200,1100,1400
2001,Philippines,1600,1400,1800
2002,Philippines,2000,1700,2300
2003,Philippines,2600,2200,3000
2004,Philippines,3400,2900,3900
2005,Philippines,4400,3700,5100
2006,Philippines,5800,4900,6700
2007,Philippines,7800,6500,9000
2008,Philippines,11 000,9200,12 000
2009,Philippines,15 000,12 000,17 000
2010,Philippines,19 000,16 000,22 000
2011,Philippines,24 000,20 000,28 000
2012,Philippines,30 000,25 000,35 000
2013,Philippines,37 000,31 000,43 000
2014,Philippines,45 000,38 000,53 000
2015,Philippines,55 000,46 000,64 000
2016,Philippines,66 000,55 000,76 000
2017,Philippines,78 000,65 000,91 000
2018,Philippines,92 000,77 000,110 000
2019,Philippines,110 000,89 000,120 000
2020,Philippines,120 000,100 000,140 000
2021,Philippines,140 000,120 000,170 000
2022,Philippines,160 000,140 000,190 000
2023,Philippines,190 000,160 000,220 000
2024,Philippines,220 000,180 000,250 000
1990,Republic of Korea,...,...,...
1991,Republic of Korea,...,...,...
1992,Republic of Korea,...,...,...
1993,Republic of Korea,...,...,...
1994,Republic of Korea,...,...,...
1995,Republic of Korea,...,...,...
1996,Republic of Korea,...,...,...
1997,Republic of Korea,...,...,...
1998,Republic of Korea,...,...,...
1999,Republic of Korea,...,...,...
2000,Republic of Korea,...,...,...
2001,Republic of Korea,...,...,...
2002,Republic of Korea,...,...,...
2003,Republic of Korea,...,...,...
2004,Republic of Korea,...,...,...
2005,Republic of Korea,...,...,...
2006,Republic of Korea,...,...,...
2007,Republic of Korea,...,...,...
2008,Republic of Korea,...,...,...
2009,Republic of Korea,...,...,...
2010,Republic of Korea,...,...,...
2011,Republic of Korea,...,...,...
2012,Republic of Korea,...,...,...
2013,Republic of Korea,...,...,...
2014,Republic of Korea,...,...,...
2015,Republic of Korea,...,...,...
2016,Republic of Korea,...,...,...
2017,Republic of Korea,...,...,...
2018,Republic of Korea,...,...,...
2019,Republic of Korea,...,...,...
2020,Republic of Korea,...,...,...
2021,Republic of Korea,...,...,...
2022,Republic of Korea,...,...,...
2023,Republic of Korea,...,...,...
2024,Republic of Korea,...,...,...
1990,Singapore,<200,<200,<500
1991,Singapore,<500,<200,<500
1992,Singapore,<500,<500,<500
1993,Singapore,<500,<500,<500
1994,Singapore,<500,<500,<500
1995,Singapore,<500,<500,520
1996,Singapore,560,<500,630
1997,Singapore,670,590,750
1998,Singapore,800,720,900
1999,Singapore,950,850,1100
2000,Singapore,1100,990,1200
2001,Singapore,1300,1200,1500
2002,Singapore,1500,1400,1700
2003,Singapore,1800,1600,1900
2004,Singapore,2000,1800,2200
2005,Singapore,2300,2000,2500
2006,Singapore,2500,2200,2800
2007,Singapore,2900,2500,3100
2008,Singapore,3200,2800,3500
2009,Singapore,3600,3200,4000
2010,Singapore,4000,3500,4500
2011,Singapore,4400,3800,5000
2012,Singapore,4900,4200,5500
2013,Singapore,5300,4500,6000
2014,Singapore,5700,4800,6500
2015,Singapore,6100,5100,6900
2016,Singapore,6500,5400,7400
2017,Singapore,6800,5600,7800
2018,Singapore,7100,5800,8100
2019,Singapore,7300,6000,8400
2020,Singapore,7500,6200,8700
2021,Singapore,7600,6300,8800
2022,Singapore,7700,6400,9000
2023,Singapore,7800,6400,9100
2024,Singapore,7900,6400,9300
1990,Sri Lanka,<100,<100,<100
1991,Sri Lanka,<200,<100,<200
1992,Sri Lanka,<200,<200,<500
1993,Sri Lanka,<500,<500,<500
1994,Sri Lanka,<500,<500,530
1995,Sri Lanka,700,590,800
1996,Sri Lanka,990,840,1100
1997,Sri Lanka,1300,1100,1500
1998,Sri Lanka,1700,1500,2000
1999,Sri Lanka,2100,1800,2400
2000,Sri Lanka,2500,2100,2900
2001,Sri Lanka,2800,2400,3200
2002,Sri Lanka,3100,2700,3600
2003,Sri Lanka,3400,2900,3900
2004,Sri Lanka,3600,3100,4100
2005,Sri Lanka,3800,3300,4300
2006,Sri Lanka,3900,3400,4500
2007,Sri Lanka,3900,3400,4500
2008,Sri Lanka,4000,3400,4500
2009,Sri Lanka,3900,3400,4500
2010,Sri Lanka,3900,3400,4400
2011,Sri Lanka,3800,3400,4300
2012,Sri Lanka,3800,3300,4300
2013,Sri Lanka,3700,3300,4200
2014,Sri Lanka,3700,3300,4200
2015,Sri Lanka,3800,3400,4300
2016,Sri Lanka,3900,3500,4400
2017,Sri Lanka,4000,3600,4500
2018,Sri Lanka,4200,3700,4700
2019,Sri Lanka,4300,3900,4900
2020,Sri Lanka,4500,4000,5100
2021,Sri Lanka,4800,4200,5400
2022,Sri Lanka,5100,4500,5700
2023,Sri Lanka,5300,4700,6100
2024,Sri Lanka,5600,4900,6400
1990,Thailand,290 000,250 000,330 000
1991,Thailand,450 000,390 000,510 000
1992,Thailand,600 000,520 000,670 000
1993,Thailand,710 000,620 000,800 000
1994,Thailand,790 000,700 000,890 000
1995,Thailand,850 000,750 000,960 000
1996,Thailand,890 000,780 000,1.0 m
1997,Thailand,910 000,800 000,1.0 m
1998,Thailand,920 000,810 000,1.0 m
1999,Thailand,910 000,810 000,1.0 m
2000,Thailand,900 000,790 000,1.0 m
2001,Thailand,880 000,770 000,990 000
2002,Thailand,850 000,750 000,960 000
2003,Thailand,820 000,720 000,920 000
2004,Thailand,780 000,690 000,890 000
2005,Thailand,760 000,670 000,850 000
2006,Thailand,740 000,650 000,820 000
2007,Thailand,720 000,640 000,800 000
2008,Thailand,700 000,620 000,770 000
2009,Thailand,680 000,610 000,750 000
2010,Thailand,670 000,600 000,740 000
2011,Thailand,660 000,590 000,730 000
2012,Thailand,650 000,580 000,720 000
2013,Thailand,640 000,570 000,710 000
2014,Thailand,630 000,570 000,710 000
2015,Thailand,620 000,560 000,700 000
2016,Thailand,610 000,550 000,690 000
2017,Thailand,600 000,540 000,680 000
2018,Thailand,600 000,540 000,680 000
2019,Thailand,590 000,530 000,670 000
2020,Thailand,580 000,520 000,660 000
2021,Thailand,580 000,510 000,660 000
2022,Thailand,570 000,510 000,650 000
2023,Thailand,570 000,500 000,650 000
2024,Thailand,560 000,490 000,650 000
1990,Timor-Leste,<200,<200,<500
1991,Timor-Leste,<200,<200,<500
1992,Timor-Leste,<500,<200,<500
1993,Timor-Leste,<500,<200,<500
1994,Timor-Leste,<500,<500,<500
1995,Timor-Leste,<500,<500,530
1996,Timor-Leste,<500,<500,580
1997,Timor-Leste,<500,<500,630
1998,Timor-Leste,<500,<500,680
1999,Timor-Leste,<500,<500,540
2000,Timor-Leste,<500,<500,600
2001,Timor-Leste,510,<500,690
2002,Timor-Leste,570,<500,760
2003,Timor-Leste,600,<500,790
2004,Timor-Leste,630,500,820
2005,Timor-Leste,660,540,850
2006,Timor-Leste,690,570,880
2007,Timor-Leste,720,600,910
2008,Timor-Leste,760,630,940
2009,Timor-Leste,790,660,970
2010,Timor-Leste,830,700,1000
2011,Timor-Leste,880,750,1100
2012,Timor-Leste,920,790,1100
2013,Timor-Leste,980,840,1200
2014,Timor-Leste,1000,900,1200
2015,Timor-Leste,1100,970,1300
2016,Timor-Leste,1200,1000,1400
2017,Timor-Leste,1300,1100,1500
2018,Timor-Leste,1300,1200,1600
2019,Timor-Leste,1400,1300,1700
2020,Timor-Leste,1500,1300,1800
2021,Timor-Leste,1600,1400,1900
2022,Timor-Leste,1700,1500,2000
2023,Timor-Leste,1800,1500,2100
2024,Timor-Leste,1900,1600,2300
1990,Viet Nam,1800,1500,2100
1991,Viet Nam,3700,3100,4300
1992,Viet Nam,7300,6100,8400
1993,Viet Nam,13 000,11 000,15 000
1994,Viet Nam,22 000,19 000,26 000
1995,Viet Nam,34 000,29 000,39 000
1996,Viet Nam,47 000,40 000,54 000
1997,Viet Nam,62 000,52 000,70 000
1998,Viet Nam,76 000,65 000,86 000
1999,Viet Nam,90 000,77 000,100 000
2000,Viet Nam,100 000,90 000,120 000
2001,Viet Nam,120 000,100 000,130 000
2002,Viet Nam,130 000,110 000,150 000
2003,Viet Nam,140 000,120 000,160 000
2004,Viet Nam,150 000,130 000,170 000
2005,Viet Nam,160 000,140 000,180 000
2006,Viet Nam,170 000,150 000,190 000
2007,Viet Nam,180 000,150 000,200 000
2008,Viet Nam,180 000,160 000,200 000
2009,Viet Nam,190 000,170 000,210 000
2010,Viet Nam,200 000,180 000,220 000
2011,Viet Nam,210 000,180 000,230 000
2012,Viet Nam,210 000,190 000,240 000
2013,Viet Nam,220 000,200 000,250 000
2014,Viet Nam,230 000,200 000,250 000
2015,Viet Nam,230 000,210 000,260 000
2016,Viet Nam,240 000,210 000,270 000
2017,Viet Nam,250 000,220 000,270 000
2018,Viet Nam,250 000,220 000,280 000
2019,Viet Nam,250 000,230 000,280 000
2020,Viet Nam,260 000,230 000,290 000
2021,Viet Nam,260 000,230 000,290 000
2022,Viet Nam,260 000,230 000,290 000
2023,Viet Nam,260 000,240 000,300 000
2024,Viet Nam,270 000,230 000,300 000
1990,Caribbean,110 000,93 000,130 000
1991,Caribbean,130 000,110 000,150 000
1992,Caribbean,150 000,130 000,170 000
1993,Caribbean,170 000,140 000,200 000
1994,Caribbean,190 000,160 000,210 000
1995,Caribbean,200 000,170 000,230 000
1996,Caribbean,210 000,180 000,240 000
1997,Caribbean,220 000,190 000,250 000
1998,Caribbean,230 000,190 000,260 000
1999,Caribbean,230 000,200 000,270 000
2000,Caribbean,240 000,200 000,280 000
2001,Caribbean,240 000,200 000,280 000
2002,Caribbean,240 000,210 000,280 000
2003,Caribbean,250 000,210 000,280 000
2004,Caribbean,250 000,210 000,280 000
2005,Caribbean,250 000,210 000,290 000
2006,Caribbean,250 000,210 000,290 000
2007,Caribbean,250 000,210 000,290 000
2008,Caribbean,250 000,210 000,290 000
2009,Caribbean,260 000,220 000,300 000
2010,Caribbean,260 000,220 000,300 000
2011,Caribbean,260 000,220 000,300 000
2012,Caribbean,260 000,220 000,310 000
2013,Caribbean,270 000,230 000,310 000
2014,Caribbean,270 000,230 000,310 000
2015,Caribbean,270 000,230 000,320 000
2016,Caribbean,280 000,240 000,320 000
2017,Caribbean,280 000,240 000,330 000
2018,Caribbean,290 000,250 000,340 000
2019,Caribbean,300 000,250 000,340 000
2020,Caribbean,300 000,260 000,350 000
2021,Caribbean,310 000,260 000,360 000
2022,Caribbean,320 000,270 000,370 000
2023,Caribbean,330 000,280 000,380 000
2024,Caribbean,330 000,280 000,380 000
1990,Bahamas,2400,2100,2800
1991,Bahamas,2800,2400,3200
1992,Bahamas,3200,2800,3500
1993,Bahamas,3400,3100,3800
1994,Bahamas,3700,3300,4100
1995,Bahamas,3900,3500,4300
1996,Bahamas,4000,3600,4400
1997,Bahamas,4100,3700,4500
1998,Bahamas,4100,3700,4500
1999,Bahamas,4200,3800,4600
2000,Bahamas,4100,3700,4500
2001,Bahamas,4100,3700,4400
2002,Bahamas,4000,3600,4400
2003,Bahamas,4000,3600,4400
2004,Bahamas,4000,3700,4400
2005,Bahamas,4100,3700,4400
2006,Bahamas,4100,3800,4500
2007,Bahamas,4200,3900,4500
2008,Bahamas,4200,3900,4600
2009,Bahamas,4300,3900,4600
2010,Bahamas,4300,4000,4700
2011,Bahamas,4300,4000,4600
2012,Bahamas,4300,3900,4600
2013,Bahamas,4200,3900,4500
2014,Bahamas,4200,3800,4500
2015,Bahamas,4200,3800,4600
2016,Bahamas,4200,3800,4500
2017,Bahamas,4100,3800,4500
2018,Bahamas,4100,3700,4500
2019,Bahamas,4100,3700,4500
2020,Bahamas,4100,3700,4500
2021,Bahamas,4100,3600,4500
2022,Bahamas,4000,3600,4500
2023,Bahamas,4000,3500,4500
2024,Bahamas,3900,3500,4400
1990,Barbados,<500,<200,<500
1991,Barbados,<500,<500,<500
1992,Barbados,520,<500,670
1993,Barbados,690,510,900
1994,Barbados,900,670,1200
1995,Barbados,1100,830,1300
1996,Barbados,1200,980,1500
1997,Barbados,1400,1100,1600
1998,Barbados,1500,1300,1700
1999,Barbados,1600,1400,1700
2000,Barbados,1600,1500,1800
2001,Barbados,1700,1500,1900
2002,Barbados,1700,1600,1900
2003,Barbados,1800,1600,2000
2004,Barbados,1900,1700,2000
2005,Barbados,2000,1800,2100
2006,Barbados,2100,1900,2200
2007,Barbados,2100,2000,2300
2008,Barbados,2200,2000,2300
2009,Barbados,2200,2000,2400
2010,Barbados,2300,2100,2500
2011,Barbados,2300,2100,2500
2012,Barbados,2300,2100,2500
2013,Barbados,2400,2100,2500
2014,Barbados,2400,2100,2600
2015,Barbados,2400,2100,2600
2016,Barbados,2400,2100,2600
2017,Barbados,2400,2100,2600
2018,Barbados,2400,2100,2700
2019,Barbados,2400,2100,2700
2020,Barbados,2400,2100,2700
2021,Barbados,2400,2100,2700
2022,Barbados,2400,2100,2700
2023,Barbados,2400,2100,2700
2024,Barbados,2400,2100,2700
1990,Belize,<200,<100,<500
1991,Belize,<200,<100,<500
1992,Belize,<500,<200,<500
1993,Belize,<500,<200,510
1994,Belize,<500,<500,630
1995,Belize,530,<500,770
1996,Belize,680,<500,910
1997,Belize,840,620,1100
1998,Belize,1000,790,1200
1999,Belize,1200,970,1400
2000,Belize,1400,1200,1600
2001,Belize,1600,1300,1700
2002,Belize,1700,1500,1900
2003,Belize,1900,1700,2100
2004,Belize,2100,1900,2200
2005,Belize,2200,2000,2400
2006,Belize,2400,2200,2500
2007,Belize,2500,2300,2700
2008,Belize,2600,2400,2800
2009,Belize,2700,2500,2900
2010,Belize,2800,2600,3100
2011,Belize,3000,2700,3200
2012,Belize,3100,2800,3300
2013,Belize,3100,2900,3400
2014,Belize,3200,3000,3400
2015,Belize,3300,3100,3500
2016,Belize,3400,3100,3600
2017,Belize,3400,3200,3700
2018,Belize,3500,3200,3700
2019,Belize,3500,3200,3700
2020,Belize,3500,3200,3800
2021,Belize,3500,3300,3800
2022,Belize,3600,3300,3900
2023,Belize,3700,3400,4000
2024,Belize,3800,3500,4100
1990,Cuba,770,<500,1100
1991,Cuba,890,590,1300
1992,Cuba,990,680,1400
1993,Cuba,1100,770,1600
1994,Cuba,1200,850,1700
1995,Cuba,1300,970,1900
1996,Cuba,1600,1200,2200
1997,Cuba,2000,1500,2700
1998,Cuba,2600,2100,3300
1999,Cuba,3500,2800,4300
2000,Cuba,4500,3700,5300
2001,Cuba,5900,4900,6700
2002,Cuba,7400,6200,8400
2003,Cuba,9100,7700,10 000
2004,Cuba,11 000,9200,12 000
2005,Cuba,13 000,11 000,14 000
2006,Cuba,15 000,12 000,16 000
2007,Cuba,16 000,14 000,18 000
2008,Cuba,18 000,16 000,20 000
2009,Cuba,20 000,17 000,22 000
2010,Cuba,22 000,19 000,24 000
2011,Cuba,23 000,20 000,26 000
2012,Cuba,25 000,22 000,28 000
2013,Cuba,27 000,23 000,30 000
2014,Cuba,28 000,25 000,31 000
2015,Cuba,30 000,26 000,33 000
2016,Cuba,31 000,27 000,35 000
2017,Cuba,33 000,29 000,37 000
2018,Cuba,34 000,30 000,38 000
2019,Cuba,36 000,31 000,40 000
2020,Cuba,37 000,32 000,42 000
2021,Cuba,39 000,34 000,43 000
2022,Cuba,40 000,35 000,45 000
2023,Cuba,41 000,36 000,46 000
2024,Cuba,42 000,37 000,48 000
1990,Dominican Republic,17 000,11 000,32 000
1991,Dominican Republic,24 000,16 000,39 000
1992,Dominican Republic,32 000,22 000,47 000
1993,Dominican Republic,40 000,29 000,56 000
1994,Dominican Republic,48 000,35 000,64 000
1995,Dominican Republic,55 000,40 000,70 000
1996,Dominican Republic,59 000,45 000,74 000
1997,Dominican Republic,63 000,50 000,78 000
1998,Dominican Republic,66 000,53 000,82 000
1999,Dominican Republic,68 000,57 000,83 000
2000,Dominican Republic,69 000,59 000,83 000
2001,Dominican Republic,70 000,60 000,83 000
2002,Dominican Republic,71 000,60 000,82 000
2003,Dominican Republic,71 000,60 000,81 000
2004,Dominican Republic,70 000,60 000,80 000
2005,Dominican Republic,69 000,59 000,79 000
2006,Dominican Republic,69 000,59 000,79 000
2007,Dominican Republic,69 000,59 000,78 000
2008,Dominican Republic,69 000,60 000,79 000
2009,Dominican Republic,70 000,60 000,79 000
2010,Dominican Republic,70 000,61 000,80 000
2011,Dominican Republic,70 000,61 000,80 000
2012,Dominican Republic,71 000,62 000,80 000
2013,Dominican Republic,71 000,62 000,81 000
2014,Dominican Republic,71 000,62 000,81 000
2015,Dominican Republic,71 000,61 000,81 000
2016,Dominican Republic,71 000,61 000,82 000
2017,Dominican Republic,72 000,61 000,82 000
2018,Dominican Republic,73 000,61 000,84 000
2019,Dominican Republic,74 000,60 000,86 000
2020,Dominican Republic,75 000,61 000,88 000
2021,Dominican Republic,77 000,61 000,90 000
2022,Dominican Republic,79 000,61 000,92 000
2023,Dominican Republic,80 000,62 000,94 000
2024,Dominican Republic,82 000,62 000,95 000
1990,Guyana,670,<500,1800
1991,Guyana,900,<500,2000
1992,Guyana,1200,620,2400
1993,Guyana,1500,820,2900
1994,Guyana,1800,1000,3200
1995,Guyana,2200,1300,3400
1996,Guyana,2500,1500,3700
1997,Guyana,2800,1800,4100
1998,Guyana,3200,2100,4500
1999,Guyana,3500,2400,5000
2000,Guyana,3800,2700,5500
2001,Guyana,4100,3000,6000
2002,Guyana,4300,3200,6400
2003,Guyana,4500,3400,6800
2004,Guyana,4800,3500,7100
2005,Guyana,5000,3800,7400
2006,Guyana,5300,4000,7900
2007,Guyana,5600,4200,8300
2008,Guyana,5800,4300,8800
2009,Guyana,6100,4400,9300
2010,Guyana,6300,4600,9700
2011,Guyana,6500,4800,10000
2012,Guyana,6700,4900,10 000
2013,Guyana,7000,5000,11 000
2014,Guyana,7200,5200,11 000
2015,Guyana,7500,5400,12 000
2016,Guyana,7700,5600,12 000
2017,Guyana,7900,5700,12 000
2018,Guyana,8600,6200,13 000
2019,Guyana,8700,6300,13 000
2020,Guyana,9000,6600,13 000
2021,Guyana,9300,6900,14 000
2022,Guyana,9600,7100,14 000
2023,Guyana,10000,7400,14 000
2024,Guyana,10 000,7500,15 000
1990,Haiti,78 000,58 000,110 000
1991,Haiti,89 000,68 000,120 000
1992,Haiti,96 000,76 000,120 000
1993,Haiti,100 000,82 000,130 000
1994,Haiti,110 000,87 000,130 000
1995,Haiti,110 000,91 000,140 000
1996,Haiti,110 000,94 000,140 000
1997,Haiti,110 000,95 000,140 000
1998,Haiti,110 000,96 000,140 000
1999,Haiti,110 000,96 000,130 000
2000,Haiti,110 000,96 000,130 000
2001,Haiti,110 000,95 000,130 000
2002,Haiti,110 000,96 000,130 000
2003,Haiti,110 000,95 000,130 000
2004,Haiti,110 000,94 000,120 000
2005,Haiti,110 000,93 000,120 000
2006,Haiti,110 000,93 000,120 000
2007,Haiti,110 000,94 000,120 000
2008,Haiti,110 000,95 000,120 000
2009,Haiti,110 000,96 000,120 000
2010,Haiti,110 000,96 000,120 000
2011,Haiti,110 000,97 000,120 000
2012,Haiti,110 000,97 000,120 000
2013,Haiti,110 000,98 000,120 000
2014,Haiti,110 000,99 000,120 000
2015,Haiti,110 000,100 000,130 000
2016,Haiti,110 000,100 000,130 000
2017,Haiti,120 000,100 000,130 000
2018,Haiti,120 000,110 000,130 000
2019,Haiti,120 000,110 000,140 000
2020,Haiti,130 000,110 000,140 000
2021,Haiti,130 000,120 000,150 000
2022,Haiti,130 000,120 000,150 000
2023,Haiti,140 000,120 000,160 000
2024,Haiti,140 000,120 000,160 000
1990,Jamaica,5800,3600,8600
1991,Jamaica,8200,5600,12 000
1992,Jamaica,11 000,7900,15 000
1993,Jamaica,14 000,10 000,18 000
1994,Jamaica,17 000,13 000,21 000
1995,Jamaica,19 000,16 000,24 000
1996,Jamaica,22 000,18 000,26 000
1997,Jamaica,24 000,20 000,29 000
1998,Jamaica,26 000,22 000,30 000
1999,Jamaica,27 000,24 000,31 000
2000,Jamaica,28 000,25 000,32 000
2001,Jamaica,29 000,26 000,32 000
2002,Jamaica,29 000,26 000,33 000
2003,Jamaica,29 000,26 000,32 000
2004,Jamaica,29 000,26 000,32 000
2005,Jamaica,29 000,26 000,31 000
2006,Jamaica,28 000,26 000,31 000
2007,Jamaica,28 000,26 000,31 000
2008,Jamaica,28 000,26 000,31 000
2009,Jamaica,28 000,26 000,31 000
2010,Jamaica,28 000,27 000,31 000
2011,Jamaica,28 000,27 000,31 000
2012,Jamaica,28 000,27 000,31 000
2013,Jamaica,28 000,27 000,31 000
2014,Jamaica,28 000,26 000,31 000
2015,Jamaica,28 000,26 000,31 000
2016,Jamaica,28 000,26 000,31 000
2017,Jamaica,28 000,26 000,31 000
2018,Jamaica,28 000,26 000,31 000
2019,Jamaica,28 000,26 000,31 000
2020,Jamaica,28 000,26 000,31 000
2021,Jamaica,28 000,26 000,31 000
2022,Jamaica,28 000,26 000,31 000
2023,Jamaica,28 000,26 000,31 000
2024,Jamaica,28 000,26 000,31 000
1990,Suriname,780,<500,1100
1991,Suriname,920,580,1300
1992,Suriname,1100,740,1400
1993,Suriname,1300,920,1700
1994,Suriname,1500,1100,1900
1995,Suriname,1800,1300,2200
1996,Suriname,2000,1600,2600
1997,Suriname,2400,1900,2900
1998,Suriname,2700,2200,3300
1999,Suriname,3000,2500,3600
2000,Suriname,3400,2900,3900
2001,Suriname,3700,3200,4200
2002,Suriname,4000,3500,4600
2003,Suriname,4300,3800,4800
2004,Suriname,4500,4000,5100
2005,Suriname,4700,4200,5200
2006,Suriname,4800,4300,5400
2007,Suriname,5000,4500,5600
2008,Suriname,5200,4600,5700
2009,Suriname,5300,4800,5900
2010,Suriname,5500,5000,6100
2011,Suriname,5700,5100,6300
2012,Suriname,5800,5300,6500
2013,Suriname,6000,5400,6700
2014,Suriname,6100,5600,6800
2015,Suriname,6300,5700,7000
2016,Suriname,6400,5800,7300
2017,Suriname,6600,6000,7400
2018,Suriname,6800,6100,7600
2019,Suriname,6900,6300,7800
2020,Suriname,7200,6400,8000
2021,Suriname,7300,6500,8200
2022,Suriname,7400,6600,8300
2023,Suriname,7600,6800,8500
2024,Suriname,7800,6900,8700
1990,Trinidad and Tobago,...,...,...
1991,Trinidad and Tobago,...,...,...
1992,Trinidad and Tobago,...,...,...
1993,Trinidad and Tobago,...,...,...
1994,Trinidad and Tobago,...,...,...
1995,Trinidad and Tobago,...,...,...
1996,Trinidad and Tobago,...,...,...
1997,Trinidad and Tobago,...,...,...
1998,Trinidad and Tobago,...,...,...
1999,Trinidad and Tobago,...,...,...
2000,Trinidad and Tobago,...,...,...
2001,Trinidad and Tobago,...,...,...
2002,Trinidad and Tobago,...,...,...
2003,Trinidad and Tobago,...,...,...
2004,Trinidad and Tobago,...,...,...
2005,Trinidad and Tobago,...,...,...
2006,Trinidad and Tobago,...,...,...
2007,Trinidad and Tobago,...,...,...
2008,Trinidad and Tobago,...,...,...
2009,Trinidad and Tobago,...,...,...
2010,Trinidad and Tobago,...,...,...
2011,Trinidad and Tobago,...,...,...
2012,Trinidad and Tobago,...,...,...
2013,Trinidad and Tobago,...,...,...
2014,Trinidad and Tobago,...,...,...
2015,Trinidad and Tobago,...,...,...
2016,Trinidad and Tobago,...,...,...
2017,Trinidad and Tobago,...,...,...
2018,Trinidad and Tobago,...,...,...
2019,Trinidad and Tobago,...,...,...
2020,Trinidad and Tobago,...,...,...
2021,Trinidad and Tobago,...,...,...
2022,Trinidad and Tobago,...,...,...
2023,Trinidad and Tobago,...,...,...
2024,Trinidad and Tobago,...,...,...
1990,Eastern and southern Africa,4.8 m,4.5 m,5.4 m
1991,Eastern and southern Africa,5.9 m,5.4 m,6.5 m
1992,Eastern and southern Africa,6.9 m,6.4 m,7.7 m
1993,Eastern and southern Africa,7.9 m,7.3 m,8.8 m
1994,Eastern and southern Africa,8.8 m,8.1 m,9.8 m
1995,Eastern and southern Africa,9.7 m,9.0 m,10.8 m
1996,Eastern and southern Africa,10.5 m,9.7 m,11.7 m
1997,Eastern and southern Africa,11.2 m,10.3 m,12.4 m
1998,Eastern and southern Africa,11.8 m,10.9 m,13.1 m
1999,Eastern and southern Africa,12.2 m,11.3 m,13.6 m
2000,Eastern and southern Africa,12.6 m,11.6 m,14.0 m
2001,Eastern and southern Africa,12.9 m,11.8 m,14.2 m
2002,Eastern and southern Africa,13.0 m,12.0 m,14.5 m
2003,Eastern and southern Africa,13.2 m,12.1 m,14.6 m
2004,Eastern and southern Africa,13.3 m,12.2 m,14.7 m
2005,Eastern and southern Africa,13.4 m,12.3 m,14.8 m
2006,Eastern and southern Africa,13.5 m,12.5 m,15.0 m
2007,Eastern and southern Africa,13.8 m,12.7 m,15.3 m
2008,Eastern and southern Africa,14.1 m,13.0 m,15.7 m
2009,Eastern and southern Africa,14.5 m,13.4 m,16.1 m
2010,Eastern and southern Africa,14.9 m,13.8 m,16.6 m
2011,Eastern and southern Africa,15.4 m,14.2 m,17.1 m
2012,Eastern and southern Africa,15.9 m,14.7 m,17.6 m
2013,Eastern and southern Africa,16.5 m,15.2 m,18.2 m
2014,Eastern and southern Africa,17.0 m,15.6 m,18.8 m
2015,Eastern and southern Africa,17.5 m,16.1 m,19.4 m
2016,Eastern and southern Africa,18.0 m,16.5 m,19.9 m
2017,Eastern and southern Africa,18.4 m,16.9 m,20.4 m
2018,Eastern and southern Africa,18.8 m,17.3 m,20.8 m
2019,Eastern and southern Africa,19.1 m,17.6 m,21.2 m
2020,Eastern and southern Africa,19.4 m,17.9 m,21.5 m
2021,Eastern and southern Africa,19.7 m,18.2 m,21.8 m
2022,Eastern and southern Africa,19.9 m,18.4 m,22.1 m
2023,Eastern and southern Africa,20.1 m,18.6 m,22.3 m
2024,Eastern and southern Africa,20.3 m,18.7 m,22.5 m
1990,Angola,30 000,18 000,49 000
1991,Angola,36 000,22 000,58 000
1992,Angola,43 000,27 000,66 000
1993,Angola,51 000,33 000,75 000
1994,Angola,59 000,39 000,83 000
1995,Angola,67 000,47 000,93 000
1996,Angola,76 000,55 000,100 000
1997,Angola,85 000,62 000,110 000
1998,Angola,93 000,71 000,120 000
1999,Angola,100 000,79 000,130 000
2000,Angola,110 000,86 000,140 000
2001,Angola,120 000,94 000,150 000
2002,Angola,130 000,100 000,160 000
2003,Angola,140 000,110 000,170 000
2004,Angola,150 000,120 000,180 000
2005,Angola,160 000,130 000,190 000
2006,Angola,170 000,140 000,190 000
2007,Angola,170 000,150 000,200 000
2008,Angola,190 000,160 000,210 000
2009,Angola,200 000,170 000,230 000
2010,Angola,210 000,180 000,230 000
2011,Angola,220 000,190 000,250 000
2012,Angola,230 000,200 000,260 000
2013,Angola,240 000,210 000,270 000
2014,Angola,250 000,220 000,280 000
2015,Angola,260 000,230 000,290 000
2016,Angola,270 000,240 000,310 000
2017,Angola,280 000,250 000,320 000
2018,Angola,290 000,250 000,330 000
2019,Angola,290 000,260 000,330 000
2020,Angola,300 000,270 000,340 000
2021,Angola,310 000,270 000,350 000
2022,Angola,310 000,280 000,360 000
2023,Angola,320 000,280 000,360 000
2024,Angola,330 000,290 000,370 000
1990,Botswana,51 000,45 000,58 000
1991,Botswana,71 000,64 000,80 000
1992,Botswana,95 000,87 000,110 000
1993,Botswana,120 000,110 000,130 000
1994,Botswana,150 000,140 000,160 000
1995,Botswana,180 000,170 000,190 000
1996,Botswana,200 000,190 000,210 000
1997,Botswana,220 000,210 000,230 000
1998,Botswana,240 000,220 000,250 000
1999,Botswana,250 000,230 000,260 000
2000,Botswana,260 000,240 000,270 000
2001,Botswana,260 000,250 000,280 000
2002,Botswana,270 000,250 000,280 000
2003,Botswana,270 000,250 000,280 000
2004,Botswana,270 000,260 000,290 000
2005,Botswana,280 000,260 000,290 000
2006,Botswana,280 000,260 000,300 000
2007,Botswana,290 000,270 000,300 000
2008,Botswana,290 000,270 000,310 000
2009,Botswana,300 000,280 000,320 000
2010,Botswana,310 000,290 000,320 000
2011,Botswana,310 000,290 000,330 000
2012,Botswana,320 000,300 000,340 000
2013,Botswana,330 000,310 000,350 000
2014,Botswana,330 000,310 000,350 000
2015,Botswana,340 000,320 000,360 000
2016,Botswana,350 000,320 000,360 000
2017,Botswana,350 000,330 000,370 000
2018,Botswana,360 000,330 000,370 000
2019,Botswana,360 000,340 000,380 000
2020,Botswana,360 000,340 000,380 000
2021,Botswana,360 000,340 000,380 000
2022,Botswana,360 000,340 000,380 000
2023,Botswana,360 000,330 000,380 000
2024,Botswana,350 000,330 000,380 000
1990,Comoros,<100,<100,<100
1991,Comoros,<100,<100,<100
1992,Comoros,<100,<100,<100
1993,Comoros,<100,<100,<100
1994,Comoros,<100,<100,<200
1995,Comoros,<100,<100,<200
1996,Comoros,<100,<100,<200
1997,Comoros,<100,<100,<200
1998,Comoros,<100,<100,<200
1999,Comoros,<100,<100,<200
2000,Comoros,<100,<100,<200
2001,Comoros,<100,<100,<200
2002,Comoros,<100,<100,<200
2003,Comoros,<100,<100,<200
2004,Comoros,<100,<100,<200
2005,Comoros,<100,<100,<200
2006,Comoros,<100,<100,<200
2007,Comoros,<100,<100,<200
2008,Comoros,<100,<100,<200
2009,Comoros,<100,<100,<200
2010,Comoros,<100,<100,<200
2011,Comoros,<100,<100,<200
2012,Comoros,<100,<100,<200
2013,Comoros,<200,<100,<500
2014,Comoros,<200,<100,<500
2015,Comoros,<200,<100,<500
2016,Comoros,<200,<100,<500
2017,Comoros,<200,<100,<500
2018,Comoros,<200,<100,<500
2019,Comoros,<200,<100,<500
2020,Comoros,<200,<100,<500
2021,Comoros,<200,<100,<500
2022,Comoros,<200,<100,<500
2023,Comoros,<200,<100,<500
2024,Comoros,<200,<100,<500
1990,Eritrea,15 000,8900,30 000
1991,Eritrea,15 000,9300,28 000
1992,Eritrea,17 000,11 000,31 000
1993,Eritrea,20 000,14 000,35 000
1994,Eritrea,22 000,15 000,35 000
1995,Eritrea,27 000,18 000,41 000
1996,Eritrea,26 000,19 000,40 000
1997,Eritrea,27 000,19 000,39 000
1998,Eritrea,27 000,20 000,37 000
1999,Eritrea,27 000,20 000,36 000
2000,Eritrea,26 000,19 000,34 000
2001,Eritrea,26 000,19 000,34 000
2002,Eritrea,25 000,19 000,32 000
2003,Eritrea,25 000,20 000,32 000
2004,Eritrea,24 000,18 000,30 000
2005,Eritrea,22 000,17 000,27 000
2006,Eritrea,20 000,16 000,25 000
2007,Eritrea,19 000,15 000,23 000
2008,Eritrea,19 000,15 000,23 000
2009,Eritrea,18 000,14 000,22 000
2010,Eritrea,17 000,13 000,21 000
2011,Eritrea,16 000,13 000,20 000
2012,Eritrea,15 000,12 000,19 000
2013,Eritrea,15 000,12 000,18 000
2014,Eritrea,14 000,11 000,17 000
2015,Eritrea,14 000,11 000,17 000
2016,Eritrea,13 000,11 000,16 000
2017,Eritrea,13 000,10 000,16 000
2018,Eritrea,13 000,10 000,15 000
2019,Eritrea,13 000,10 000,15 000
2020,Eritrea,12 000,10 000,15 000
2021,Eritrea,12 000,10000,15 000
2022,Eritrea,12 000,10000,15 000
2023,Eritrea,12 000,10000,15 000
2024,Eritrea,12 000,9900,15 000
1990,Eswatini,5000,4300,6200
1991,Eswatini,10 000,8500,13 000
1992,Eswatini,19 000,16 000,23 000
1993,Eswatini,31 000,26 000,37 000
1994,Eswatini,42 000,36 000,49 000
1995,Eswatini,59 000,51 000,67 000
1996,Eswatini,76 000,66 000,85 000
1997,Eswatini,93 000,82 000,100 000
1998,Eswatini,110 000,96 000,120 000
1999,Eswatini,120 000,110 000,130 000
2000,Eswatini,130 000,120 000,140 000
2001,Eswatini,140 000,130 000,150 000
2002,Eswatini,150 000,140 000,160 000
2003,Eswatini,150 000,140 000,160 000
2004,Eswatini,160 000,150 000,170 000
2005,Eswatini,160 000,150 000,170 000
2006,Eswatini,160 000,150 000,170 000
2007,Eswatini,170 000,160 000,180 000
2008,Eswatini,170 000,160 000,180 000
2009,Eswatini,180 000,170 000,190 000
2010,Eswatini,180 000,170 000,190 000
2011,Eswatini,190 000,180 000,200 000
2012,Eswatini,190 000,180 000,210 000
2013,Eswatini,200 000,180 000,210 000
2014,Eswatini,200 000,190 000,220 000
2015,Eswatini,210 000,190 000,220 000
2016,Eswatini,210 000,200 000,230 000
2017,Eswatini,210 000,200 000,230 000
2018,Eswatini,220 000,200 000,240 000
2019,Eswatini,220 000,200 000,240 000
2020,Eswatini,220 000,200 000,240 000
2021,Eswatini,220 000,200 000,240 000
2022,Eswatini,220 000,200 000,240 000
2023,Eswatini,220 000,200 000,240 000
2024,Eswatini,220 000,200 000,240 000
1990,Ethiopia,430 000,360 000,520 000
1991,Ethiopia,540 000,450 000,640 000
1992,Ethiopia,630 000,530 000,760 000
1993,Ethiopia,710 000,600 000,850 000
1994,Ethiopia,760 000,640 000,920 000
1995,Ethiopia,800 000,670 000,960 000
1996,Ethiopia,810 000,690 000,980 000
1997,Ethiopia,820 000,690 000,980 000
1998,Ethiopia,810 000,680 000,970 000
1999,Ethiopia,790 000,660 000,950 000
2000,Ethiopia,760 000,640 000,920 000
2001,Ethiopia,730 000,620 000,880 000
2002,Ethiopia,700 000,590 000,840 000
2003,Ethiopia,670 000,560 000,800 000
2004,Ethiopia,630 000,540 000,760 000
2005,Ethiopia,600 000,510 000,730 000
2006,Ethiopia,580 000,490 000,700 000
2007,Ethiopia,570 000,480 000,680 000
2008,Ethiopia,560 000,470 000,680 000
2009,Ethiopia,560 000,470 000,670 000
2010,Ethiopia,570 000,480 000,680 000
2011,Ethiopia,570 000,480 000,680 000
2012,Ethiopia,580 000,490 000,690 000
2013,Ethiopia,580 000,490 000,700 000
2014,Ethiopia,580 000,490 000,700 000
2015,Ethiopia,580 000,490 000,700 000
2016,Ethiopia,580 000,490 000,700 000
2017,Ethiopia,580 000,490 000,700 000
2018,Ethiopia,580 000,490 000,700 000
2019,Ethiopia,580 000,490 000,700 000
2020,Ethiopia,580 000,490 000,690 000
2021,Ethiopia,580 000,490 000,700 000
2022,Ethiopia,580 000,490 000,690 000
2023,Ethiopia,580 000,490 000,690 000
2024,Ethiopia,570 000,480 000,690 000
1990,Kenya,590 000,530 000,680 000
1991,Kenya,770 000,690 000,880 000
1992,Kenya,940 000,850 000,1.1 m
1993,Kenya,1.1 m,990 000,1.3 m
1994,Kenya,1.2 m,1.1 m,1.4 m
1995,Kenya,1.3 m,1.2 m,1.5 m
1996,Kenya,1.4 m,1.2 m,1.6 m
1997,Kenya,1.4 m,1.3 m,1.6 m
1998,Kenya,1.4 m,1.3 m,1.6 m
1999,Kenya,1.4 m,1.3 m,1.6 m
2000,Kenya,1.4 m,1.3 m,1.6 m
2001,Kenya,1.4 m,1.2 m,1.6 m
2002,Kenya,1.3 m,1.2 m,1.5 m
2003,Kenya,1.3 m,1.2 m,1.5 m
2004,Kenya,1.2 m,1.1 m,1.4 m
2005,Kenya,1.2 m,1.1 m,1.4 m
2006,Kenya,1.2 m,1.1 m,1.4 m
2007,Kenya,1.2 m,1.1 m,1.4 m
2008,Kenya,1.2 m,1.1 m,1.4 m
2009,Kenya,1.2 m,1.1 m,1.4 m
2010,Kenya,1.2 m,1.1 m,1.4 m
2011,Kenya,1.2 m,1.1 m,1.4 m
2012,Kenya,1.2 m,1.1 m,1.4 m
2013,Kenya,1.2 m,1.1 m,1.4 m
2014,Kenya,1.2 m,1.1 m,1.4 m
2015,Kenya,1.2 m,1.1 m,1.4 m
2016,Kenya,1.3 m,1.1 m,1.4 m
2017,Kenya,1.3 m,1.1 m,1.4 m
2018,Kenya,1.3 m,1.1 m,1.4 m
2019,Kenya,1.3 m,1.1 m,1.4 m
2020,Kenya,1.3 m,1.1 m,1.4 m
2021,Kenya,1.3 m,1.1 m,1.4 m
2022,Kenya,1.3 m,1.1 m,1.4 m
2023,Kenya,1.3 m,1.1 m,1.4 m
2024,Kenya,1.3 m,1.1 m,1.4 m
1990,Lesotho,18 000,13 000,23 000
1991,Lesotho,29 000,23 000,36 000
1992,Lesotho,45 000,37 000,54 000
1993,Lesotho,67 000,56 000,78 000
1994,Lesotho,93 000,80 000,110 000
1995,Lesotho,120 000,100 000,140 000
1996,Lesotho,140 000,130 000,170 000
1997,Lesotho,170 000,150 000,190 000
1998,Lesotho,180 000,160 000,210 000
1999,Lesotho,200 000,180 000,220 000
2000,Lesotho,210 000,190 000,230 000
2001,Lesotho,220 000,200 000,240 000
2002,Lesotho,220 000,200 000,250 000
2003,Lesotho,230 000,210 000,250 000
2004,Lesotho,230 000,210 000,260 000
2005,Lesotho,230000,210 000,260 000
2006,Lesotho,240000,220 000,260 000
2007,Lesotho,240000,220 000,270 000
2008,Lesotho,250000,230 000,280 000
2009,Lesotho,260000,240 000,290 000
2010,Lesotho,260000,240 000,300 000
2011,Lesotho,270000,250 000,300 000
2012,Lesotho,280000,250 000,310 000
2013,Lesotho,280000,260 000,310 000
2014,Lesotho,280000,260 000,320 000
2015,Lesotho,280000,260 000,320 000
2016,Lesotho,280000,260 000,320 000
2017,Lesotho,280000,260 000,310 000
2018,Lesotho,280000,260 000,310 000
2019,Lesotho,270000,250 000,310 000
2020,Lesotho,270000,250 000,310 000
2021,Lesotho,270000,250 000,300 000
2022,Lesotho,260000,240 000,300 000
2023,Lesotho,260000,240 000,290 000
2024,Lesotho,260000,240 000,290 000
1990,Madagascar,<500,<100,940
1991,Madagascar,580,<200,1200
1992,Madagascar,730,<200,1500
1993,Madagascar,920,<500,1900
1994,Madagascar,1100,<500,2300
1995,Madagascar,1400,<500,2900
1996,Madagascar,1700,610,3500
1997,Madagascar,2100,870,4200
1998,Madagascar,2600,1200,5000
1999,Madagascar,3200,1600,6300
2000,Madagascar,3900,2100,7600
2001,Madagascar,4900,2700,8900
2002,Madagascar,6100,3500,11 000
2003,Madagascar,7500,4500,12 000
2004,Madagascar,9200,5600,15 000
2005,Madagascar,11 000,7200,17 000
2006,Madagascar,13 000,8900,19 000
2007,Madagascar,16 000,11 000,22 000
2008,Madagascar,18 000,13 000,24 000
2009,Madagascar,21 000,15 000,27 000
2010,Madagascar,23 000,18 000,30 000
2011,Madagascar,26 000,20 000,32 000
2012,Madagascar,28 000,22 000,35 000
2013,Madagascar,30 000,25 000,38 000
2014,Madagascar,33 000,26 000,41 000
2015,Madagascar,35 000,29 000,44 000
2016,Madagascar,38 000,31 000,49 000
2017,Madagascar,41 000,33 000,53 000
2018,Madagascar,45 000,36 000,58 000
2019,Madagascar,49 000,39 000,63 000
2020,Madagascar,53 000,42 000,69 000
2021,Madagascar,58 000,45 000,76 000
2022,Madagascar,63 000,48 000,82 000
2023,Madagascar,73 000,56 000,96 000
2024,Madagascar,85 000,65 000,110 000
1990,Malawi,400 000,390 000,430 000
1991,Malawi,490 000,470 000,530 000
1992,Malawi,580 000,550 000,620 000
1993,Malawi,640 000,610 000,690 000
1994,Malawi,680 000,650 000,720 000
1995,Malawi,730 000,700 000,780 000
1996,Malawi,770 000,740 000,830 000
1997,Malawi,810 000,770 000,860 000
1998,Malawi,830 000,790 000,890 000
1999,Malawi,830 000,790 000,890 000
2000,Malawi,830 000,790 000,890 000
2001,Malawi,830 000,790 000,880 000
2002,Malawi,810 000,770 000,870 000
2003,Malawi,790 000,760 000,850 000
2004,Malawi,780 000,740 000,830 000
2005,Malawi,760000,720 000,820 000
2006,Malawi,750000,710 000,800 000
2007,Malawi,750000,710 000,800 000
2008,Malawi,760000,720 000,810 000
2009,Malawi,770000,740 000,820 000
2010,Malawi,790000,750 000,840 000
2011,Malawi,810000,770 000,860 000
2012,Malawi,830000,790 000,890 000
2013,Malawi,850000,810 000,910 000
2014,Malawi,870000,830 000,930 000
2015,Malawi,890000,850 000,950 000
2016,Malawi,910000,870 000,970 000
2017,Malawi,920000,880 000,990 000
2018,Malawi,930000,880 000,1000 000
2019,Malawi,940000,890 000,1.0 m
2020,Malawi,940000,890 000,1.0 m
2021,Malawi,940000,890 000,1.0 m
2022,Malawi,940000,890 000,1.0 m
2023,Malawi,940000,890 000,1.0 m
2024,Malawi,940000,890 000,1.0 m
1990,Mauritius,...,...,...
1991,Mauritius,...,...,...
1992,Mauritius,...,...,...
1993,Mauritius,...,...,...
1994,Mauritius,...,...,...
1995,Mauritius,...,...,...
1996,Mauritius,...,...,...
1997,Mauritius,...,...,...
1998,Mauritius,...,...,...
1999,Mauritius,...,...,...
2000,Mauritius,...,...,...
2001,Mauritius,...,...,...
2002,Mauritius,...,...,...
2003,Mauritius,...,...,...
2004,Mauritius,...,...,...
2005,Mauritius,...,...,...
2006,Mauritius,...,...,...
2007,Mauritius,...,...,...
2008,Mauritius,...,...,...
2009,Mauritius,...,...,...
2010,Mauritius,...,...,...
2011,Mauritius,...,...,...
2012,Mauritius,...,...,...
2013,Mauritius,...,...,...
2014,Mauritius,...,...,...
2015,Mauritius,...,...,...
2016,Mauritius,...,...,...
2017,Mauritius,...,...,...
2018,Mauritius,...,...,...
2019,Mauritius,...,...,...
2020,Mauritius,...,...,...
2021,Mauritius,...,...,...
2022,Mauritius,...,...,...
2023,Mauritius,...,...,...
2024,Mauritius,...,...,...
1990,Mozambique,120 000,84 000,150 000
1991,Mozambique,150 000,110 000,190 000
1992,Mozambique,190 000,150 000,240 000
1993,Mozambique,250 000,200 000,310 000
1994,Mozambique,330 000,270 000,400 000
1995,Mozambique,400 000,340 000,480 000
1996,Mozambique,480 000,410 000,570 000
1997,Mozambique,560 000,490 000,650 000
1998,Mozambique,640 000,570 000,740 000
1999,Mozambique,720 000,650 000,820 000
2000,Mozambique,800 000,730 000,910 000
2001,Mozambique,880 000,800 000,990 000
2002,Mozambique,950 000,860 000,1.1 m
2003,Mozambique,1.0 m,920 000,1.1 m
2004,Mozambique,1.1 m,970 000,1.2 m
2005,Mozambique,1.1 m,1.0 m,1.2 m
2006,Mozambique,1.2 m,1.1 m,1.3 m
2007,Mozambique,1.2 m,1.1 m,1.3 m
2008,Mozambique,1.3 m,1.2 m,1.4 m
2009,Mozambique,1.3 m,1.3 m,1.5 m
2010,Mozambique,1.4 m,1.3 m,1.5 m
2011,Mozambique,1.5 m,1.4 m,1.6 m
2012,Mozambique,1.5 m,1.5 m,1.7 m
2013,Mozambique,1.6 m,1.5 m,1.8 m
2014,Mozambique,1.7 m,1.6 m,1.8 m
2015,Mozambique,1.8 m,1.7 m,1.9 m
2016,Mozambique,1.9 m,1.7 m,2.0 m
2017,Mozambique,1.9 m,1.8 m,2.1 m
2018,Mozambique,2.0 m,1.9 m,2.2 m
2019,Mozambique,2.1 m,1.9 m,2.2 m
2020,Mozambique,2.1 m,2.0 m,2.3 m
2021,Mozambique,2.2 m,2.0 m,2.4 m
2022,Mozambique,2.2 m,2.1 m,2.4 m
2023,Mozambique,2.3 m,2.1 m,2.5 m
2024,Mozambique,2.3 m,2.1 m,2.5 m
1990,Namibia,16 000,14 000,19 000
1991,Namibia,23 000,20 000,26 000
1992,Namibia,32 000,28 000,36 000
1993,Namibia,44 000,39 000,49 000
1994,Namibia,57 000,51 000,64 000
1995,Namibia,73 000,66 000,81 000
1996,Namibia,88 000,80 000,97 000
1997,Namibia,100 000,94 000,110 000
1998,Namibia,120 000,110 000,130 000
1999,Namibia,130 000,120 000,140 000
2000,Namibia,140 000,130 000,150 000
2001,Namibia,140 000,130 000,150 000
2002,Namibia,150 000,140 000,160 000
2003,Namibia,150 000,140 000,160 000
2004,Namibia,150 000,140 000,160 000
2005,Namibia,150 000,140 000,170 000
2006,Namibia,160 000,150 000,170 000
2007,Namibia,160 000,150 000,170 000
2008,Namibia,160 000,150 000,180 000
2009,Namibia,170 000,160 000,180 000
2010,Namibia,170 000,160 000,190 000
2011,Namibia,180 000,170 000,200 000
2012,Namibia,180 000,170 000,200 000
2013,Namibia,190 000,170 000,210 000
2014,Namibia,190 000,180 000,210 000
2015,Namibia,200 000,180 000,220 000
2016,Namibia,200 000,180 000,220 000
2017,Namibia,200 000,190 000,230 000
2018,Namibia,210 000,190 000,230 000
2019,Namibia,210 000,190 000,230 000
2020,Namibia,210 000,190 000,230 000
2021,Namibia,210 000,190 000,240 000
2022,Namibia,210 000,190 000,240 000
2023,Namibia,210 000,190 000,240 000
2024,Namibia,210 000,200 000,240 000
1990,Rwanda,92 000,67 000,150 000
1991,Rwanda,110 000,84 000,180 000
1992,Rwanda,140 000,100 000,190 000
1993,Rwanda,160 000,130 000,220 000
1994,Rwanda,110 000,84 000,130 000
1995,Rwanda,130 000,110 000,150 000
1996,Rwanda,170 000,140 000,190 000
1997,Rwanda,190 000,160 000,210 000
1998,Rwanda,200 000,170 000,220 000
1999,Rwanda,200 000,180 000,220 000
2000,Rwanda,200 000,180 000,220 000
2001,Rwanda,210 000,190 000,230 000
2002,Rwanda,200 000,190 000,220 000
2003,Rwanda,200 000,190 000,220 000
2004,Rwanda,200 000,180 000,220 000
2005,Rwanda,200 000,190 000,220 000
2006,Rwanda,200 000,190 000,220 000
2007,Rwanda,200 000,190 000,220 000
2008,Rwanda,210 000,190 000,230 000
2009,Rwanda,210 000,200 000,230 000
2010,Rwanda,210 000,200 000,230 000
2011,Rwanda,220 000,200 000,240 000
2012,Rwanda,220 000,210 000,240 000
2013,Rwanda,220 000,210 000,250 000
2014,Rwanda,230 000,210 000,250 000
2015,Rwanda,230 000,210 000,260 000
2016,Rwanda,230 000,220 000,260 000
2017,Rwanda,230 000,220 000,260 000
2018,Rwanda,230 000,220 000,270 000
2019,Rwanda,230 000,220 000,270 000
2020,Rwanda,230 000,220 000,270 000
2021,Rwanda,230 000,220 000,270 000
2022,Rwanda,230 000,220 000,270 000
2023,Rwanda,230 000,210 000,270 000
2024,Rwanda,230 000,210 000,270 000
1990,South Africa,270000,240 000,300 000
1991,South Africa,430000,380 000,480 000
1992,South Africa,640000,580 000,720 000
1993,South Africa,920000,830 000,1.0 m
1994,South Africa,1300000,1.1 m,1.4 m
1995,South Africa,1600000,1.5 m,1.8 m
1996,South Africa,2000000,1.8 m,2.2 m
1997,South Africa,2400000,2.2 m,2.7 m
1998,South Africa,2800000,2.5 m,3.1 m
1999,South Africa,3100000,2.8 m,3.4 m
2000,South Africa,3400000,3.1 m,3.8 m
2001,South Africa,3700000,3.3 m,4.1 m
2002,South Africa,3900000,3.5 m,4.3 m
2003,South Africa,4100000,3.7 m,4.5 m
2004,South Africa,4300000,3.8 m,4.7 m
2005,South Africa,4400000,4.0 m,4.8 m
2006,South Africa,4600000,4.1 m,5.0 m
2007,South Africa,4700000,4.3 m,5.2 m
2008,South Africa,4900000,4.5 m,5.4 m
2009,South Africa,5100000,4.7 m,5.6 m
2010,South Africa,5300000,4.9 m,5.8 m
2011,South Africa,5500000,5.1 m,6.0 m
2012,South Africa,5700000,5.3 m,6.2 m
2013,South Africa,5900000,5.5 m,6.4 m
2014,South Africa,6200000,5.7 m,6.7 m
2015,South Africa,6400000,5.9 m,6.9 m
2016,South Africa,6600000,6.1 m,7.1 m
2017,South Africa,6700000,6.2 m,7.3 m
2018,South Africa,6900000,6.4 m,7.5 m
2019,South Africa,7100000,6.6 m,7.7 m
2020,South Africa,7200000,6.7 m,7.8 m
2021,South Africa,7300000,6.8 m,7.9 m
2022,South Africa,7500000,6.9 m,8.1 m
2023,South Africa,7600000,7.0 m,8.2 m
2024,South Africa,7700000,7.1 m,8.3 m
1990,South Sudan,24 000,10 000,44 000
1991,South Sudan,31 000,14 000,51 000
1992,South Sudan,38 000,18 000,59 000
1993,South Sudan,45 000,23 000,66 000
1994,South Sudan,54 000,29 000,77 000
1995,South Sudan,62 000,34 000,86 000
1996,South Sudan,68 000,39 000,95 000
1997,South Sudan,76 000,44 000,100 000
1998,South Sudan,81 000,49 000,110 000
1999,South Sudan,88 000,54 000,120 000
2000,South Sudan,94 000,59 000,120 000
2001,South Sudan,100 000,65 000,130 000
2002,South Sudan,100 000,71 000,140 000
2003,South Sudan,110 000,77 000,140 000
2004,South Sudan,110 000,83 000,150 000
2005,South Sudan,120 000,89 000,160 000
2006,South Sudan,120 000,93 000,160 000
2007,South Sudan,130 000,98 000,170 000
2008,South Sudan,130 000,100 000,170 000
2009,South Sudan,140 000,110 000,180 000
2010,South Sudan,140 000,110 000,190 000
2011,South Sudan,150 000,120 000,190 000
2012,South Sudan,150 000,120 000,190 000
2013,South Sudan,150 000,120 000,190 000
2014,South Sudan,150 000,120 000,180 000
2015,South Sudan,140 000,120 000,180 000
2016,South Sudan,130 000,110 000,160 000
2017,South Sudan,120 000,100 000,150 000
2018,South Sudan,130 000,110 000,150 000
2019,South Sudan,130 000,110 000,160 000
2020,South Sudan,130 000,110 000,160 000
2021,South Sudan,130 000,110 000,160 000
2022,South Sudan,130 000,110 000,160 000
2023,South Sudan,140 000,120 000,170 000
2024,South Sudan,140 000,120 000,170 000
1990,Uganda,830 000,740 000,930 000
1991,Uganda,860 000,760 000,950 000
1992,Uganda,870 000,790 000,960 000
1993,Uganda,880 000,800 000,970 000
1994,Uganda,890 000,810 000,980 000
1995,Uganda,890 000,820 000,980 000
1996,Uganda,890 000,820 000,970 000
1997,Uganda,890 000,810 000,960 000
1998,Uganda,880 000,810 000,960 000
1999,Uganda,880 000,810 000,950 000
2000,Uganda,880 000,820 000,950 000
2001,Uganda,880 000,820 000,940 000
2002,Uganda,880 000,820 000,940 000
2003,Uganda,880 000,830 000,940 000
2004,Uganda,890 000,840 000,960 000
2005,Uganda,910 000,860 000,980 000
2006,Uganda,930 000,880 000,1000 000
2007,Uganda,950 000,900 000,1.0 m
2008,Uganda,980 000,930 000,1.1 m
2009,Uganda,1.0 m,960 000,1.1 m
2010,Uganda,1.0 m,990 000,1.1 m
2011,Uganda,1.1 m,1.0 m,1.2 m
2012,Uganda,1.1 m,1.1 m,1.2 m
2013,Uganda,1.2 m,1.1 m,1.2 m
2014,Uganda,1.2 m,1.1 m,1.3 m
2015,Uganda,1.2 m,1.2 m,1.3 m
2016,Uganda,1.3 m,1.2 m,1.4 m
2017,Uganda,1.3 m,1.2 m,1.4 m
2018,Uganda,1.3 m,1.3 m,1.5 m
2019,Uganda,1.4 m,1.3 m,1.5 m
2020,Uganda,1.4 m,1.3 m,1.5 m
2021,Uganda,1.4 m,1.3 m,1.6 m
2022,Uganda,1.4 m,1.4 m,1.6 m
2023,Uganda,1.4 m,1.4 m,1.6 m
2024,Uganda,1.5 m,1.4 m,1.6 m
1990,United Republic of Tanzania,610 000,520 000,710 000
1991,United Republic of Tanzania,710 000,610 000,810 000
1992,United Republic of Tanzania,790 000,690 000,900 000
1993,United Republic of Tanzania,890 000,790 000,990 000
1994,United Republic of Tanzania,980 000,880 000,1.1 m
1995,United Republic of Tanzania,1.0 m,920 000,1.1 m
1996,United Republic of Tanzania,1.0 m,930 000,1.1 m
1997,United Republic of Tanzania,1.1 m,960 000,1.2 m
1998,United Republic of Tanzania,1.1 m,970 000,1.2 m
1999,United Republic of Tanzania,1.1 m,980 000,1.2 m
2000,United Republic of Tanzania,1.1 m,990 000,1.2 m
2001,United Republic of Tanzania,1.1 m,980 000,1.2 m
2002,United Republic of Tanzania,1.1 m,980 000,1.2 m
2003,United Republic of Tanzania,1.0 m,970 000,1.1 m
2004,United Republic of Tanzania,1.0 m,960 000,1.1 m
2005,United Republic of Tanzania,1.0 m,940 000,1.1 m
2006,United Republic of Tanzania,1.0 m,940 000,1.1 m
2007,United Republic of Tanzania,1.0 m,950 000,1.1 m
2008,United Republic of Tanzania,1.0 m,960 000,1.1 m
2009,United Republic of Tanzania,1.0 m,980 000,1.1 m
2010,United Republic of Tanzania,1.1 m,1.0 m,1.2 m
2011,United Republic of Tanzania,1.1 m,1.0 m,1.2 m
2012,United Republic of Tanzania,1.2 m,1.1 m,1.3 m
2013,United Republic of Tanzania,1.2 m,1.1 m,1.3 m
2014,United Republic of Tanzania,1.3 m,1.2 m,1.4 m
2015,United Republic of Tanzania,1.3 m,1.3 m,1.5 m
2016,United Republic of Tanzania,1.4 m,1.3 m,1.5 m
2017,United Republic of Tanzania,1.5 m,1.4 m,1.6 m
2018,United Republic of Tanzania,1.5 m,1.4 m,1.7 m
2019,United Republic of Tanzania,1.6 m,1.5 m,1.7 m
2020,United Republic of Tanzania,1.6 m,1.5 m,1.8 m
2021,United Republic of Tanzania,1.6 m,1.5 m,1.8 m
2022,United Republic of Tanzania,1.7 m,1.6 m,1.9 m
2023,United Republic of Tanzania,1.7 m,1.6 m,1.9 m
2024,United Republic of Tanzania,1.7 m,1.6 m,1.9 m
1990,Zambia,340 000,290 000,390 000
1991,Zambia,400 000,350 000,460 000
1992,Zambia,450 000,410 000,500 000
1993,Zambia,500 000,450 000,550 000
1994,Zambia,530 000,490 000,590 000
1995,Zambia,560 000,520 000,620 000
1996,Zambia,590 000,540 000,640 000
1997,Zambia,610 000,560 000,660 000
1998,Zambia,630 000,580 000,670 000
1999,Zambia,640 000,590 000,690 000
2000,Zambia,650 000,600 000,690 000
2001,Zambia,660 000,610 000,710 000
2002,Zambia,670 000,620 000,710 000
2003,Zambia,670 000,630 000,730 000
2004,Zambia,680 000,640 000,730 000
2005,Zambia,700000,660 000,750 000
2006,Zambia,720000,680 000,770 000
2007,Zambia,740000,700 000,790 000
2008,Zambia,770000,730 000,830 000
2009,Zambia,810000,770 000,870 000
2010,Zambia,840000,800 000,910 000
2011,Zambia,880000,840 000,950 000
2012,Zambia,920000,880 000,990 000
2013,Zambia,970000,930 000,1.0 m
2014,Zambia,1000000,970 000,1.1 m
2015,Zambia,1100000,1.0 m,1.1 m
2016,Zambia,1100000,1.1 m,1.2 m
2017,Zambia,1200000,1.1 m,1.3 m
2018,Zambia,1200000,1.2 m,1.3 m
2019,Zambia,1300000,1.2 m,1.4 m
2020,Zambia,1300000,1.2 m,1.4 m
2021,Zambia,1300000,1.2 m,1.4 m
2022,Zambia,1300000,1.2 m,1.4 m
2023,Zambia,1300000,1.2 m,1.4 m
2024,Zambia,1300000,1.3 m,1.5 m
1990,Zimbabwe,990 000,870 000,1.1 m
1991,Zimbabwe,1.2 m,1.1 m,1.3 m
1992,Zimbabwe,1.4 m,1.3 m,1.5 m
1993,Zimbabwe,1.5 m,1.4 m,1.7 m
1994,Zimbabwe,1.6 m,1.5 m,1.8 m
1995,Zimbabwe,1.7 m,1.6 m,1.8 m
1996,Zimbabwe,1.7 m,1.6 m,1.9 m
1997,Zimbabwe,1.7 m,1.6 m,1.9 m
1998,Zimbabwe,1.7 m,1.6 m,1.9 m
1999,Zimbabwe,1.7 m,1.6 m,1.8 m
2000,Zimbabwe,1.6 m,1.5 m,1.8 m
2001,Zimbabwe,1.6 m,1.5 m,1.7 m
2002,Zimbabwe,1.5 m,1.4 m,1.7 m
2003,Zimbabwe,1.4 m,1.3 m,1.6 m
2004,Zimbabwe,1.4 m,1.3 m,1.5 m
2005,Zimbabwe,1300000,1.2 m,1.5 m
2006,Zimbabwe,1300000,1.2 m,1.4 m
2007,Zimbabwe,1200000,1.1 m,1.4 m
2008,Zimbabwe,1200000,1.1 m,1.4 m
2009,Zimbabwe,1200000,1.1 m,1.3 m
2010,Zimbabwe,1200000,1.1 m,1.3 m
2011,Zimbabwe,1200000,1.1 m,1.4 m
2012,Zimbabwe,1200000,1.1 m,1.4 m
2013,Zimbabwe,1200000,1.2 m,1.4 m
2014,Zimbabwe,1200000,1.2 m,1.4 m
2015,Zimbabwe,1200000,1.2 m,1.4 m
2016,Zimbabwe,1300000,1.2 m,1.4 m
2017,Zimbabwe,1300000,1.2 m,1.4 m
2018,Zimbabwe,1300000,1.2 m,1.4 m
2019,Zimbabwe,1300000,1.2 m,1.4 m
2020,Zimbabwe,1200000,1.2 m,1.4 m
2021,Zimbabwe,1200000,1.2 m,1.4 m
2022,Zimbabwe,1200000,1.2 m,1.4 m
2023,Zimbabwe,1200000,1.2 m,1.4 m
2024,Zimbabwe,1200000,1.2 m,1.4 m
1990,Eastern Europe and central Asia,75 000,69 000,81 000
1991,Eastern Europe and central Asia,83 000,77 000,90 000
1992,Eastern Europe and central Asia,93 000,86 000,100 000
1993,Eastern Europe and central Asia,110 000,100 000,120 000
1994,Eastern Europe and central Asia,130 000,120 000,140 000
1995,Eastern Europe and central Asia,160 000,150 000,180 000
1996,Eastern Europe and central Asia,200 000,190 000,220 000
1997,Eastern Europe and central Asia,250 000,230 000,270 000
1998,Eastern Europe and central Asia,290 000,270 000,310 000
1999,Eastern Europe and central Asia,340 000,310 000,360 000
2000,Eastern Europe and central Asia,380 000,350 000,410 000
2001,Eastern Europe and central Asia,420 000,390 000,450 000
2002,Eastern Europe and central Asia,450 000,420 000,490 000
2003,Eastern Europe and central Asia,490 000,450 000,530 000
2004,Eastern Europe and central Asia,530 000,490 000,570 000
2005,Eastern Europe and central Asia,570 000,520 000,610 000
2006,Eastern Europe and central Asia,610 000,570 000,660 000
2007,Eastern Europe and central Asia,670 000,620 000,720 000
2008,Eastern Europe and central Asia,740 000,680 000,800 000
2009,Eastern Europe and central Asia,810 000,750 000,880 000
2010,Eastern Europe and central Asia,900 000,830 000,970 000
2011,Eastern Europe and central Asia,980 000,910 000,1.1 m
2012,Eastern Europe and central Asia,1.1 m,990 000,1.2 m
2013,Eastern Europe and central Asia,1.2 m,1.1 m,1.3 m
2014,Eastern Europe and central Asia,1.3 m,1.2 m,1.4 m
2015,Eastern Europe and central Asia,1.4 m,1.3 m,1.5 m
2016,Eastern Europe and central Asia,1.5 m,1.3 m,1.6 m
2017,Eastern Europe and central Asia,1.6 m,1.4 m,1.7 m
2018,Eastern Europe and central Asia,1.6 m,1.5 m,1.8 m
2019,Eastern Europe and central Asia,1.7 m,1.6 m,1.9 m
2020,Eastern Europe and central Asia,1.8 m,1.7 m,2.0 m
2021,Eastern Europe and central Asia,1.9 m,1.8 m,2.1 m
2022,Eastern Europe and central Asia,2.0 m,1.8 m,2.1 m
2023,Eastern Europe and central Asia,2.0 m,1.9 m,2.2 m
2024,Eastern Europe and central Asia,2.1 m,1.9 m,2.3 m
1990,Albania,<100,<100,<100
1991,Albania,<100,<100,<100
1992,Albania,<100,<100,<100
1993,Albania,<100,<100,<100
1994,Albania,<100,<100,<100
1995,Albania,<100,<100,<100
1996,Albania,<100,<100,<100
1997,Albania,<100,<100,<200
1998,Albania,<100,<100,<200
1999,Albania,<100,<100,<200
2000,Albania,<200,<100,<200
2001,Albania,<200,<200,<200
2002,Albania,<200,<200,<500
2003,Albania,<500,<200,<500
2004,Albania,<500,<500,<500
2005,Albania,<500,<500,<500
2006,Albania,<500,<500,<500
2007,Albania,<500,<500,<500
2008,Albania,<500,<500,550
2009,Albania,560,<500,630
2010,Albania,630,550,710
2011,Albania,710,610,790
2012,Albania,780,670,870
2013,Albania,850,730,960
2014,Albania,940,800,1000
2015,Albania,1000,860,1100
2016,Albania,1100,930,1200
2017,Albania,1100,980,1300
2018,Albania,1200,1000,1300
2019,Albania,1300,1100,1400
2020,Albania,1300,1100,1500
2021,Albania,1400,1200,1500
2022,Albania,1400,1200,1600
2023,Albania,1500,1300,1700
2024,Albania,1500,1300,1800
1990,Armenia,<100,<100,<100
1991,Armenia,<100,<100,<100
1992,Armenia,<100,<100,<100
1993,Armenia,<100,<100,<100
1994,Armenia,<100,<100,<100
1995,Armenia,<100,<100,<100
1996,Armenia,<100,<100,<100
1997,Armenia,<100,<100,<100
1998,Armenia,<100,<100,<200
1999,Armenia,<100,<100,<200
2000,Armenia,<200,<100,<500
2001,Armenia,<200,<100,<500
2002,Armenia,<500,<200,<500
2003,Armenia,<500,<200,510
2004,Armenia,<500,<500,660
2005,Armenia,580,<500,860
2006,Armenia,760,520,1100
2007,Armenia,960,680,1400
2008,Armenia,1200,860,1600
2009,Armenia,1500,1100,2000
2010,Armenia,1700,1300,2300
2011,Armenia,2000,1600,2600
2012,Armenia,2400,1900,3000
2013,Armenia,2700,2200,3300
2014,Armenia,3100,2600,3700
2015,Armenia,3500,2900,4100
2016,Armenia,3800,3300,4500
2017,Armenia,4200,3600,4900
2018,Armenia,4600,3900,5500
2019,Armenia,5000,4300,6100
2020,Armenia,5400,4500,6500
2021,Armenia,5800,4800,7100
2022,Armenia,6300,5100,8000
2023,Armenia,6900,5500,9100
2024,Armenia,7300,5700,10 000
1990,Azerbaijan,<500,<100,<500
1991,Azerbaijan,<500,<200,530
1992,Azerbaijan,<500,<200,640
1993,Azerbaijan,<500,<500,800
1994,Azerbaijan,680,<500,1100
1995,Azerbaijan,960,560,1500
1996,Azerbaijan,1300,780,2000
1997,Azerbaijan,1900,1100,2800
1998,Azerbaijan,2500,1600,3600
1999,Azerbaijan,3200,2000,4400
2000,Azerbaijan,3900,2500,5400
2001,Azerbaijan,4500,3100,6100
2002,Azerbaijan,5100,3700,6900
2003,Azerbaijan,5600,4200,7500
2004,Azerbaijan,6100,4700,8000
2005,Azerbaijan,6400,5000,8400
2006,Azerbaijan,6700,5300,8500
2007,Azerbaijan,7000,5600,8700
2008,Azerbaijan,7200,5800,9000
2009,Azerbaijan,7400,6000,9200
2010,Azerbaijan,7600,6100,9300
2011,Azerbaijan,7800,6300,9400
2012,Azerbaijan,7900,6500,9600
2013,Azerbaijan,8100,6700,9800
2014,Azerbaijan,8200,6800,9900
2015,Azerbaijan,8400,7000,9900
2016,Azerbaijan,8500,7200,10 000
2017,Azerbaijan,8600,7400,10 000
2018,Azerbaijan,8800,7600,10 000
2019,Azerbaijan,9100,7800,11 000
2020,Azerbaijan,9200,8000,11 000
2021,Azerbaijan,9400,8000,11 000
2022,Azerbaijan,9600,8100,11 000
2023,Azerbaijan,9700,8200,11 000
2024,Azerbaijan,9800,8300,11 000
1990,Belarus,...,...,...
1991,Belarus,...,...,...
1992,Belarus,...,...,...
1993,Belarus,...,...,...
1994,Belarus,...,...,...
1995,Belarus,...,...,...
1996,Belarus,...,...,...
1997,Belarus,...,...,...
1998,Belarus,...,...,...
1999,Belarus,...,...,...
2000,Belarus,...,...,...
2001,Belarus,...,...,...
2002,Belarus,...,...,...
2003,Belarus,...,...,...
2004,Belarus,...,...,...
2005,Belarus,...,...,...
2006,Belarus,...,...,...
2007,Belarus,...,...,...
2008,Belarus,...,...,...
2009,Belarus,...,...,...
2010,Belarus,...,...,...
2011,Belarus,...,...,...
2012,Belarus,...,...,...
2013,Belarus,...,...,...
2014,Belarus,...,...,...
2015,Belarus,...,...,...
2016,Belarus,...,...,...
2017,Belarus,...,...,...
2018,Belarus,...,...,...
2019,Belarus,...,...,...
2020,Belarus,...,...,...
2021,Belarus,...,...,...
2022,Belarus,...,...,...
2023,Belarus,...,...,...
2024,Belarus,...,...,...
1990,Bosnia and Herzegovina,...,...,...
1991,Bosnia and Herzegovina,...,...,...
1992,Bosnia and Herzegovina,...,...,...
1993,Bosnia and Herzegovina,...,...,...
1994,Bosnia and Herzegovina,...,...,...
1995,Bosnia and Herzegovina,...,...,...
1996,Bosnia and Herzegovina,...,...,...
1997,Bosnia and Herzegovina,...,...,...
1998,Bosnia and Herzegovina,...,...,...
1999,Bosnia and Herzegovina,...,...,...
2000,Bosnia and Herzegovina,...,...,...
2001,Bosnia and Herzegovina,...,...,...
2002,Bosnia and Herzegovina,...,...,...
2003,Bosnia and Herzegovina,...,...,...
2004,Bosnia and Herzegovina,...,...,...
2005,Bosnia and Herzegovina,...,...,...
2006,Bosnia and Herzegovina,...,...,...
2007,Bosnia and Herzegovina,...,...,...
2008,Bosnia and Herzegovina,...,...,...
2009,Bosnia and Herzegovina,...,...,...
2010,Bosnia and Herzegovina,...,...,...
2011,Bosnia and Herzegovina,...,...,...
2012,Bosnia and Herzegovina,...,...,...
2013,Bosnia and Herzegovina,...,...,...
2014,Bosnia and Herzegovina,...,...,...
2015,Bosnia and Herzegovina,...,...,...
2016,Bosnia and Herzegovina,...,...,...
2017,Bosnia and Herzegovina,...,...,...
2018,Bosnia and Herzegovina,...,...,...
2019,Bosnia and Herzegovina,...,...,...
2020,Bosnia and Herzegovina,...,...,...
2021,Bosnia and Herzegovina,...,...,...
2022,Bosnia and Herzegovina,...,...,...
2023,Bosnia and Herzegovina,...,...,...
2024,Bosnia and Herzegovina,...,...,...
1990,Georgia,<100,<100,<100
1991,Georgia,<100,<100,<100
1992,Georgia,<100,<100,<100
1993,Georgia,<100,<100,<100
1994,Georgia,<100,<100,<100
1995,Georgia,<100,<100,<100
1996,Georgia,<100,<100,<100
1997,Georgia,<100,<100,<100
1998,Georgia,<100,<100,<100
1999,Georgia,<100,<100,<200
2000,Georgia,<200,<200,<200
2001,Georgia,<500,<200,<500
2002,Georgia,<500,<500,<500
2003,Georgia,<500,<500,560
2004,Georgia,650,550,760
2005,Georgia,870,750,990
2006,Georgia,1100,990,1300
2007,Georgia,1400,1300,1600
2008,Georgia,1800,1600,1900
2009,Georgia,2200,1900,2300
2010,Georgia,2600,2300,2800
2011,Georgia,3000,2700,3200
2012,Georgia,3500,3200,3700
2013,Georgia,3900,3600,4200
2014,Georgia,4500,4100,4800
2015,Georgia,5000,4600,5300
2016,Georgia,5500,5100,5900
2017,Georgia,6000,5600,6400
2018,Georgia,6600,6200,6900
2019,Georgia,7100,6700,7500
2020,Georgia,7600,7200,8000
2021,Georgia,8100,7600,8500
2022,Georgia,8600,8100,9100
2023,Georgia,9100,8600,9500
2024,Georgia,9500,9000,10000
1990,Kazakhstan,<100,<100,<100
1991,Kazakhstan,<100,<100,<100
1992,Kazakhstan,<200,<100,<200
1993,Kazakhstan,<200,<200,<500
1994,Kazakhstan,<500,<500,<500
1995,Kazakhstan,<500,<500,500
1996,Kazakhstan,630,540,740
1997,Kazakhstan,910,800,1100
1998,Kazakhstan,1300,1100,1500
1999,Kazakhstan,1700,1600,2000
2000,Kazakhstan,2400,2200,2700
2001,Kazakhstan,3200,3000,3600
2002,Kazakhstan,4100,3800,4500
2003,Kazakhstan,5100,4700,5600
2004,Kazakhstan,6300,5800,6800
2005,Kazakhstan,7500,7000,8200
2006,Kazakhstan,8800,8300,9500
2007,Kazakhstan,10 000,9600,11 000
2008,Kazakhstan,12 000,11 000,13 000
2009,Kazakhstan,13 000,13 000,14 000
2010,Kazakhstan,15 000,14 000,16 000
2011,Kazakhstan,17 000,16 000,18 000
2012,Kazakhstan,19 000,18 000,20 000
2013,Kazakhstan,21 000,20 000,22 000
2014,Kazakhstan,23 000,22 000,25 000
2015,Kazakhstan,25 000,24 000,27 000
2016,Kazakhstan,27 000,26 000,29 000
2017,Kazakhstan,29 000,28 000,31 000
2018,Kazakhstan,31 000,30 000,34 000
2019,Kazakhstan,33 000,31 000,36 000
2020,Kazakhstan,35 000,33 000,38 000
2021,Kazakhstan,37 000,35 000,40 000
2022,Kazakhstan,39 000,36 000,42 000
2023,Kazakhstan,41 000,37 000,44 000
2024,Kazakhstan,42 000,39 000,46 000
1990,Kyrgyzstan,<100,<100,<100
1991,Kyrgyzstan,<100,<100,<100
1992,Kyrgyzstan,<100,<100,<100
1993,Kyrgyzstan,<100,<100,<100
1994,Kyrgyzstan,<100,<100,<100
1995,Kyrgyzstan,<100,<100,<100
1996,Kyrgyzstan,<100,<100,<100
1997,Kyrgyzstan,<100,<100,<100
1998,Kyrgyzstan,<100,<100,<100
1999,Kyrgyzstan,<100,<100,<100
2000,Kyrgyzstan,<200,<100,<500
2001,Kyrgyzstan,760,<500,2100
2002,Kyrgyzstan,950,540,1900
2003,Kyrgyzstan,1000,620,1600
2004,Kyrgyzstan,1100,770,1600
2005,Kyrgyzstan,1400,990,1900
2006,Kyrgyzstan,1800,1300,2300
2007,Kyrgyzstan,2200,1800,2900
2008,Kyrgyzstan,2800,2300,3500
2009,Kyrgyzstan,3300,2800,4100
2010,Kyrgyzstan,3900,3400,4700
2011,Kyrgyzstan,4500,4100,5300
2012,Kyrgyzstan,5200,4700,5900
2013,Kyrgyzstan,5800,5300,6500
2014,Kyrgyzstan,6400,5900,7200
2015,Kyrgyzstan,7000,6500,7800
2016,Kyrgyzstan,7700,7100,8400
2017,Kyrgyzstan,8300,7700,9100
2018,Kyrgyzstan,9000,8300,9800
2019,Kyrgyzstan,9600,8900,10 000
2020,Kyrgyzstan,10 000,9500,11 000
2021,Kyrgyzstan,11 000,10 000,12 000
2022,Kyrgyzstan,12 000,11 000,12 000
2023,Kyrgyzstan,12 000,11 000,13 000
2024,Kyrgyzstan,13 000,12 000,14 000
1990,Montenegro,<100,<100,<100
1991,Montenegro,<100,<100,<100
1992,Montenegro,<100,<100,<100
1993,Montenegro,<100,<100,<100
1994,Montenegro,<100,<100,<100
1995,Montenegro,<100,<100,<100
1996,Montenegro,<100,<100,<100
1997,Montenegro,<100,<100,<100
1998,Montenegro,<100,<100,<100
1999,Montenegro,<100,<100,<100
2000,Montenegro,<100,<100,<100
2001,Montenegro,<100,<100,<100
2002,Montenegro,<100,<100,<100
2003,Montenegro,<100,<100,<100
2004,Montenegro,<100,<100,<100
2005,Montenegro,<100,<100,<200
2006,Montenegro,<100,<100,<200
2007,Montenegro,<200,<100,<200
2008,Montenegro,<200,<200,<200
2009,Montenegro,<200,<200,<200
2010,Montenegro,<200,<200,<200
2011,Montenegro,<200,<200,<500
2012,Montenegro,<500,<200,<500
2013,Montenegro,<500,<200,<500
2014,Montenegro,<500,<500,<500
2015,Montenegro,<500,<500,<500
2016,Montenegro,<500,<500,<500
2017,Montenegro,<500,<500,<500
2018,Montenegro,<500,<500,<500
2019,Montenegro,<500,<500,<500
2020,Montenegro,<500,<500,<500
2021,Montenegro,<500,<500,<500
2022,Montenegro,<500,<500,530
2023,Montenegro,<500,<500,580
2024,Montenegro,<500,<500,620
1990,North Macedonia,<100,<100,<100
1991,North Macedonia,<100,<100,<100
1992,North Macedonia,<100,<100,<100
1993,North Macedonia,<100,<100,<100
1994,North Macedonia,<100,<100,<100
1995,North Macedonia,<100,<100,<100
1996,North Macedonia,<100,<100,<100
1997,North Macedonia,<100,<100,<200
1998,North Macedonia,<100,<100,<200
1999,North Macedonia,<100,<100,<200
2000,North Macedonia,<100,<100,<200
2001,North Macedonia,<100,<100,<200
2002,North Macedonia,<100,<100,<100
2003,North Macedonia,<100,<100,<100
2004,North Macedonia,<100,<100,<100
2005,North Macedonia,<100,<100,<100
2006,North Macedonia,<100,<100,<200
2007,North Macedonia,<100,<100,<200
2008,North Macedonia,<200,<100,<200
2009,North Macedonia,<200,<200,<200
2010,North Macedonia,<200,<200,<500
2011,North Macedonia,<200,<200,<500
2012,North Macedonia,<500,<200,<500
2013,North Macedonia,<500,<500,<500
2014,North Macedonia,<500,<500,<500
2015,North Macedonia,<500,<500,<500
2016,North Macedonia,<500,<500,<500
2017,North Macedonia,<500,<500,510
2018,North Macedonia,<500,<500,570
2019,North Macedonia,530,<500,620
2020,North Macedonia,570,<500,670
2021,North Macedonia,610,520,740
2022,North Macedonia,660,550,800
2023,North Macedonia,700,570,850
2024,North Macedonia,740,590,900
1990,Republic of Moldova,<500,<500,<500
1991,Republic of Moldova,530,<500,630
1992,Republic of Moldova,820,690,970
1993,Republic of Moldova,1300,1100,1500
1994,Republic of Moldova,1900,1600,2300
1995,Republic of Moldova,2900,2400,3400
1996,Republic of Moldova,4100,3400,4800
1997,Republic of Moldova,5500,4600,6500
1998,Republic of Moldova,7100,6000,8400
1999,Republic of Moldova,8800,7500,10 000
2000,Republic of Moldova,11 000,8900,12 000
2001,Republic of Moldova,12 000,10 000,14 000
2002,Republic of Moldova,13 000,11 000,16 000
2003,Republic of Moldova,15 000,12 000,17 000
2004,Republic of Moldova,16 000,13 000,18 000
2005,Republic of Moldova,16 000,14 000,19 000
2006,Republic of Moldova,17 000,14 000,20 000
2007,Republic of Moldova,18 000,15 000,21 000
2008,Republic of Moldova,18 000,15 000,21 000
2009,Republic of Moldova,18 000,15 000,21 000
2010,Republic of Moldova,18 000,15 000,22 000
2011,Republic of Moldova,18 000,15 000,22 000
2012,Republic of Moldova,18 000,15 000,21 000
2013,Republic of Moldova,18 000,15 000,21 000
2014,Republic of Moldova,18 000,15 000,21 000
2015,Republic of Moldova,18 000,15 000,21 000
2016,Republic of Moldova,18 000,15 000,21 000
2017,Republic of Moldova,18 000,15 000,21 000
2018,Republic of Moldova,18 000,15 000,21 000
2019,Republic of Moldova,17 000,15 000,21 000
2020,Republic of Moldova,17 000,15 000,20 000
2021,Republic of Moldova,17 000,14 000,20 000
2022,Republic of Moldova,17 000,14 000,20 000
2023,Republic of Moldova,17 000,14 000,20 000
2024,Republic of Moldova,17 000,14 000,20 000
1990,Russian Federation,...,...,...
1991,Russian Federation,...,...,...
1992,Russian Federation,...,...,...
1993,Russian Federation,...,...,...
1994,Russian Federation,...,...,...
1995,Russian Federation,...,...,...
1996,Russian Federation,...,...,...
1997,Russian Federation,...,...,...
1998,Russian Federation,...,...,...
1999,Russian Federation,...,...,...
2000,Russian Federation,...,...,...
2001,Russian Federation,...,...,...
2002,Russian Federation,...,...,...
2003,Russian Federation,...,...,...
2004,Russian Federation,...,...,...
2005,Russian Federation,...,...,...
2006,Russian Federation,...,...,...
2007,Russian Federation,...,...,...
2008,Russian Federation,...,...,...
2009,Russian Federation,...,...,...
2010,Russian Federation,...,...,...
2011,Russian Federation,...,...,...
2012,Russian Federation,...,...,...
2013,Russian Federation,...,...,...
2014,Russian Federation,...,...,...
2015,Russian Federation,...,...,...
2016,Russian Federation,...,...,...
2017,Russian Federation,...,...,...
2018,Russian Federation,...,...,...
2019,Russian Federation,...,...,...
2020,Russian Federation,...,...,...
2021,Russian Federation,...,...,...
2022,Russian Federation,...,...,...
2023,Russian Federation,...,...,...
2024,Russian Federation,...,...,...
1990,Tajikistan,<100,<100,<100
1991,Tajikistan,<100,<100,<100
1992,Tajikistan,<100,<100,<100
1993,Tajikistan,<100,<100,<100
1994,Tajikistan,<500,<100,<500
1995,Tajikistan,560,<100,580
1996,Tajikistan,780,<100,800
1997,Tajikistan,1100,<500,1100
1998,Tajikistan,1400,860,1400
1999,Tajikistan,1800,1600,1800
2000,Tajikistan,2400,2300,2400
2001,Tajikistan,3000,2900,3000
2002,Tajikistan,3600,3500,3600
2003,Tajikistan,4300,4200,4300
2004,Tajikistan,4900,4800,4900
2005,Tajikistan,5500,5400,5500
2006,Tajikistan,6100,6000,6100
2007,Tajikistan,6700,6500,6700
2008,Tajikistan,7200,7000,7200
2009,Tajikistan,7800,7600,7800
2010,Tajikistan,8300,8100,8300
2011,Tajikistan,8800,8600,8800
2012,Tajikistan,9200,8900,9200
2013,Tajikistan,9700,9400,9700
2014,Tajikistan,10 000,9800,10 000
2015,Tajikistan,11 000,10 000,11 000
2016,Tajikistan,11 000,11 000,11 000
2017,Tajikistan,11 000,11 000,12 000
2018,Tajikistan,12 000,11 000,12 000
2019,Tajikistan,12 000,12 000,12 000
2020,Tajikistan,13 000,12 000,13 000
2021,Tajikistan,13 000,12 000,13 000
2022,Tajikistan,13 000,13 000,13 000
2023,Tajikistan,13 000,13 000,13 000
2024,Tajikistan,13 000,13 000,13 000
1990,Turkmenistan,...,...,...
1991,Turkmenistan,...,...,...
1992,Turkmenistan,...,...,...
1993,Turkmenistan,...,...,...
1994,Turkmenistan,...,...,...
1995,Turkmenistan,...,...,...
1996,Turkmenistan,...,...,...
1997,Turkmenistan,...,...,...
1998,Turkmenistan,...,...,...
1999,Turkmenistan,...,...,...
2000,Turkmenistan,...,...,...
2001,Turkmenistan,...,...,...
2002,Turkmenistan,...,...,...
2003,Turkmenistan,...,...,...
2004,Turkmenistan,...,...,...
2005,Turkmenistan,...,...,...
2006,Turkmenistan,...,...,...
2007,Turkmenistan,...,...,...
2008,Turkmenistan,...,...,...
2009,Turkmenistan,...,...,...
2010,Turkmenistan,...,...,...
2011,Turkmenistan,...,...,...
2012,Turkmenistan,...,...,...
2013,Turkmenistan,...,...,...
2014,Turkmenistan,...,...,...
2015,Turkmenistan,...,...,...
2016,Turkmenistan,...,...,...
2017,Turkmenistan,...,...,...
2018,Turkmenistan,...,...,...
2019,Turkmenistan,...,...,...
2020,Turkmenistan,...,...,...
2021,Turkmenistan,...,...,...
2022,Turkmenistan,...,...,...
2023,Turkmenistan,...,...,...
2024,Turkmenistan,...,...,...
1990,Ukraine,...,...,...
1991,Ukraine,...,...,...
1992,Ukraine,...,...,...
1993,Ukraine,...,...,...
1994,Ukraine,...,...,...
1995,Ukraine,...,...,...
1996,Ukraine,...,...,...
1997,Ukraine,...,...,...
1998,Ukraine,...,...,...
1999,Ukraine,...,...,...
2000,Ukraine,...,...,...
2001,Ukraine,...,...,...
2002,Ukraine,...,...,...
2003,Ukraine,...,...,...
2004,Ukraine,...,...,...
2005,Ukraine,...,...,...
2006,Ukraine,...,...,...
2007,Ukraine,...,...,...
2008,Ukraine,...,...,...
2009,Ukraine,...,...,...
2010,Ukraine,...,...,...
2011,Ukraine,...,...,...
2012,Ukraine,...,...,...
2013,Ukraine,...,...,...
2014,Ukraine,...,...,...
2015,Ukraine,...,...,...
2016,Ukraine,...,...,...
2017,Ukraine,...,...,...
2018,Ukraine,...,...,...
2019,Ukraine,...,...,...
2020,Ukraine,...,...,...
2021,Ukraine,...,...,...
2022,Ukraine,...,...,...
2023,Ukraine,...,...,...
2024,Ukraine,...,...,...
1990,Uzbekistan,...,...,...
1991,Uzbekistan,...,...,...
1992,Uzbekistan,...,...,...
1993,Uzbekistan,...,...,...
1994,Uzbekistan,...,...,...
1995,Uzbekistan,...,...,...
1996,Uzbekistan,...,...,...
1997,Uzbekistan,...,...,...
1998,Uzbekistan,...,...,...
1999,Uzbekistan,...,...,...
2000,Uzbekistan,...,...,...
2001,Uzbekistan,...,...,...
2002,Uzbekistan,...,...,...
2003,Uzbekistan,...,...,...
2004,Uzbekistan,...,...,...
2005,Uzbekistan,...,...,...
2006,Uzbekistan,...,...,...
2007,Uzbekistan,...,...,...
2008,Uzbekistan,...,...,...
2009,Uzbekistan,...,...,...
2010,Uzbekistan,...,...,...
2011,Uzbekistan,...,...,...
2012,Uzbekistan,...,...,...
2013,Uzbekistan,...,...,...
2014,Uzbekistan,...,...,...
2015,Uzbekistan,...,...,...
2016,Uzbekistan,...,...,...
2017,Uzbekistan,...,...,...
2018,Uzbekistan,...,...,...
2019,Uzbekistan,...,...,...
2020,Uzbekistan,...,...,...
2021,Uzbekistan,...,...,...
2022,Uzbekistan,...,...,...
2023,Uzbekistan,...,...,...
2024,Uzbekistan,...,...,...
1990,Latin America,260 000,230 000,290 000
1991,Latin America,320 000,280 000,350 000
1992,Latin America,380 000,330 000,420 000
1993,Latin America,440 000,390 000,490 000
1994,Latin America,500 000,440 000,560 000
1995,Latin America,560 000,490 000,620 000
1996,Latin America,620 000,540 000,690 000
1997,Latin America,670 000,590 000,750 000
1998,Latin America,720 000,630 000,800 000
1999,Latin America,770 000,680 000,860 000
2000,Latin America,810 000,720 000,910 000
2001,Latin America,850 000,750 000,950 000
2002,Latin America,900 000,790 000,1.0 m
2003,Latin America,940 000,830 000,1.1 m
2004,Latin America,990 000,870 000,1.1 m
2005,Latin America,1.0 m,910 000,1.2 m
2006,Latin America,1.1 m,950 000,1.2 m
2007,Latin America,1.1 m,990 000,1.3 m
2008,Latin America,1.2 m,1.0 m,1.3 m
2009,Latin America,1.2 m,1.1 m,1.4 m
2010,Latin America,1.3 m,1.1 m,1.4 m
2011,Latin America,1.4 m,1.2 m,1.5 m
2012,Latin America,1.4 m,1.3 m,1.6 m
2013,Latin America,1.5 m,1.3 m,1.7 m
2014,Latin America,1.6 m,1.4 m,1.8 m
2015,Latin America,1.7 m,1.5 m,1.9 m
2016,Latin America,1.8 m,1.5 m,2.0 m
2017,Latin America,1.8 m,1.6 m,2.1 m
2018,Latin America,1.9 m,1.7 m,2.2 m
2019,Latin America,2.0 m,1.8 m,2.3 m
2020,Latin America,2.1 m,1.9 m,2.4 m
2021,Latin America,2.2 m,1.9 m,2.5 m
2022,Latin America,2.3 m,2.0 m,2.6 m
2023,Latin America,2.4 m,2.1 m,2.7 m
2024,Latin America,2.5 m,2.2 m,2.8 m
1990,Argentina,17 000,15 000,19 000
1991,Argentina,22 000,20 000,24 000
1992,Argentina,26 000,23 000,29 000
1993,Argentina,31 000,27 000,33 000
1994,Argentina,35 000,31 000,37 000
1995,Argentina,38 000,34 000,41 000
1996,Argentina,42 000,37 000,45 000
1997,Argentina,45 000,40 000,48 000
1998,Argentina,48 000,42 000,51 000
1999,Argentina,51 000,46 000,55 000
2000,Argentina,55 000,49 000,59 000
2001,Argentina,59 000,52 000,62 000
2002,Argentina,62 000,56 000,66 000
2003,Argentina,66 000,60 000,70 000
2004,Argentina,70 000,63 000,74 000
2005,Argentina,74 000,67 000,78 000
2006,Argentina,77 000,70 000,82 000
2007,Argentina,81 000,73 000,86 000
2008,Argentina,85 000,77 000,90 000
2009,Argentina,88 000,80 000,94 000
2010,Argentina,92 000,84 000,98 000
2011,Argentina,96 000,87 000,100 000
2012,Argentina,99 000,90 000,110 000
2013,Argentina,100 000,93 000,110 000
2014,Argentina,110 000,96 000,110 000
2015,Argentina,110 000,99 000,120 000
2016,Argentina,110 000,100 000,120 000
2017,Argentina,120 000,110 000,130 000
2018,Argentina,120 000,110 000,130 000
2019,Argentina,120 000,110 000,130 000
2020,Argentina,130 000,110 000,140 000
2021,Argentina,130 000,120 000,140 000
2022,Argentina,130 000,120 000,140 000
2023,Argentina,140 000,120 000,150 000
2024,Argentina,140 000,130 000,150 000
1990,Bolivia,1900,710,6800
1991,Bolivia,3100,1000,8700
1992,Bolivia,4900,1400,9800
1993,Bolivia,7100,1900,11 000
1994,Bolivia,8900,2800,12 000
1995,Bolivia,10 000,3800,14 000
1996,Bolivia,11 000,5400,15 000
1997,Bolivia,12 000,7200,16 000
1998,Bolivia,13 000,9300,16 000
1999,Bolivia,14 000,11 000,17 000
2000,Bolivia,15 000,11 000,19 000
2001,Bolivia,15 000,12 000,19 000
2002,Bolivia,16 000,13 000,20 000
2003,Bolivia,16 000,13 000,20 000
2004,Bolivia,17 000,14 000,21 000
2005,Bolivia,17 000,14 000,21 000
2006,Bolivia,18 000,15 000,22 000
2007,Bolivia,18 000,15 000,23 000
2008,Bolivia,19 000,15 000,23 000
2009,Bolivia,19 000,16 000,24 000
2010,Bolivia,20 000,17 000,24 000
2011,Bolivia,20 000,17 000,25 000
2012,Bolivia,21 000,17 000,25 000
2013,Bolivia,22 000,18 000,26 000
2014,Bolivia,22 000,19 000,27 000
2015,Bolivia,23 000,19 000,27 000
2016,Bolivia,24 000,20 000,28 000
2017,Bolivia,24 000,21 000,29 000
2018,Bolivia,25 000,22 000,31 000
2019,Bolivia,26 000,22 000,32 000
2020,Bolivia,27 000,23 000,33 000
2021,Bolivia,28 000,24 000,34 000
2022,Bolivia,30 000,25 000,35 000
2023,Bolivia,31 000,26 000,37 000
2024,Bolivia,32 000,27 000,38 000
1990,Brazil,...,...,...
1991,Brazil,...,...,...
1992,Brazil,...,...,...
1993,Brazil,...,...,...
1994,Brazil,...,...,...
1995,Brazil,...,...,...
1996,Brazil,...,...,...
1997,Brazil,...,...,...
1998,Brazil,...,...,...
1999,Brazil,...,...,...
2000,Brazil,...,...,...
2001,Brazil,...,...,...
2002,Brazil,...,...,...
2003,Brazil,...,...,...
2004,Brazil,...,...,...
2005,Brazil,...,...,...
2006,Brazil,...,...,...
2007,Brazil,...,...,...
2008,Brazil,...,...,...
2009,Brazil,...,...,...
2010,Brazil,...,...,...
2011,Brazil,...,...,...
2012,Brazil,...,...,...
2013,Brazil,...,...,...
2014,Brazil,...,...,...
2015,Brazil,...,...,...
2016,Brazil,...,...,...
2017,Brazil,...,...,...
2018,Brazil,...,...,...
2019,Brazil,...,...,...
2020,Brazil,...,...,...
2021,Brazil,...,...,...
2022,Brazil,...,...,...
2023,Brazil,...,...,...
2024,Brazil,...,...,...
1990,Chile,3400,2800,4000
1991,Chile,4600,3900,5300
1992,Chile,5900,5100,6700
1993,Chile,7200,6300,8200
1994,Chile,8600,7600,9700
1995,Chile,10000,8800,11 000
1996,Chile,11 000,9900,12 000
1997,Chile,13 000,11 000,14 000
1998,Chile,14 000,12 000,15 000
1999,Chile,15 000,13 000,16 000
2000,Chile,16 000,14 000,18 000
2001,Chile,18 000,16 000,19 000
2002,Chile,19 000,17 000,20 000
2003,Chile,21 000,18 000,22 000
2004,Chile,22 000,20 000,24 000
2005,Chile,24 000,22 000,26 000
2006,Chile,26 000,23 000,28 000
2007,Chile,29 000,25 000,31 000
2008,Chile,31 000,27 000,33 000
2009,Chile,33 000,29 000,36 000
2010,Chile,36 000,32 000,38 000
2011,Chile,38 000,34 000,41 000
2012,Chile,41 000,36 000,44 000
2013,Chile,43 000,38 000,47 000
2014,Chile,46 000,41 000,50 000
2015,Chile,49 000,43 000,53 000
2016,Chile,53 000,46 000,57 000
2017,Chile,56 000,49 000,61 000
2018,Chile,61 000,53 000,66 000
2019,Chile,66 000,58 000,72 000
2020,Chile,71 000,62 000,77 000
2021,Chile,76 000,66 000,82 000
2022,Chile,81 000,71 000,88 000
2023,Chile,85 000,74 000,93 000
2024,Chile,90 000,79 000,98 000
1990,Colombia,16 000,11 000,23 000
1991,Colombia,22 000,16 000,32 000
1992,Colombia,30 000,21 000,43 000
1993,Colombia,38 000,27 000,54 000
1994,Colombia,48 000,35 000,68 000
1995,Colombia,58 000,43 000,79 000
1996,Colombia,68 000,51 000,93 000
1997,Colombia,77 000,58 000,100 000
1998,Colombia,86 000,66 000,110 000
1999,Colombia,94 000,71 000,120 000
2000,Colombia,100 000,76 000,130 000
2001,Colombia,110 000,81 000,140 000
2002,Colombia,110 000,85 000,140 000
2003,Colombia,110 000,89 000,150 000
2004,Colombia,120 000,93 000,150 000
2005,Colombia,120 000,98 000,160 000
2006,Colombia,130 000,100 000,160 000
2007,Colombia,130 000,110 000,160 000
2008,Colombia,130 000,110 000,160 000
2009,Colombia,140 000,110 000,170 000
2010,Colombia,140 000,110 000,170 000
2011,Colombia,140 000,120 000,170 000
2012,Colombia,150 000,120 000,170 000
2013,Colombia,150 000,120 000,180 000
2014,Colombia,150 000,130 000,190 000
2015,Colombia,160 000,130 000,200 000
2016,Colombia,170 000,140 000,200 000
2017,Colombia,170 000,140 000,210 000
2018,Colombia,180 000,150 000,230 000
2019,Colombia,190 000,150 000,240 000
2020,Colombia,200 000,160 000,250 000
2021,Colombia,210 000,170 000,270 000
2022,Colombia,220 000,170 000,280 000
2023,Colombia,230 000,180 000,300 000
2024,Colombia,230 000,180 000,310 000
1990,Costa Rica,1300,1100,1500
1991,Costa Rica,1600,1300,1800
1992,Costa Rica,1800,1400,2000
1993,Costa Rica,2000,1600,2200
1994,Costa Rica,2100,1800,2400
1995,Costa Rica,2300,2000,2500
1996,Costa Rica,2400,2100,2700
1997,Costa Rica,2600,2300,2900
1998,Costa Rica,2800,2500,3100
1999,Costa Rica,3000,2700,3300
2000,Costa Rica,3300,3000,3700
2001,Costa Rica,3700,3400,4100
2002,Costa Rica,4200,3800,4600
2003,Costa Rica,4700,4200,5100
2004,Costa Rica,5300,4700,5700
2005,Costa Rica,5900,5200,6300
2006,Costa Rica,6500,5800,7000
2007,Costa Rica,7200,6400,7700
2008,Costa Rica,7900,7000,8500
2009,Costa Rica,8600,7700,9200
2010,Costa Rica,9300,8400,10 000
2011,Costa Rica,10 000,9100,11 000
2012,Costa Rica,11 000,9900,12 000
2013,Costa Rica,12 000,11 000,13 000
2014,Costa Rica,13 000,11 000,14 000
2015,Costa Rica,13 000,12 000,15 000
2016,Costa Rica,14 000,13 000,16 000
2017,Costa Rica,15 000,13 000,17 000
2018,Costa Rica,16 000,14 000,18 000
2019,Costa Rica,17 000,15 000,19 000
2020,Costa Rica,18 000,15 000,19 000
2021,Costa Rica,19 000,16 000,20 000
2022,Costa Rica,19 000,17 000,22 000
2023,Costa Rica,20 000,18 000,23 000
2024,Costa Rica,21 000,18 000,24 000
1990,Ecuador,4100,2200,7400
1991,Ecuador,5300,3000,10 000
1992,Ecuador,6900,4000,12 000
1993,Ecuador,8800,5200,14 000
1994,Ecuador,11 000,6500,17 000
1995,Ecuador,13 000,8500,19 000
1996,Ecuador,15 000,11 000,22 000
1997,Ecuador,18 000,13 000,24 000
1998,Ecuador,20 000,15 000,26 000
1999,Ecuador,22 000,17 000,27 000
2000,Ecuador,23 000,19 000,29 000
2001,Ecuador,25 000,20 000,30 000
2002,Ecuador,26 000,21 000,31 000
2003,Ecuador,27 000,23 000,32 000
2004,Ecuador,28 000,24 000,33 000
2005,Ecuador,29 000,25 000,34 000
2006,Ecuador,30 000,26 000,35 000
2007,Ecuador,31 000,27 000,36 000
2008,Ecuador,32 000,28 000,37 000
2009,Ecuador,33 000,30 000,38 000
2010,Ecuador,34 000,31 000,39 000
2011,Ecuador,36 000,32 000,41 000
2012,Ecuador,37 000,33 000,42 000
2013,Ecuador,38 000,34 000,42 000
2014,Ecuador,39 000,35 000,43 000
2015,Ecuador,40 000,36 000,45 000
2016,Ecuador,41 000,37 000,46 000
2017,Ecuador,42 000,38 000,47 000
2018,Ecuador,44 000,39 000,49 000
2019,Ecuador,45 000,40 000,51 000
2020,Ecuador,46 000,41 000,52 000
2021,Ecuador,47 000,42 000,53 000
2022,Ecuador,49 000,43 000,55 000
2023,Ecuador,50 000,44 000,57 000
2024,Ecuador,51 000,45 000,59 000
1990,El Salvador,1700,1300,2200
1991,El Salvador,2500,2000,3100
1992,El Salvador,3500,2900,4300
1993,El Salvador,4700,4000,5600
1994,El Salvador,6100,5200,7000
1995,El Salvador,7700,6700,8600
1996,El Salvador,9300,8200,10 000
1997,El Salvador,11 000,9700,12 000
1998,El Salvador,13 000,11 000,14 000
1999,El Salvador,14 000,13 000,15 000
2000,El Salvador,15 000,14 000,17 000
2001,El Salvador,17 000,15 000,18 000
2002,El Salvador,18 000,16 000,19 000
2003,El Salvador,18 000,17 000,20 000
2004,El Salvador,19 000,17 000,20 000
2005,El Salvador,19 000,18 000,21 000
2006,El Salvador,19 000,18 000,21 000
2007,El Salvador,19 000,18 000,21 000
2008,El Salvador,19 000,18 000,21 000
2009,El Salvador,19 000,18 000,21 000
2010,El Salvador,19 000,18 000,21 000
2011,El Salvador,19 000,18 000,20 000
2012,El Salvador,19 000,17 000,20 000
2013,El Salvador,19 000,17 000,20 000
2014,El Salvador,19 000,17 000,20 000
2015,El Salvador,19 000,17 000,20 000
2016,El Salvador,19 000,17 000,20 000
2017,El Salvador,19 000,17 000,20 000
2018,El Salvador,19 000,17 000,20 000
2019,El Salvador,19 000,17 000,21 000
2020,El Salvador,19 000,17 000,21 000
2021,El Salvador,19 000,17 000,21 000
2022,El Salvador,20 000,18 000,22 000
2023,El Salvador,20 000,18 000,22 000
2024,El Salvador,21 000,18 000,23 000
1990,Guatemala,7400,4000,17 000
1991,Guatemala,9600,5600,18 000
1992,Guatemala,12 000,7300,19 000
1993,Guatemala,14 000,9400,22 000
1994,Guatemala,17 000,11 000,24 000
1995,Guatemala,19 000,13 000,26 000
1996,Guatemala,21 000,14 000,27 000
1997,Guatemala,22 000,16 000,29 000
1998,Guatemala,23 000,17 000,30 000
1999,Guatemala,24 000,18 000,30 000
2000,Guatemala,24 000,18 000,31 000
2001,Guatemala,24 000,19 000,31 000
2002,Guatemala,24 000,19 000,30 000
2003,Guatemala,24 000,19 000,31 000
2004,Guatemala,24 000,19 000,30 000
2005,Guatemala,24 000,19 000,30 000
2006,Guatemala,24 000,19 000,30 000
2007,Guatemala,24 000,19 000,30 000
2008,Guatemala,25 000,19 000,31 000
2009,Guatemala,25 000,20 000,31 000
2010,Guatemala,26 000,21 000,31 000
2011,Guatemala,26 000,21 000,32 000
2012,Guatemala,26 000,21 000,32 000
2013,Guatemala,26 000,22 000,33 000
2014,Guatemala,27 000,22 000,33 000
2015,Guatemala,27 000,22 000,33 000
2016,Guatemala,27 000,22 000,34 000
2017,Guatemala,27 000,23 000,34 000
2018,Guatemala,28 000,23 000,35 000
2019,Guatemala,28 000,23 000,35 000
2020,Guatemala,29 000,24 000,36 000
2021,Guatemala,30 000,25 000,37 000
2022,Guatemala,30 000,25 000,38 000
2023,Guatemala,31 000,26 000,39 000
2024,Guatemala,32 000,27 000,40 000
1990,Honduras,9900,7300,13 000
1991,Honduras,12 000,9100,16 000
1992,Honduras,14 000,11 000,19 000
1993,Honduras,17 000,13 000,22 000
1994,Honduras,19 000,15 000,25 000
1995,Honduras,22 000,18 000,27 000
1996,Honduras,24 000,20 000,29 000
1997,Honduras,26 000,22 000,31 000
1998,Honduras,27 000,23 000,32 000
1999,Honduras,28 000,24 000,32 000
2000,Honduras,28 000,25 000,32 000
2001,Honduras,28 000,25 000,32 000
2002,Honduras,27 000,25 000,31 000
2003,Honduras,27 000,24 000,30 000
2004,Honduras,26 000,23 000,29 000
2005,Honduras,25 000,23 000,28 000
2006,Honduras,24 000,22 000,27 000
2007,Honduras,23 000,21 000,26 000
2008,Honduras,22 000,20 000,25 000
2009,Honduras,22 000,20 000,24 000
2010,Honduras,21 000,19 000,23 000
2011,Honduras,20 000,19 000,22 000
2012,Honduras,20 000,18 000,22 000
2013,Honduras,19 000,18 000,21 000
2014,Honduras,19 000,17 000,21 000
2015,Honduras,19 000,17 000,21 000
2016,Honduras,19 000,17 000,20 000
2017,Honduras,18 000,17 000,20 000
2018,Honduras,18 000,17 000,20 000
2019,Honduras,18 000,16 000,20 000
2020,Honduras,18 000,16 000,20 000
2021,Honduras,18 000,16 000,20 000
2022,Honduras,18 000,16 000,20 000
2023,Honduras,18 000,16 000,20 000
2024,Honduras,18 000,16 000,20 000
1990,Mexico,29 000,22 000,35 000
1991,Mexico,38 000,32 000,44 000
1992,Mexico,47 000,40 000,53 000
1993,Mexico,55 000,48 000,62 000
1994,Mexico,64 000,57 000,70 000
1995,Mexico,72 000,64 000,78 000
1996,Mexico,80 000,72 000,87 000
1997,Mexico,88 000,80 000,95 000
1998,Mexico,96 000,87 000,100 000
1999,Mexico,100 000,94 000,110 000
2000,Mexico,110 000,100 000,120 000
2001,Mexico,120 000,110 000,130 000
2002,Mexico,130 000,120 000,130 000
2003,Mexico,140 000,120 000,140 000
2004,Mexico,140 000,130 000,150 000
2005,Mexico,150 000,140 000,160 000
2006,Mexico,160 000,150 000,170 000
2007,Mexico,170 000,160 000,190 000
2008,Mexico,180 000,170 000,200 000
2009,Mexico,200 000,180 000,210 000
2010,Mexico,210 000,190 000,220 000
2011,Mexico,220 000,200 000,240 000
2012,Mexico,230 000,210 000,250 000
2013,Mexico,250 000,230 000,260 000
2014,Mexico,260 000,240 000,280 000
2015,Mexico,270 000,250 000,290 000
2016,Mexico,280 000,260 000,300 000
2017,Mexico,300 000,270 000,320 000
2018,Mexico,310 000,280 000,330 000
2019,Mexico,320 000,290 000,350 000
2020,Mexico,340 000,310 000,360 000
2021,Mexico,350 000,320 000,380 000
2022,Mexico,370 000,330 000,400 000
2023,Mexico,380 000,340 000,420 000
2024,Mexico,390 000,350 000,440 000
1990,Nicaragua,...,...,...
1991,Nicaragua,...,...,...
1992,Nicaragua,...,...,...
1993,Nicaragua,...,...,...
1994,Nicaragua,...,...,...
1995,Nicaragua,...,...,...
1996,Nicaragua,...,...,...
1997,Nicaragua,...,...,...
1998,Nicaragua,...,...,...
1999,Nicaragua,...,...,...
2000,Nicaragua,...,...,...
2001,Nicaragua,...,...,...
2002,Nicaragua,...,...,...
2003,Nicaragua,...,...,...
2004,Nicaragua,...,...,...
2005,Nicaragua,...,...,...
2006,Nicaragua,...,...,...
2007,Nicaragua,...,...,...
2008,Nicaragua,...,...,...
2009,Nicaragua,...,...,...
2010,Nicaragua,...,...,...
2011,Nicaragua,...,...,...
2012,Nicaragua,...,...,...
2013,Nicaragua,...,...,...
2014,Nicaragua,...,...,...
2015,Nicaragua,...,...,...
2016,Nicaragua,...,...,...
2017,Nicaragua,...,...,...
2018,Nicaragua,...,...,...
2019,Nicaragua,...,...,...
2020,Nicaragua,...,...,...
2021,Nicaragua,...,...,...
2022,Nicaragua,...,...,...
2023,Nicaragua,...,...,...
2024,Nicaragua,...,...,...
1990,Panama,4000,3300,4500
1991,Panama,5100,4400,5700
1992,Panama,6100,5400,6800
1993,Panama,7000,6300,7800
1994,Panama,7900,7000,8800
1995,Panama,8700,7800,9700
1996,Panama,9400,8400,11 000
1997,Panama,10 000,9000,11 000
1998,Panama,11 000,9600,12 000
1999,Panama,11 000,10 000,13 000
2000,Panama,12 000,11 000,13 000
2001,Panama,13 000,11 000,14 000
2002,Panama,13 000,12 000,14 000
2003,Panama,14 000,13 000,15 000
2004,Panama,14 000,13 000,16 000
2005,Panama,15 000,14 000,16 000
2006,Panama,16 000,15 000,17 000
2007,Panama,16 000,15 000,18 000
2008,Panama,17 000,16 000,18 000
2009,Panama,18 000,17 000,19 000
2010,Panama,19 000,17 000,20 000
2011,Panama,19 000,18 000,21 000
2012,Panama,20 000,19 000,22 000
2013,Panama,21 000,19 000,22 000
2014,Panama,22 000,20 000,23 000
2015,Panama,23 000,21 000,24 000
2016,Panama,24 000,22 000,25 000
2017,Panama,25 000,22 000,27 000
2018,Panama,26 000,23 000,28 000
2019,Panama,26 000,24 000,29 000
2020,Panama,27 000,25 000,30 000
2021,Panama,28 000,25 000,31 000
2022,Panama,29 000,26 000,32 000
2023,Panama,30 000,27 000,33 000
2024,Panama,31 000,28 000,34 000
1990,Paraguay,<200,<200,<500
1991,Paraguay,<500,<200,<500
1992,Paraguay,<500,<500,<500
1993,Paraguay,520,<500,640
1994,Paraguay,790,620,970
1995,Paraguay,1200,930,1400
1996,Paraguay,1700,1400,1900
1997,Paraguay,2300,1900,2500
1998,Paraguay,2800,2500,3100
1999,Paraguay,3400,3000,3800
2000,Paraguay,4000,3600,4500
2001,Paraguay,4600,4200,5100
2002,Paraguay,5200,4700,5800
2003,Paraguay,5800,5300,6400
2004,Paraguay,6400,5800,7000
2005,Paraguay,7000,6500,7600
2006,Paraguay,7700,7100,8400
2007,Paraguay,8500,7800,9100
2008,Paraguay,9300,8600,9900
2009,Paraguay,10 000,9400,11 000
2010,Paraguay,11 000,10 000,12 000
2011,Paraguay,12 000,11 000,13 000
2012,Paraguay,13 000,12 000,14 000
2013,Paraguay,14 000,13 000,15 000
2014,Paraguay,15 000,13 000,16 000
2015,Paraguay,15 000,14 000,16 000
2016,Paraguay,16 000,15 000,17 000
2017,Paraguay,17 000,16 000,18 000
2018,Paraguay,18 000,17 000,19 000
2019,Paraguay,19 000,17 000,20 000
2020,Paraguay,20 000,18 000,21 000
2021,Paraguay,20 000,19 000,22 000
2022,Paraguay,21 000,19 000,22 000
2023,Paraguay,22 000,20 000,23 000
2024,Paraguay,22 000,21 000,24 000
1990,Peru,42 000,33 000,54 000
1991,Peru,45 000,36 000,58 000
1992,Peru,49 000,40 000,61 000
1993,Peru,51 000,43 000,64 000
1994,Peru,54 000,45 000,65 000
1995,Peru,56 000,47 000,67 000
1996,Peru,57 000,49 000,69 000
1997,Peru,58 000,50 000,70 000
1998,Peru,59 000,51 000,72 000
1999,Peru,60 000,51 000,72 000
2000,Peru,60 000,52 000,73 000
2001,Peru,60 000,52 000,72 000
2002,Peru,60 000,52 000,72 000
2003,Peru,60 000,52 000,71 000
2004,Peru,60 000,52 000,71 000
2005,Peru,60 000,52 000,70 000
2006,Peru,60 000,53 000,71 000
2007,Peru,61 000,54 000,71 000
2008,Peru,62 000,55 000,72 000
2009,Peru,63 000,56 000,73 000
2010,Peru,64 000,57 000,74 000
2011,Peru,66 000,59 000,76 000
2012,Peru,68 000,61 000,79 000
2013,Peru,71 000,63 000,82 000
2014,Peru,74 000,66 000,86 000
2015,Peru,77 000,69 000,91 000
2016,Peru,82 000,73 000,95 000
2017,Peru,86 000,77 000,100 000
2018,Peru,92 000,82 000,110 000
2019,Peru,98 000,87 000,110 000
2020,Peru,100 000,91 000,120 000
2021,Peru,110 000,95 000,120 000
2022,Peru,110 000,100 000,130 000
2023,Peru,120 000,100 000,140 000
2024,Peru,120 000,110 000,140 000
1990,Uruguay,...,...,...
1991,Uruguay,...,...,...
1992,Uruguay,...,...,...
1993,Uruguay,...,...,...
1994,Uruguay,...,...,...
1995,Uruguay,...,...,...
1996,Uruguay,...,...,...
1997,Uruguay,...,...,...
1998,Uruguay,...,...,...
1999,Uruguay,...,...,...
2000,Uruguay,...,...,...
2001,Uruguay,...,...,...
2002,Uruguay,...,...,...
2003,Uruguay,...,...,...
2004,Uruguay,...,...,...
2005,Uruguay,...,...,...
2006,Uruguay,...,...,...
2007,Uruguay,...,...,...
2008,Uruguay,...,...,...
2009,Uruguay,...,...,...
2010,Uruguay,...,...,...
2011,Uruguay,...,...,...
2012,Uruguay,...,...,...
2013,Uruguay,...,...,...
2014,Uruguay,...,...,...
2015,Uruguay,...,...,...
2016,Uruguay,...,...,...
2017,Uruguay,...,...,...
2018,Uruguay,...,...,...
2019,Uruguay,...,...,...
2020,Uruguay,...,...,...
2021,Uruguay,...,...,...
2022,Uruguay,...,...,...
2023,Uruguay,...,...,...
2024,Uruguay,...,...,...
1990,Venezuela,6100,4800,7600
1991,Venezuela,7500,6000,9200
1992,Venezuela,9200,7600,11 000
1993,Venezuela,11 000,9500,13 000
1994,Venezuela,14 000,12 000,16 000
1995,Venezuela,17 000,14 000,20 000
1996,Venezuela,20 000,18 000,24 000
1997,Venezuela,25 000,21 000,28 000
1998,Venezuela,30 000,26 000,34 000
1999,Venezuela,36 000,31 000,40 000
2000,Venezuela,43 000,37 000,48 000
2001,Venezuela,52 000,45 000,58 000
2002,Venezuela,63 000,54 000,70 000
2003,Venezuela,75 000,65 000,83 000
2004,Venezuela,86 000,75 000,97 000
2005,Venezuela,94 000,80 000,100 000
2006,Venezuela,96 000,82 000,100 000
2007,Venezuela,95 000,84 000,100 000
2008,Venezuela,95 000,85 000,100 000
2009,Venezuela,94 000,85 000,100 000
2010,Venezuela,94 000,86 000,100 000
2011,Venezuela,94 000,85 000,100 000
2012,Venezuela,94 000,86 000,100 000
2013,Venezuela,95 000,87 000,100 000
2014,Venezuela,95 000,87 000,100 000
2015,Venezuela,96 000,87 000,100 000
2016,Venezuela,98 000,87 000,110 000
2017,Venezuela,96 000,84 000,100 000
2018,Venezuela,91 000,79 000,100 000
2019,Venezuela,88 000,75 000,98 000
2020,Venezuela,89 000,75 000,100 000
2021,Venezuela,92 000,77 000,100 000
2022,Venezuela,96 000,79 000,110 000
2023,Venezuela,100 000,83 000,120 000
2024,Venezuela,110 000,87 000,120 000
1990,Middle East and North Africa,27 000,22 000,35 000
1991,Middle East and North Africa,32 000,26 000,41 000
1992,Middle East and North Africa,37 000,30 000,48 000
1993,Middle East and North Africa,43 000,35 000,56 000
1994,Middle East and North Africa,49 000,39 000,63 000
1995,Middle East and North Africa,55 000,44 000,71 000
1996,Middle East and North Africa,60 000,49 000,78 000
1997,Middle East and North Africa,66 000,53 000,86 000
1998,Middle East and North Africa,72 000,58 000,93 000
1999,Middle East and North Africa,77 000,62 000,100 000
2000,Middle East and North Africa,82 000,66 000,110 000
2001,Middle East and North Africa,87 000,70 000,110 000
2002,Middle East and North Africa,91 000,74 000,120 000
2003,Middle East and North Africa,95 000,77 000,120 000
2004,Middle East and North Africa,99 000,80 000,130 000
2005,Middle East and North Africa,100 000,82 000,130 000
2006,Middle East and North Africa,110 000,86 000,140 000
2007,Middle East and North Africa,110 000,89 000,140 000
2008,Middle East and North Africa,110 000,92 000,150 000
2009,Middle East and North Africa,120 000,95 000,150 000
2010,Middle East and North Africa,120 000,98 000,160 000
2011,Middle East and North Africa,130 000,100 000,160 000
2012,Middle East and North Africa,130 000,100 000,170 000
2013,Middle East and North Africa,130 000,110 000,170 000
2014,Middle East and North Africa,140 000,110 000,180 000
2015,Middle East and North Africa,140 000,110 000,190 000
2016,Middle East and North Africa,150 000,120 000,190 000
2017,Middle East and North Africa,160 000,120 000,200 000
2018,Middle East and North Africa,160 000,130 000,210 000
2019,Middle East and North Africa,170 000,140 000,220 000
2020,Middle East and North Africa,180 000,140 000,230 000
2021,Middle East and North Africa,190 000,150 000,250 000
2022,Middle East and North Africa,200 000,160 000,260 000
2023,Middle East and North Africa,220 000,170 000,280 000
2024,Middle East and North Africa,230 000,190 000,300 000
1990,Algeria,<500,<500,520
1991,Algeria,560,510,610
1992,Algeria,660,600,720
1993,Algeria,780,720,840
1994,Algeria,920,850,980
1995,Algeria,1100,1000,1200
1996,Algeria,1300,1200,1400
1997,Algeria,1500,1400,1600
1998,Algeria,1800,1700,1900
1999,Algeria,2100,2000,2200
2000,Algeria,2500,2400,2600
2001,Algeria,3000,2800,3100
2002,Algeria,3500,3300,3600
2003,Algeria,4100,3900,4300
2004,Algeria,4800,4500,5000
2005,Algeria,5600,5200,5900
2006,Algeria,6500,6100,6800
2007,Algeria,7500,7000,7900
2008,Algeria,8500,7900,9000
2009,Algeria,9500,8800,10 000
2010,Algeria,10 000,9700,11 000
2011,Algeria,11 000,11 000,12 000
2012,Algeria,12 000,11 000,13 000
2013,Algeria,13 000,12 000,13 000
2014,Algeria,14 000,13 000,14 000
2015,Algeria,14 000,14 000,15 000
2016,Algeria,16 000,15 000,16 000
2017,Algeria,17 000,16 000,18 000
2018,Algeria,18 000,17 000,19 000
2019,Algeria,19 000,18 000,21 000
2020,Algeria,21 000,19 000,23 000
2021,Algeria,23 000,20 000,25 000
2022,Algeria,24 000,22 000,27 000
2023,Algeria,27 000,24 000,30 000
2024,Algeria,29 000,25 000,33 000
1990,Bahrain,<200,<100,<200
1991,Bahrain,<200,<100,<500
1992,Bahrain,<200,<100,<500
1993,Bahrain,<200,<200,<500
1994,Bahrain,<200,<200,<500
1995,Bahrain,<500,<200,<500
1996,Bahrain,<500,<200,<500
1997,Bahrain,<500,<200,<500
1998,Bahrain,<500,<200,<500
1999,Bahrain,<500,<200,<500
2000,Bahrain,<500,<200,<500
2001,Bahrain,<500,<200,<500
2002,Bahrain,<500,<200,<500
2003,Bahrain,<500,<200,<500
2004,Bahrain,<500,<200,<500
2005,Bahrain,<500,<200,<500
2006,Bahrain,<500,<200,<500
2007,Bahrain,<500,<200,<500
2008,Bahrain,<500,<500,<500
2009,Bahrain,<500,<500,<500
2010,Bahrain,<500,<500,<500
2011,Bahrain,<500,<500,<500
2012,Bahrain,<500,<500,<500
2013,Bahrain,<500,<500,<500
2014,Bahrain,<500,<500,<500
2015,Bahrain,<500,<500,<500
2016,Bahrain,<500,<500,<500
2017,Bahrain,<500,<500,<500
2018,Bahrain,<500,<500,<500
2019,Bahrain,<500,<500,<500
2020,Bahrain,<500,<500,510
2021,Bahrain,500,<500,570
2022,Bahrain,570,<500,650
2023,Bahrain,620,540,720
2024,Bahrain,690,590,800
1990,Djibouti,2800,1500,4400
1991,Djibouti,4000,2300,6100
1992,Djibouti,4900,3000,7300
1993,Djibouti,6300,3800,9000
1994,Djibouti,7400,4600,10 000
1995,Djibouti,8700,5800,12 000
1996,Djibouti,10 000,7100,13 000
1997,Djibouti,11 000,8400,15 000
1998,Djibouti,13 000,9600,16 000
1999,Djibouti,14 000,11 000,18 000
2000,Djibouti,15 000,11 000,19 000
2001,Djibouti,16 000,12 000,20 000
2002,Djibouti,16 000,13 000,21 000
2003,Djibouti,16 000,13 000,21 000
2004,Djibouti,16 000,12 000,21 000
2005,Djibouti,16 000,12 000,20 000
2006,Djibouti,16 000,12 000,20 000
2007,Djibouti,15 000,12 000,20 000
2008,Djibouti,15 000,11 000,19 000
2009,Djibouti,15 000,11 000,19 000
2010,Djibouti,14 000,11 000,18 000
2011,Djibouti,14 000,10 000,18 000
2012,Djibouti,13 000,9800,17 000
2013,Djibouti,12 000,9300,16 000
2014,Djibouti,12 000,8800,15 000
2015,Djibouti,11 000,8500,15 000
2016,Djibouti,11 000,7900,14 000
2017,Djibouti,10 000,7400,14 000
2018,Djibouti,9900,7100,13 000
2019,Djibouti,9600,6800,12 000
2020,Djibouti,9200,6700,12 000
2021,Djibouti,8900,6500,12 000
2022,Djibouti,8500,6300,11 000
2023,Djibouti,8300,6100,11 000
2024,Djibouti,8000,6000,11 000
1990,Egypt,5300,3400,8500
1991,Egypt,6100,4000,10 000
1992,Egypt,7000,4500,11 000
1993,Egypt,7800,5000,12 000
1994,Egypt,8600,5500,13 000
1995,Egypt,9400,6100,14 000
1996,Egypt,10 000,6700,15 000
1997,Egypt,11 000,7400,16 000
1998,Egypt,11 000,7900,16 000
1999,Egypt,12 000,8500,17 000
2000,Egypt,13 000,9000,18 000
2001,Egypt,13 000,9600,18 000
2002,Egypt,14 000,10 000,18 000
2003,Egypt,15 000,11 000,19 000
2004,Egypt,15 000,11 000,19 000
2005,Egypt,16 000,12 000,20 000
2006,Egypt,17 000,13 000,21 000
2007,Egypt,17 000,13 000,22 000
2008,Egypt,18 000,14 000,23 000
2009,Egypt,19 000,15 000,24 000
2010,Egypt,20 000,16 000,26 000
2011,Egypt,21 000,17 000,27 000
2012,Egypt,22 000,17 000,29 000
2013,Egypt,24 000,18 000,31 000
2014,Egypt,25 000,19 000,33 000
2015,Egypt,27 000,20 000,36 000
2016,Egypt,29 000,21 000,38 000
2017,Egypt,31 000,23 000,41 000
2018,Egypt,33 000,25 000,44 000
2019,Egypt,36 000,27 000,48 000
2020,Egypt,39 000,29 000,53 000
2021,Egypt,42 000,32 000,57 000
2022,Egypt,46 000,34 000,62 000
2023,Egypt,50 000,37 000,69 000
2024,Egypt,55 000,40 000,76 000
1990,Jordan,<100,<100,<100
1991,Jordan,<100,<100,<100
1992,Jordan,<100,<100,<200
1993,Jordan,<200,<100,<200
1994,Jordan,<200,<100,<200
1995,Jordan,<200,<100,<200
1996,Jordan,<200,<100,<200
1997,Jordan,<200,<100,<200
1998,Jordan,<200,<200,<200
1999,Jordan,<200,<200,<200
2000,Jordan,<200,<200,<200
2001,Jordan,<200,<200,<200
2002,Jordan,<200,<200,<500
2003,Jordan,<200,<200,<500
2004,Jordan,<500,<200,<500
2005,Jordan,<500,<200,<500
2006,Jordan,<500,<500,<500
2007,Jordan,<500,<500,<500
2008,Jordan,<500,<500,<500
2009,Jordan,<500,<500,<500
2010,Jordan,<500,<500,<500
2011,Jordan,<500,<500,<500
2012,Jordan,<500,<500,<500
2013,Jordan,<500,<500,<500
2014,Jordan,<500,<500,<500
2015,Jordan,<500,<500,520
2016,Jordan,<500,<500,550
2017,Jordan,520,<500,570
2018,Jordan,550,500,600
2019,Jordan,570,530,630
2020,Jordan,600,550,660
2021,Jordan,620,570,680
2022,Jordan,640,590,710
2023,Jordan,660,600,730
2024,Jordan,680,610,750
1990,Kuwait,<100,<100,<100
1991,Kuwait,<100,<100,<100
1992,Kuwait,<100,<100,<100
1993,Kuwait,<100,<100,<100
1994,Kuwait,<100,<100,<200
1995,Kuwait,<200,<100,<200
1996,Kuwait,<200,<100,<200
1997,Kuwait,<200,<100,<200
1998,Kuwait,<200,<100,<200
1999,Kuwait,<200,<200,<200
2000,Kuwait,<200,<200,<200
2001,Kuwait,<200,<200,<500
2002,Kuwait,<500,<200,<500
2003,Kuwait,<500,<200,<500
2004,Kuwait,<500,<200,<500
2005,Kuwait,<500,<200,<500
2006,Kuwait,<500,<500,<500
2007,Kuwait,<500,<500,<500
2008,Kuwait,<500,<500,<500
2009,Kuwait,<500,<500,<500
2010,Kuwait,<500,<500,540
2011,Kuwait,580,<500,620
2012,Kuwait,640,<500,690
2013,Kuwait,700,<500,750
2014,Kuwait,760,540,820
2015,Kuwait,830,600,890
2016,Kuwait,890,650,960
2017,Kuwait,960,700,1000
2018,Kuwait,1000,760,1100
2019,Kuwait,1100,790,1200
2020,Kuwait,1100,780,1100
2021,Kuwait,1300,940,1400
2022,Kuwait,1500,1100,1600
2023,Kuwait,1600,1100,1700
2024,Kuwait,1700,1200,1800
1990,Lebanon,<200,<200,<500
1991,Lebanon,<500,<200,<500
1992,Lebanon,<500,<200,<500
1993,Lebanon,<500,<500,<500
1994,Lebanon,<500,<500,<500
1995,Lebanon,<500,<500,<500
1996,Lebanon,<500,<500,<500
1997,Lebanon,<500,<500,<500
1998,Lebanon,<500,<500,<500
1999,Lebanon,<500,<500,510
2000,Lebanon,<500,<500,550
2001,Lebanon,540,<500,600
2002,Lebanon,590,520,650
2003,Lebanon,650,570,710
2004,Lebanon,710,630,780
2005,Lebanon,770,690,850
2006,Lebanon,840,750,920
2007,Lebanon,920,820,1000
2008,Lebanon,990,890,1100
2009,Lebanon,1100,960,1200
2010,Lebanon,1100,1000,1200
2011,Lebanon,1200,1100,1300
2012,Lebanon,1300,1200,1400
2013,Lebanon,1600,1400,1700
2014,Lebanon,1700,1600,1900
2015,Lebanon,1700,1500,1900
2016,Lebanon,1700,1500,2000
2017,Lebanon,1800,1600,2000
2018,Lebanon,1800,1600,2000
2019,Lebanon,1800,1600,2100
2020,Lebanon,2000,1700,2400
2021,Lebanon,2300,1900,2600
2022,Lebanon,2500,2100,2900
2023,Lebanon,2700,2300,3100
2024,Lebanon,3000,2500,3500
1990,Libya,<100,<100,<100
1991,Libya,<100,<100,<100
1992,Libya,<100,<100,<200
1993,Libya,<200,<100,<200
1994,Libya,<200,<100,<500
1995,Libya,<500,<200,<500
1996,Libya,<500,<500,<500
1997,Libya,520,<500,610
1998,Libya,680,540,780
1999,Libya,880,720,990
2000,Libya,1100,920,1200
2001,Libya,1300,1100,1500
2002,Libya,1600,1300,1800
2003,Libya,1800,1600,2000
2004,Libya,2100,1800,2300
2005,Libya,2400,2100,2600
2006,Libya,2700,2400,2900
2007,Libya,3000,2800,3200
2008,Libya,3400,3100,3600
2009,Libya,3700,3500,3900
2010,Libya,4000,3800,4300
2011,Libya,3900,3600,4100
2012,Libya,4200,3900,4400
2013,Libya,4500,4200,4700
2014,Libya,4700,4500,5000
2015,Libya,5000,4700,5300
2016,Libya,5300,5000,5600
2017,Libya,5600,5200,5900
2018,Libya,5800,5400,6200
2019,Libya,6100,5700,6500
2020,Libya,6300,5800,6800
2021,Libya,6600,6000,7100
2022,Libya,6800,6300,7400
2023,Libya,7000,6400,7700
2024,Libya,7300,6600,8000
1990,Morocco,2100,1400,3800
1991,Morocco,2700,1800,4400
1992,Morocco,3300,2200,5100
1993,Morocco,4000,2800,5900
1994,Morocco,4700,3300,6600
1995,Morocco,5500,4000,7400
1996,Morocco,6400,4700,8200
1997,Morocco,7200,5500,9000
1998,Morocco,8100,6400,9900
1999,Morocco,9000,7200,11 000
2000,Morocco,9900,8200,12 000
2001,Morocco,11 000,9000,13 000
2002,Morocco,12 000,9800,13 000
2003,Morocco,12 000,11 000,14 000
2004,Morocco,13 000,12 000,15 000
2005,Morocco,14 000,12 000,16 000
2006,Morocco,15 000,13 000,16 000
2007,Morocco,15 000,14 000,17 000
2008,Morocco,16 000,14 000,18 000
2009,Morocco,16 000,15 000,18 000
2010,Morocco,17 000,15 000,19 000
2011,Morocco,17 000,16 000,19 000
2012,Morocco,18 000,16 000,20 000
2013,Morocco,18 000,17 000,20 000
2014,Morocco,19 000,17 000,21 000
2015,Morocco,19 000,17 000,21 000
2016,Morocco,19 000,18 000,21 000
2017,Morocco,20 000,18 000,22 000
2018,Morocco,20 000,18 000,22 000
2019,Morocco,20 000,19 000,23 000
2020,Morocco,21 000,19 000,23 000
2021,Morocco,21 000,19 000,24 000
2022,Morocco,22 000,20 000,24 000
2023,Morocco,22 000,20 000,25 000
2024,Morocco,23 000,21 000,25 000
1990,Oman,<200,<100,<500
1991,Oman,<500,<500,<500
1992,Oman,<500,<500,640
1993,Oman,670,590,780
1994,Oman,770,710,840
1995,Oman,830,770,890
1996,Oman,880,810,940
1997,Oman,910,830,980
1998,Oman,930,860,1000
1999,Oman,950,870,1000
2000,Oman,980,910,1100
2001,Oman,1000,940,1100
2002,Oman,1100,980,1100
2003,Oman,1100,1000,1200
2004,Oman,1100,1100,1200
2005,Oman,1200,1100,1300
2006,Oman,1200,1100,1300
2007,Oman,1300,1200,1400
2008,Oman,1300,1200,1400
2009,Oman,1400,1300,1500
2010,Oman,1400,1400,1600
2011,Oman,1900,1800,2100
2012,Oman,2300,2100,2400
2013,Oman,2400,2200,2600
2014,Oman,2500,2300,2700
2015,Oman,2600,2400,2800
2016,Oman,2700,2600,3000
2017,Oman,2800,2600,3000
2018,Oman,2800,2600,3000
2019,Oman,2700,2500,2900
2020,Oman,2600,2400,2800
2021,Oman,2600,2400,2800
2022,Oman,2900,2700,3200
2023,Oman,3100,2900,3400
2024,Oman,3300,3000,3600
1990,Qatar,<100,<100,<100
1991,Qatar,<100,<100,<100
1992,Qatar,<100,<100,<200
1993,Qatar,<100,<100,<200
1994,Qatar,<100,<100,<200
1995,Qatar,<100,<100,<200
1996,Qatar,<100,<100,<200
1997,Qatar,<100,<100,<500
1998,Qatar,<100,<100,<500
1999,Qatar,<100,<100,<500
2000,Qatar,<100,<100,<200
2001,Qatar,<100,<100,<200
2002,Qatar,<100,<100,<200
2003,Qatar,<100,<100,<100
2004,Qatar,<100,<100,<100
2005,Qatar,<100,<100,<100
2006,Qatar,<100,<100,<100
2007,Qatar,<100,<100,<100
2008,Qatar,<100,<100,<200
2009,Qatar,<100,<100,<200
2010,Qatar,<100,<100,<200
2011,Qatar,<100,<100,<200
2012,Qatar,<100,<100,<200
2013,Qatar,<200,<100,<200
2014,Qatar,<200,<200,<200
2015,Qatar,<200,<200,<500
2016,Qatar,<500,<200,<500
2017,Qatar,<500,<500,<500
2018,Qatar,<500,<500,<500
2019,Qatar,<500,<500,<500
2020,Qatar,<500,<500,530
2021,Qatar,550,<500,650
2022,Qatar,680,540,800
2023,Qatar,810,640,960
2024,Qatar,950,740,1100
1990,Saudi Arabia,2300,1600,3300
1991,Saudi Arabia,2700,2000,3800
1992,Saudi Arabia,3300,2400,4400
1993,Saudi Arabia,3800,3000,5000
1994,Saudi Arabia,4400,3500,5700
1995,Saudi Arabia,5100,4200,6300
1996,Saudi Arabia,5800,4800,6900
1997,Saudi Arabia,6400,5500,7500
1998,Saudi Arabia,7000,6100,8000
1999,Saudi Arabia,7500,6600,8400
2000,Saudi Arabia,7900,7200,8800
2001,Saudi Arabia,8200,7600,8900
2002,Saudi Arabia,8300,7700,9100
2003,Saudi Arabia,8400,7700,9100
2004,Saudi Arabia,8400,7600,9000
2005,Saudi Arabia,8300,7500,9000
2006,Saudi Arabia,8200,7300,8800
2007,Saudi Arabia,8000,7200,8800
2008,Saudi Arabia,7900,7100,8700
2009,Saudi Arabia,7800,6900,8500
2010,Saudi Arabia,7600,6800,8400
2011,Saudi Arabia,7500,6700,8200
2012,Saudi Arabia,7400,6600,8100
2013,Saudi Arabia,7200,6500,7900
2014,Saudi Arabia,7200,6500,7900
2015,Saudi Arabia,7300,6600,7900
2016,Saudi Arabia,7400,6700,8000
2017,Saudi Arabia,7600,6900,8200
2018,Saudi Arabia,7900,7300,8500
2019,Saudi Arabia,8300,7700,9000
2020,Saudi Arabia,8800,8200,9600
2021,Saudi Arabia,9500,8900,10 000
2022,Saudi Arabia,10 000,9800,11 000
2023,Saudi Arabia,12 000,11 000,13 000
2024,Saudi Arabia,13 000,12 000,15 000
1990,Somalia,7500,3600,14 000
1991,Somalia,7900,4100,15 000
1992,Somalia,8500,4700,16 000
1993,Somalia,9600,5600,17 000
1994,Somalia,10 000,6100,17 000
1995,Somalia,11 000,6700,18 000
1996,Somalia,11 000,7200,18 000
1997,Somalia,11 000,7700,18 000
1998,Somalia,12 000,8000,17 000
1999,Somalia,12 000,8300,17 000
2000,Somalia,12 000,8500,17 000
2001,Somalia,12 000,8700,17 000
2002,Somalia,12 000,8700,16 000
2003,Somalia,11 000,8600,16 000
2004,Somalia,11 000,8600,15 000
2005,Somalia,11 000,8400,14 000
2006,Somalia,10 000,8200,13 000
2007,Somalia,10000,8000,13 000
2008,Somalia,9600,7800,12 000
2009,Somalia,9300,7700,11 000
2010,Somalia,8900,7700,11 000
2011,Somalia,8400,7300,10 000
2012,Somalia,8200,7100,9700
2013,Somalia,8100,7000,9400
2014,Somalia,7900,6900,9100
2015,Somalia,7700,6800,8800
2016,Somalia,7700,6800,8700
2017,Somalia,7600,6800,8600
2018,Somalia,7500,6700,8500
2019,Somalia,7500,6600,8400
2020,Somalia,7500,6600,8300
2021,Somalia,7400,6500,8300
2022,Somalia,7300,6500,8200
2023,Somalia,7300,6400,8200
2024,Somalia,7300,6400,8200
1990,Sudan,5300,3300,10 000
1991,Sudan,6300,4000,11 000
1992,Sudan,7500,4800,13 000
1993,Sudan,8600,5600,14 000
1994,Sudan,9700,6600,16 000
1995,Sudan,11 000,7400,17 000
1996,Sudan,12 000,8300,18 000
1997,Sudan,13 000,9300,19 000
1998,Sudan,14 000,10 000,20 000
1999,Sudan,15 000,11 000,21 000
2000,Sudan,16 000,12 000,22 000
2001,Sudan,17 000,13 000,23 000
2002,Sudan,18 000,13 000,24 000
2003,Sudan,18 000,14 000,24 000
2004,Sudan,19 000,15 000,25 000
2005,Sudan,20 000,15 000,26 000
2006,Sudan,20 000,16 000,26 000
2007,Sudan,21 000,17 000,27 000
2008,Sudan,22 000,17 000,28 000
2009,Sudan,23 000,18 000,29 000
2010,Sudan,23 000,19 000,30 000
2011,Sudan,24 000,19 000,31 000
2012,Sudan,25 000,20 000,32 000
2013,Sudan,26 000,21 000,33 000
2014,Sudan,27 000,22 000,36 000
2015,Sudan,29 000,23 000,37 000
2016,Sudan,30 000,24 000,39 000
2017,Sudan,32 000,25 000,42 000
2018,Sudan,34 000,26 000,45 000
2019,Sudan,36 000,27 000,48 000
2020,Sudan,38 000,29 000,52 000
2021,Sudan,41 000,31 000,57 000
2022,Sudan,44 000,33 000,62 000
2023,Sudan,47 000,35 000,67 000
2024,Sudan,50 000,37 000,73 000
1990,Syrian Arab Republic,<100,<100,<100
1991,Syrian Arab Republic,<100,<100,<100
1992,Syrian Arab Republic,<100,<100,<100
1993,Syrian Arab Republic,<100,<100,<200
1994,Syrian Arab Republic,<100,<100,<200
1995,Syrian Arab Republic,<100,<100,<200
1996,Syrian Arab Republic,<200,<100,<200
1997,Syrian Arab Republic,<200,<100,<200
1998,Syrian Arab Republic,<200,<200,<500
1999,Syrian Arab Republic,<200,<200,<500
2000,Syrian Arab Republic,<200,<200,<500
2001,Syrian Arab Republic,<500,<200,<500
2002,Syrian Arab Republic,<500,<200,<500
2003,Syrian Arab Republic,<500,<500,<500
2004,Syrian Arab Republic,<500,<500,<500
2005,Syrian Arab Republic,<500,<500,<500
2006,Syrian Arab Republic,<500,<500,<500
2007,Syrian Arab Republic,<500,<500,510
2008,Syrian Arab Republic,<500,<500,530
2009,Syrian Arab Republic,<500,<500,570
2010,Syrian Arab Republic,530,<500,620
2011,Syrian Arab Republic,560,<500,660
2012,Syrian Arab Republic,550,<500,650
2013,Syrian Arab Republic,500,<500,590
2014,Syrian Arab Republic,<500,<500,540
2015,Syrian Arab Republic,<500,<500,530
2016,Syrian Arab Republic,<500,<500,550
2017,Syrian Arab Republic,<500,<500,560
2018,Syrian Arab Republic,530,<500,620
2019,Syrian Arab Republic,580,<500,680
2020,Syrian Arab Republic,620,520,740
2021,Syrian Arab Republic,650,540,790
2022,Syrian Arab Republic,710,580,870
2023,Syrian Arab Republic,780,630,960
2024,Syrian Arab Republic,830,660,1100
1990,Tunisia,<200,<200,870
1991,Tunisia,<500,<200,1300
1992,Tunisia,<500,<200,1700
1993,Tunisia,<500,<500,1900
1994,Tunisia,530,<500,2300
1995,Tunisia,660,<500,2500
1996,Tunisia,800,<500,2800
1997,Tunisia,960,570,3100
1998,Tunisia,1100,680,3300
1999,Tunisia,1300,800,3500
2000,Tunisia,1600,920,3600
2001,Tunisia,1800,1100,3800
2002,Tunisia,2100,1200,4000
2003,Tunisia,2300,1400,4200
2004,Tunisia,2600,1600,4500
2005,Tunisia,3000,1700,4900
2006,Tunisia,3300,2000,5200
2007,Tunisia,3600,2200,5400
2008,Tunisia,3900,2500,5700
2009,Tunisia,4200,2800,6100
2010,Tunisia,4400,3100,6500
2011,Tunisia,4700,3200,6900
2012,Tunisia,4900,3400,7100
2013,Tunisia,5100,3500,7400
2014,Tunisia,5300,3600,7800
2015,Tunisia,5500,3700,8400
2016,Tunisia,5700,3900,8600
2017,Tunisia,5800,4000,8900
2018,Tunisia,6000,4100,9300
2019,Tunisia,6200,4300,9700
2020,Tunisia,6500,4400,10 000
2021,Tunisia,6700,4600,11 000
2022,Tunisia,7000,4700,12 000
2023,Tunisia,7200,4800,12 000
2024,Tunisia,7600,5000,13 000
1990,United Arab Emirates,<100,<100,<100
1991,United Arab Emirates,<100,<100,<100
1992,United Arab Emirates,<100,<100,<100
1993,United Arab Emirates,<100,<100,<100
1994,United Arab Emirates,<100,<100,<100
1995,United Arab Emirates,<100,<100,<100
1996,United Arab Emirates,<100,<100,<100
1997,United Arab Emirates,<100,<100,<100
1998,United Arab Emirates,<100,<100,<100
1999,United Arab Emirates,<100,<100,<100
2000,United Arab Emirates,<100,<100,<100
2001,United Arab Emirates,<100,<100,<200
2002,United Arab Emirates,<200,<100,<500
2003,United Arab Emirates,<500,<200,<500
2004,United Arab Emirates,<500,<500,<500
2005,United Arab Emirates,<500,<500,530
2006,United Arab Emirates,510,<500,610
2007,United Arab Emirates,630,510,730
2008,United Arab Emirates,720,590,810
2009,United Arab Emirates,750,630,840
2010,United Arab Emirates,770,660,870
2011,United Arab Emirates,790,680,890
2012,United Arab Emirates,800,680,910
2013,United Arab Emirates,810,680,920
2014,United Arab Emirates,820,690,930
2015,United Arab Emirates,820,700,940
2016,United Arab Emirates,800,690,920
2017,United Arab Emirates,780,690,890
2018,United Arab Emirates,770,680,860
2019,United Arab Emirates,770,680,850
2020,United Arab Emirates,810,700,900
2021,United Arab Emirates,870,750,980
2022,United Arab Emirates,990,840,1100
2023,United Arab Emirates,1100,960,1300
2024,United Arab Emirates,1300,1100,1500
1990,Yemen,<500,<500,<500
1991,Yemen,<500,<500,<500
1992,Yemen,<500,<500,<500
1993,Yemen,<500,<500,540
1994,Yemen,570,510,630
1995,Yemen,670,610,740
1996,Yemen,790,720,860
1997,Yemen,930,850,1000
1998,Yemen,1100,1000,1200
1999,Yemen,1300,1200,1400
2000,Yemen,1500,1400,1600
2001,Yemen,1800,1700,1900
2002,Yemen,2100,2000,2300
2003,Yemen,2500,2300,2700
2004,Yemen,2900,2700,3200
2005,Yemen,3500,3200,3800
2006,Yemen,4100,3700,4400
2007,Yemen,4800,4300,5100
2008,Yemen,5500,5000,5800
2009,Yemen,6100,5600,6600
2010,Yemen,6700,6200,7100
2011,Yemen,7000,6600,7500
2012,Yemen,7400,6900,7800
2013,Yemen,7800,7300,8100
2014,Yemen,8200,7700,8600
2015,Yemen,8700,8200,9100
2016,Yemen,9300,8700,9700
2017,Yemen,9900,9300,10 000
2018,Yemen,11 000,9800,11 000
2019,Yemen,11 000,10 000,12 000
2020,Yemen,12 000,11 000,13 000
2021,Yemen,13 000,12 000,14 000
2022,Yemen,13 000,12 000,15 000
2023,Yemen,14 000,13 000,16 000
2024,Yemen,15 000,14 000,17 000
1990,Iraq,<100,<100,<100
1991,Iraq,<100,<100,<100
1992,Iraq,<100,<100,<200
1993,Iraq,<100,<100,<200
1994,Iraq,<100,<100,<200
1995,Iraq,<100,<100,<200
1996,Iraq,<200,<100,<500
1997,Iraq,<200,<100,<500
1998,Iraq,<200,<200,<500
1999,Iraq,<500,<200,<500
2000,Iraq,<500,<200,<500
2001,Iraq,<500,<500,<500
2002,Iraq,<500,<500,<500
2003,Iraq,<500,<500,560
2004,Iraq,<500,<500,640
2005,Iraq,540,<500,700
2006,Iraq,580,<500,740
2007,Iraq,620,<500,800
2008,Iraq,680,510,880
2009,Iraq,740,550,920
2010,Iraq,780,590,1000
2011,Iraq,820,640,1000
2012,Iraq,860,680,1100
2013,Iraq,890,710,1200
2014,Iraq,910,750,1200
2015,Iraq,930,780,1200
2016,Iraq,960,810,1200
2017,Iraq,1000,850,1300
2018,Iraq,1100,900,1400
2019,Iraq,1300,1000,1600
2020,Iraq,1500,1100,1900
2021,Iraq,1700,1300,2300
2022,Iraq,2100,1600,2900
2023,Iraq,2700,2000,3600
2024,Iraq,3400,2500,4400
1990,Western and central Africa,1.8 m,1.6 m,2.1 m
1991,Western and central Africa,2.2 m,1.9 m,2.5 m
1992,Western and central Africa,2.6 m,2.2 m,3.0 m
1993,Western and central Africa,2.9 m,2.5 m,3.3 m
1994,Western and central Africa,3.3 m,2.9 m,3.8 m
1995,Western and central Africa,3.6 m,3.1 m,4.1 m
1996,Western and central Africa,3.8 m,3.3 m,4.4 m
1997,Western and central Africa,4.0 m,3.5 m,4.7 m
1998,Western and central Africa,4.2 m,3.7 m,4.9 m
1999,Western and central Africa,4.4 m,3.8 m,5.1 m
2000,Western and central Africa,4.5 m,3.9 m,5.2 m
2001,Western and central Africa,4.5 m,4.0 m,5.3 m
2002,Western and central Africa,4.6 m,4.0 m,5.3 m
2003,Western and central Africa,4.6 m,4.0 m,5.3 m
2004,Western and central Africa,4.6 m,4.0 m,5.3 m
2005,Western and central Africa,4.5 m,4.0 m,5.3 m
2006,Western and central Africa,4.5 m,4.0 m,5.2 m
2007,Western and central Africa,4.5 m,4.0 m,5.2 m
2008,Western and central Africa,4.5 m,4.0 m,5.3 m
2009,Western and central Africa,4.6 m,4.0 m,5.3 m
2010,Western and central Africa,4.6 m,4.0 m,5.3 m
2011,Western and central Africa,4.6 m,4.0 m,5.4 m
2012,Western and central Africa,4.6 m,4.1 m,5.4 m
2013,Western and central Africa,4.7 m,4.1 m,5.4 m
2014,Western and central Africa,4.7 m,4.1 m,5.4 m
2015,Western and central Africa,4.7 m,4.1 m,5.4 m
2016,Western and central Africa,4.7 m,4.1 m,5.4 m
2017,Western and central Africa,4.7 m,4.1 m,5.4 m
2018,Western and central Africa,4.7 m,4.1 m,5.5 m
2019,Western and central Africa,4.7 m,4.1 m,5.5 m
2020,Western and central Africa,4.7 m,4.1 m,5.5 m
2021,Western and central Africa,4.7 m,4.2 m,5.5 m
2022,Western and central Africa,4.8 m,4.2 m,5.5 m
2023,Western and central Africa,4.8 m,4.2 m,5.5 m
2024,Western and central Africa,4.8 m,4.2 m,5.5 m
1990,Benin,6200,4100,9500
1991,Benin,9200,6400,13 000
1992,Benin,13 000,10 000,18 000
1993,Benin,19 000,15 000,25 000
1994,Benin,25 000,20 000,32 000
1995,Benin,31 000,26 000,38 000
1996,Benin,37 000,32 000,44 000
1997,Benin,43 000,37 000,50 000
1998,Benin,47 000,41 000,54 000
1999,Benin,50 000,44 000,58 000
2000,Benin,52 000,46 000,61 000
2001,Benin,53 000,47 000,62 000
2002,Benin,54 000,48 000,63 000
2003,Benin,54 000,49 000,64 000
2004,Benin,54 000,48 000,63 000
2005,Benin,55 000,49 000,64 000
2006,Benin,54 000,47 000,63 000
2007,Benin,53 000,47 000,62 000
2008,Benin,54 000,48 000,63 000
2009,Benin,56 000,49 000,65 000
2010,Benin,57 000,51 000,67 000
2011,Benin,59 000,52 000,69 000
2012,Benin,60 000,53 000,71 000
2013,Benin,62 000,54 000,73 000
2014,Benin,62 000,55 000,74 000
2015,Benin,63 000,56 000,75 000
2016,Benin,64 000,56 000,75 000
2017,Benin,64 000,56 000,75 000
2018,Benin,65 000,56 000,75 000
2019,Benin,65 000,57 000,76 000
2020,Benin,65 000,56 000,76 000
2021,Benin,65 000,56 000,76 000
2022,Benin,65 000,56 000,76 000
2023,Benin,65 000,56 000,76 000
2024,Benin,65 000,56 000,77 000
1990,Burkina Faso,110 000,70 000,170 000
1991,Burkina Faso,120 000,77 000,180 000
1992,Burkina Faso,120 000,86 000,180 000
1993,Burkina Faso,130 000,91 000,180 000
1994,Burkina Faso,130 000,96 000,170 000
1995,Burkina Faso,130 000,99 000,170 000
1996,Burkina Faso,130 000,100 000,160 000
1997,Burkina Faso,120 000,100 000,160 000
1998,Burkina Faso,120 000,100 000,150 000
1999,Burkina Faso,120 000,98 000,140 000
2000,Burkina Faso,110 000,96 000,140 000
2001,Burkina Faso,110 000,92 000,130 000
2002,Burkina Faso,100 000,89 000,130 000
2003,Burkina Faso,100 000,85 000,120 000
2004,Burkina Faso,96 000,82 000,120 000
2005,Burkina Faso,93 000,79 000,110 000
2006,Burkina Faso,91 000,78 000,110 000
2007,Burkina Faso,89 000,77 000,110 000
2008,Burkina Faso,87 000,75 000,100 000
2009,Burkina Faso,86 000,74 000,100 000
2010,Burkina Faso,86 000,74 000,100 000
2011,Burkina Faso,85 000,73 000,99 000
2012,Burkina Faso,85 000,73 000,98 000
2013,Burkina Faso,84 000,73 000,97 000
2014,Burkina Faso,84 000,73 000,96 000
2015,Burkina Faso,83 000,73 000,95 000
2016,Burkina Faso,83 000,72 000,95 000
2017,Burkina Faso,83 000,72 000,95 000
2018,Burkina Faso,83 000,72 000,96 000
2019,Burkina Faso,83 000,72 000,96 000
2020,Burkina Faso,83 000,72 000,96 000
2021,Burkina Faso,84 000,72 000,97 000
2022,Burkina Faso,84 000,73 000,98 000
2023,Burkina Faso,85 000,73 000,98 000
2024,Burkina Faso,85 000,73 000,99 000
1990,Burundi,110 000,51 000,190 000
1991,Burundi,130 000,67 000,200 000
1992,Burundi,140 000,86 000,200 000
1993,Burundi,110 000,72 000,140 000
1994,Burundi,140 000,100 000,190 000
1995,Burundi,140 000,100 000,170 000
1996,Burundi,120 000,99 000,150 000
1997,Burundi,120 000,99 000,140 000
1998,Burundi,120 000,99 000,140 000
1999,Burundi,110 000,96 000,130 000
2000,Burundi,110 000,92 000,120 000
2001,Burundi,100 000,88 000,120 000
2002,Burundi,97 000,84 000,110 000
2003,Burundi,93 000,82 000,110 000
2004,Burundi,90 000,80 000,100 000
2005,Burundi,87 000,78 000,100 000
2006,Burundi,84 000,76 000,97 000
2007,Burundi,83 000,74 000,95 000
2008,Burundi,82 000,74 000,94 000
2009,Burundi,84 000,75 000,96 000
2010,Burundi,83 000,74 000,94 000
2011,Burundi,82 000,73 000,93 000
2012,Burundi,81 000,73 000,93 000
2013,Burundi,81 000,72 000,92 000
2014,Burundi,80 000,72 000,91 000
2015,Burundi,77 000,70 000,88 000
2016,Burundi,76 000,68 000,87 000
2017,Burundi,75 000,67 000,86 000
2018,Burundi,76 000,68 000,87 000
2019,Burundi,76 000,68 000,87 000
2020,Burundi,76 000,68 000,87 000
2021,Burundi,75 000,68 000,87 000
2022,Burundi,75 000,68 000,87 000
2023,Burundi,75 000,67 000,87 000
2024,Burundi,75 000,67 000,87 000
1990,Cameroon,54 000,38 000,71 000
1991,Cameroon,74 000,53 000,92 000
1992,Cameroon,99 000,73 000,120 000
1993,Cameroon,130 000,99 000,150 000
1994,Cameroon,170 000,130 000,190 000
1995,Cameroon,210 000,170 000,240 000
1996,Cameroon,250 000,210 000,290 000
1997,Cameroon,300 000,260 000,340 000
1998,Cameroon,340 000,300 000,390 000
1999,Cameroon,380 000,340 000,430 000
2000,Cameroon,410 000,370 000,460 000
2001,Cameroon,440 000,400 000,490 000
2002,Cameroon,460 000,420 000,510 000
2003,Cameroon,470 000,430 000,520 000
2004,Cameroon,480 000,440 000,530 000
2005,Cameroon,490 000,450 000,540 000
2006,Cameroon,500 000,460 000,550 000
2007,Cameroon,500 000,460 000,550 000
2008,Cameroon,510 000,470 000,560 000
2009,Cameroon,510 000,470 000,560 000
2010,Cameroon,510 000,470 000,560 000
2011,Cameroon,510 000,470 000,560 000
2012,Cameroon,510 000,470 000,560 000
2013,Cameroon,510 000,470 000,550 000
2014,Cameroon,500 000,460 000,550 000
2015,Cameroon,500 000,460 000,550 000
2016,Cameroon,490 000,460 000,540 000
2017,Cameroon,490 000,450 000,540 000
2018,Cameroon,490 000,450 000,540 000
2019,Cameroon,490 000,450 000,540 000
2020,Cameroon,490 000,450 000,550 000
2021,Cameroon,490 000,440 000,550 000
2022,Cameroon,490 000,440 000,550 000
2023,Cameroon,490 000,440 000,560 000
2024,Cameroon,490 000,440 000,560 000
1990,Cape Verde,850,<500,1100
1991,Cape Verde,940,530,1200
1992,Cape Verde,1000,610,1300
1993,Cape Verde,1100,720,1400
1994,Cape Verde,1200,810,1500
1995,Cape Verde,1200,890,1500
1996,Cape Verde,1300,960,1600
1997,Cape Verde,1400,1000,1700
1998,Cape Verde,1400,1100,1700
1999,Cape Verde,1500,1200,1800
2000,Cape Verde,1600,1300,1900
2001,Cape Verde,1600,1300,2000
2002,Cape Verde,1700,1400,2000
2003,Cape Verde,1800,1500,2100
2004,Cape Verde,1800,1600,2100
2005,Cape Verde,1900,1600,2200
2006,Cape Verde,2000,1700,2300
2007,Cape Verde,2000,1800,2400
2008,Cape Verde,2100,1800,2500
2009,Cape Verde,2200,1900,2600
2010,Cape Verde,2300,2000,2700
2011,Cape Verde,2400,2100,2800
2012,Cape Verde,2500,2200,2900
2013,Cape Verde,2600,2300,3000
2014,Cape Verde,2700,2400,3200
2015,Cape Verde,2800,2500,3300
2016,Cape Verde,2900,2500,3400
2017,Cape Verde,3000,2600,3600
2018,Cape Verde,3100,2700,3700
2019,Cape Verde,3200,2800,3800
2020,Cape Verde,3300,2800,3900
2021,Cape Verde,3400,2900,4100
2022,Cape Verde,3500,3000,4200
2023,Cape Verde,3700,3000,4500
2024,Cape Verde,3800,3100,4600
1990,Central African Republic,56 000,41 000,81 000
1991,Central African Republic,69 000,53 000,100 000
1992,Central African Republic,82 000,64 000,120 000
1993,Central African Republic,95 000,73 000,130 000
1994,Central African Republic,110 000,85 000,150 000
1995,Central African Republic,120 000,94 000,160 000
1996,Central African Republic,130 000,100 000,160 000
1997,Central African Republic,130 000,110 000,170 000
1998,Central African Republic,140 000,110 000,170 000
1999,Central African Republic,140 000,120 000,170 000
2000,Central African Republic,140 000,120 000,170 000
2001,Central African Republic,140 000,120 000,170 000
2002,Central African Republic,140 000,120 000,170 000
2003,Central African Republic,140 000,120 000,160 000
2004,Central African Republic,140 000,120 000,160 000
2005,Central African Republic,130 000,110 000,150 000
2006,Central African Republic,130 000,110 000,150 000
2007,Central African Republic,130 000,110 000,140 000
2008,Central African Republic,120 000,110 000,140 000
2009,Central African Republic,120 000,100 000,140 000
2010,Central African Republic,120 000,100 000,140 000
2011,Central African Republic,120 000,100 000,130 000
2012,Central African Republic,110 000,95 000,130 000
2013,Central African Republic,110 000,91 000,120 000
2014,Central African Republic,100 000,85 000,120 000
2015,Central African Republic,98 000,83 000,120 000
2016,Central African Republic,97 000,81 000,120 000
2017,Central African Republic,95 000,79 000,110 000
2018,Central African Republic,94 000,77 000,110 000
2019,Central African Republic,93 000,77 000,110 000
2020,Central African Republic,93 000,76 000,110 000
2021,Central African Republic,91 000,75 000,110 000
2022,Central African Republic,91 000,75 000,120 000
2023,Central African Republic,91 000,74 000,120 000
2024,Central African Republic,92 000,73 000,120 000
1990,Chad,32 000,16 000,59 000
1991,Chad,43 000,23 000,73 000
1992,Chad,52 000,30 000,81 000
1993,Chad,58 000,35 000,88 000
1994,Chad,66 000,43 000,96 000
1995,Chad,76 000,51 000,110 000
1996,Chad,82 000,56 000,110 000
1997,Chad,88 000,63 000,120 000
1998,Chad,93 000,69 000,120 000
1999,Chad,96 000,73 000,120 000
2000,Chad,97 000,75 000,130 000
2001,Chad,98 000,76 000,130 000
2002,Chad,99 000,78 000,130 000
2003,Chad,100 000,81 000,130 000
2004,Chad,100 000,82 000,130 000
2005,Chad,100 000,82 000,130 000
2006,Chad,100 000,82 000,130 000
2007,Chad,100 000,82 000,120 000
2008,Chad,100 000,83 000,120 000
2009,Chad,100 000,83 000,120 000
2010,Chad,100 000,84 000,120 000
2011,Chad,100 000,86 000,130 000
2012,Chad,100 000,88 000,130 000
2013,Chad,100 000,88 000,130 000
2014,Chad,100 000,88 000,120 000
2015,Chad,100 000,88 000,120 000
2016,Chad,100 000,88 000,120 000
2017,Chad,100 000,88 000,120 000
2018,Chad,100 000,88 000,120 000
2019,Chad,100 000,87 000,120 000
2020,Chad,100 000,86 000,120 000
2021,Chad,100 000,87 000,120 000
2022,Chad,100 000,87 000,120 000
2023,Chad,110 000,91 000,130 000
2024,Chad,110 000,92 000,130 000
1990,Congo,60 000,46 000,75 000
1991,Congo,65 000,52 000,78 000
1992,Congo,69 000,56 000,83 000
1993,Congo,72 000,59 000,85 000
1994,Congo,74 000,61 000,87 000
1995,Congo,75 000,63 000,90 000
1996,Congo,76 000,65 000,91 000
1997,Congo,75 000,65 000,91 000
1998,Congo,75 000,66 000,91 000
1999,Congo,75 000,66 000,89 000
2000,Congo,78 000,69 000,91 000
2001,Congo,77 000,68 000,88 000
2002,Congo,75 000,68 000,86 000
2003,Congo,76 000,68 000,87 000
2004,Congo,76 000,68 000,87 000
2005,Congo,77 000,69 000,88 000
2006,Congo,78 000,69 000,89 000
2007,Congo,79 000,70 000,90 000
2008,Congo,80 000,71 000,90 000
2009,Congo,83 000,74 000,94 000
2010,Congo,85 000,75 000,96 000
2011,Congo,87 000,76 000,98 000
2012,Congo,88 000,76 000,100 000
2013,Congo,89 000,76 000,100 000
2014,Congo,90 000,76 000,100 000
2015,Congo,91 000,77 000,110 000
2016,Congo,93 000,78 000,110 000
2017,Congo,95 000,79 000,110 000
2018,Congo,97 000,80 000,120 000
2019,Congo,100 000,80 000,120 000
2020,Congo,100 000,81 000,130 000
2021,Congo,110 000,82 000,130 000
2022,Congo,110 000,84 000,140 000
2023,Congo,120 000,86 000,150 000
2024,Congo,120 000,86 000,160 000
1990,Cote dIvoire,310 000,200 000,470 000
1991,Cote dIvoire,380 000,260 000,540 000
1992,Cote dIvoire,440 000,330 000,600 000
1993,Cote dIvoire,500 000,390 000,650 000
1994,Cote dIvoire,560 000,450 000,690 000
1995,Cote dIvoire,600 000,500 000,710 000
1996,Cote dIvoire,630 000,540 000,740 000
1997,Cote dIvoire,650 000,560 000,750 000
1998,Cote dIvoire,660 000,580 000,750 000
1999,Cote dIvoire,660 000,580 000,750 000
2000,Cote dIvoire,650 000,570 000,730 000
2001,Cote dIvoire,630 000,560 000,710 000
2002,Cote dIvoire,610 000,540 000,690 000
2003,Cote dIvoire,580 000,520 000,650 000
2004,Cote dIvoire,560 000,490 000,630 000
2005,Cote dIvoire,530 000,470 000,600 000
2006,Cote dIvoire,510 000,450 000,570 000
2007,Cote dIvoire,490 000,440 000,550 000
2008,Cote dIvoire,480 000,420 000,540 000
2009,Cote dIvoire,470 000,420 000,530 000
2010,Cote dIvoire,470 000,420 000,520 000
2011,Cote dIvoire,460 000,410 000,520 000
2012,Cote dIvoire,450 000,410 000,510 000
2013,Cote dIvoire,440 000,400 000,500 000
2014,Cote dIvoire,430 000,390 000,490 000
2015,Cote dIvoire,430 000,380 000,480 000
2016,Cote dIvoire,420 000,380 000,480 000
2017,Cote dIvoire,410 000,370 000,470 000
2018,Cote dIvoire,410 000,370 000,470 000
2019,Cote dIvoire,410 000,360 000,470 000
2020,Cote dIvoire,400 000,360 000,460 000
2021,Cote dIvoire,400 000,360 000,460 000
2022,Cote dIvoire,400 000,350 000,460 000
2023,Cote dIvoire,390 000,350 000,460 000
2024,Cote dIvoire,390 000,340 000,450 000
1990,Democratic Republic of the Congo,420 000,320 000,560 000
1991,Democratic Republic of the Congo,470 000,360 000,630 000
1992,Democratic Republic of the Congo,510 000,390 000,670 000
1993,Democratic Republic of the Congo,550 000,420 000,710 000
1994,Democratic Republic of the Congo,600 000,470 000,780 000
1995,Democratic Republic of the Congo,620 000,490 000,790 000
1996,Democratic Republic of the Congo,620 000,490 000,790 000
1997,Democratic Republic of the Congo,620 000,490 000,780 000
1998,Democratic Republic of the Congo,620 000,490 000,780 000
1999,Democratic Republic of the Congo,620 000,490 000,770 000
2000,Democratic Republic of the Congo,620 000,490 000,760 000
2001,Democratic Republic of the Congo,610 000,490 000,750 000
2002,Democratic Republic of the Congo,600 000,490 000,740 000
2003,Democratic Republic of the Congo,590 000,480 000,720 000
2004,Democratic Republic of the Congo,580 000,480 000,710 000
2005,Democratic Republic of the Congo,570 000,480 000,690 000
2006,Democratic Republic of the Congo,560 000,470 000,680 000
2007,Democratic Republic of the Congo,550 000,470 000,670 000
2008,Democratic Republic of the Congo,540 000,460 000,650 000
2009,Democratic Republic of the Congo,530 000,460 000,640 000
2010,Democratic Republic of the Congo,520 000,450 000,630 000
2011,Democratic Republic of the Congo,520 000,440 000,620 000
2012,Democratic Republic of the Congo,510 000,440 000,610 000
2013,Democratic Republic of the Congo,510 000,440 000,600 000
2014,Democratic Republic of the Congo,500 000,430 000,590 000
2015,Democratic Republic of the Congo,500 000,430 000,590 000
2016,Democratic Republic of the Congo,500 000,430 000,590 000
2017,Democratic Republic of the Congo,500 000,430 000,600 000
2018,Democratic Republic of the Congo,510 000,440 000,600 000
2019,Democratic Republic of the Congo,510 000,430 000,600 000
2020,Democratic Republic of the Congo,510 000,440 000,610 000
2021,Democratic Republic of the Congo,520 000,440 000,620 000
2022,Democratic Republic of the Congo,530 000,440 000,640 000
2023,Democratic Republic of the Congo,540 000,440 000,650 000
2024,Democratic Republic of the Congo,540 000,450 000,660 000
1990,Equatorial Guinea,...,...,...
1991,Equatorial Guinea,...,...,...
1992,Equatorial Guinea,...,...,...
1993,Equatorial Guinea,...,...,...
1994,Equatorial Guinea,...,...,...
1995,Equatorial Guinea,...,...,...
1996,Equatorial Guinea,...,...,...
1997,Equatorial Guinea,...,...,...
1998,Equatorial Guinea,...,...,...
1999,Equatorial Guinea,...,...,...
2000,Equatorial Guinea,...,...,...
2001,Equatorial Guinea,...,...,...
2002,Equatorial Guinea,...,...,...
2003,Equatorial Guinea,...,...,...
2004,Equatorial Guinea,...,...,...
2005,Equatorial Guinea,...,...,...
2006,Equatorial Guinea,...,...,...
2007,Equatorial Guinea,...,...,...
2008,Equatorial Guinea,...,...,...
2009,Equatorial Guinea,...,...,...
2010,Equatorial Guinea,...,...,...
2011,Equatorial Guinea,...,...,...
2012,Equatorial Guinea,...,...,...
2013,Equatorial Guinea,...,...,...
2014,Equatorial Guinea,...,...,...
2015,Equatorial Guinea,...,...,...
2016,Equatorial Guinea,...,...,...
2017,Equatorial Guinea,...,...,...
2018,Equatorial Guinea,...,...,...
2019,Equatorial Guinea,...,...,...
2020,Equatorial Guinea,...,...,...
2021,Equatorial Guinea,...,...,...
2022,Equatorial Guinea,...,...,...
2023,Equatorial Guinea,...,...,...
2024,Equatorial Guinea,...,...,...
1990,Gabon,6300,3300,12 000
1991,Gabon,8300,4500,14 000
1992,Gabon,11 000,5900,18 000
1993,Gabon,13 000,8000,22 000
1994,Gabon,17 000,10 000,26 000
1995,Gabon,20 000,13 000,32 000
1996,Gabon,23 000,15 000,35 000
1997,Gabon,26 000,18 000,39 000
1998,Gabon,29 000,21 000,42 000
1999,Gabon,31 000,22 000,44 000
2000,Gabon,33 000,24 000,46 000
2001,Gabon,34 000,25 000,47 000
2002,Gabon,36 000,26 000,47 000
2003,Gabon,36 000,28 000,48 000
2004,Gabon,37 000,29 000,48 000
2005,Gabon,38 000,29 000,48 000
2006,Gabon,40 000,31 000,48 000
2007,Gabon,41 000,33 000,49 000
2008,Gabon,42 000,34 000,50 000
2009,Gabon,43 000,36 000,51 000
2010,Gabon,44 000,37 000,52 000
2011,Gabon,46 000,38 000,53 000
2012,Gabon,47 000,40 000,55 000
2013,Gabon,48 000,41 000,56 000
2014,Gabon,49 000,42 000,57 000
2015,Gabon,50 000,43 000,58 000
2016,Gabon,51 000,44 000,59 000
2017,Gabon,51 000,44 000,59 000
2018,Gabon,51 000,44 000,60 000
2019,Gabon,51 000,44 000,60 000
2020,Gabon,51 000,43 000,61 000
2021,Gabon,50 000,43 000,61 000
2022,Gabon,50 000,42 000,61 000
2023,Gabon,50 000,42 000,62 000
2024,Gabon,50 000,42 000,62 000
1990,Gambia,960,<500,2000
1991,Gambia,1400,680,2700
1992,Gambia,2000,1000,3600
1993,Gambia,2800,1600,4700
1994,Gambia,3700,2300,5900
1995,Gambia,4800,3100,7200
1996,Gambia,6100,4000,8800
1997,Gambia,7400,5100,10 000
1998,Gambia,8900,6200,12 000
1999,Gambia,10 000,7300,14 000
2000,Gambia,12 000,8400,16 000
2001,Gambia,13 000,9600,18 000
2002,Gambia,14 000,11 000,19 000
2003,Gambia,15 000,12 000,21 000
2004,Gambia,16 000,12 000,22 000
2005,Gambia,17 000,13 000,23 000
2006,Gambia,18 000,14 000,24 000
2007,Gambia,19 000,15 000,25 000
2008,Gambia,20 000,15 000,26 000
2009,Gambia,20 000,16 000,26 000
2010,Gambia,21 000,17 000,27 000
2011,Gambia,22 000,17 000,28 000
2012,Gambia,22 000,18 000,29 000
2013,Gambia,23 000,19 000,30 000
2014,Gambia,23 000,19 000,30 000
2015,Gambia,24 000,19 000,30 000
2016,Gambia,24 000,19 000,30 000
2017,Gambia,24 000,19 000,31 000
2018,Gambia,24 000,19 000,30 000
2019,Gambia,24 000,19 000,30 000
2020,Gambia,24 000,19 000,31 000
2021,Gambia,24 000,19 000,30 000
2022,Gambia,24 000,19 000,30 000
2023,Gambia,24 000,19 000,30 000
2024,Gambia,24 000,19 000,30 000
1990,Ghana,96 000,54 000,150 000
1991,Ghana,120 000,74 000,170 000
1992,Ghana,140 000,96 000,190 000
1993,Ghana,160 000,120 000,210 000
1994,Ghana,190 000,140 000,230 000
1995,Ghana,200 000,170 000,250 000
1996,Ghana,220 000,190 000,260 000
1997,Ghana,230 000,200 000,270 000
1998,Ghana,240 000,210 000,280 000
1999,Ghana,250 000,220 000,290 000
2000,Ghana,250 000,230 000,290 000
2001,Ghana,260 000,230 000,300 000
2002,Ghana,260 000,230 000,300 000
2003,Ghana,260 000,230 000,300 000
2004,Ghana,260 000,230 000,300 000
2005,Ghana,260 000,230 000,300 000
2006,Ghana,260 000,230 000,300 000
2007,Ghana,260 000,230 000,300 000
2008,Ghana,260 000,230 000,300 000
2009,Ghana,260 000,230 000,300 000
2010,Ghana,270 000,240 000,310 000
2011,Ghana,270 000,240 000,310 000
2012,Ghana,280 000,240 000,320 000
2013,Ghana,280 000,250 000,320 000
2014,Ghana,280 000,250 000,330 000
2015,Ghana,290 000,250 000,330 000
2016,Ghana,290 000,260 000,340 000
2017,Ghana,300 000,260 000,340 000
2018,Ghana,300 000,260 000,340 000
2019,Ghana,300 000,260 000,350 000
2020,Ghana,300 000,270 000,350 000
2021,Ghana,310 000,270 000,360 000
2022,Ghana,310 000,270 000,370 000
2023,Ghana,310 000,270 000,380 000
2024,Ghana,320 000,270 000,380 000
1990,Guinea,11 000,3900,20 000
1991,Guinea,15 000,6200,25 000
1992,Guinea,19 000,8400,30 000
1993,Guinea,23 000,11 000,35 000
1994,Guinea,28 000,15 000,40 000
1995,Guinea,34 000,19 000,47 000
1996,Guinea,40 000,25 000,53 000
1997,Guinea,45 000,31 000,59 000
1998,Guinea,51 000,38 000,66 000
1999,Guinea,57 000,44 000,72 000
2000,Guinea,61 000,49 000,76 000
2001,Guinea,64 000,53 000,77 000
2002,Guinea,68 000,57 000,81 000
2003,Guinea,72 000,61 000,84 000
2004,Guinea,75 000,63 000,87 000
2005,Guinea,77 000,66 000,90 000
2006,Guinea,80 000,68 000,93 000
2007,Guinea,83 000,71 000,96 000
2008,Guinea,86 000,74 000,99 000
2009,Guinea,90 000,78 000,100 000
2010,Guinea,94 000,81 000,110 000
2011,Guinea,97 000,84 000,110 000
2012,Guinea,100 000,87 000,120 000
2013,Guinea,100 000,90 000,120 000
2014,Guinea,110 000,92 000,120 000
2015,Guinea,110 000,95 000,120 000
2016,Guinea,110 000,97 000,130 000
2017,Guinea,110 000,98 000,130 000
2018,Guinea,110 000,99 000,130 000
2019,Guinea,120 000,99 000,130 000
2020,Guinea,120 000,100 000,140 000
2021,Guinea,120 000,100 000,140 000
2022,Guinea,120 000,100 000,140 000
2023,Guinea,120 000,100 000,140 000
2024,Guinea,120 000,100 000,140 000
1990,Guinea-Bissau,1100,640,1600
1991,Guinea-Bissau,1600,1000,2300
1992,Guinea-Bissau,2300,1500,3300
1993,Guinea-Bissau,3300,2100,4600
1994,Guinea-Bissau,4700,3200,6400
1995,Guinea-Bissau,6600,4500,8600
1996,Guinea-Bissau,9200,6300,11 000
1997,Guinea-Bissau,12 000,9000,15 000
1998,Guinea-Bissau,16 000,12 000,19 000
1999,Guinea-Bissau,20 000,16 000,24 000
2000,Guinea-Bissau,24 000,19 000,28 000
2001,Guinea-Bissau,27 000,22 000,31 000
2002,Guinea-Bissau,29 000,25 000,33 000
2003,Guinea-Bissau,30 000,27 000,35 000
2004,Guinea-Bissau,31 000,28 000,36 000
2005,Guinea-Bissau,32 000,28 000,36 000
2006,Guinea-Bissau,32 000,29 000,37 000
2007,Guinea-Bissau,32 000,29 000,37 000
2008,Guinea-Bissau,33 000,29 000,37 000
2009,Guinea-Bissau,33 000,29 000,37 000
2010,Guinea-Bissau,33 000,29 000,37 000
2011,Guinea-Bissau,33 000,29 000,37 000
2012,Guinea-Bissau,33 000,29 000,38 000
2013,Guinea-Bissau,33 000,29 000,37 000
2014,Guinea-Bissau,33 000,29 000,37 000
2015,Guinea-Bissau,33 000,29 000,38 000
2016,Guinea-Bissau,33 000,29 000,37 000
2017,Guinea-Bissau,33 000,29 000,37 000
2018,Guinea-Bissau,33 000,28 000,37 000
2019,Guinea-Bissau,32 000,28 000,37 000
2020,Guinea-Bissau,32 000,28 000,37 000
2021,Guinea-Bissau,32 000,28 000,37 000
2022,Guinea-Bissau,32 000,27 000,37 000
2023,Guinea-Bissau,32 000,27 000,37 000
2024,Guinea-Bissau,32 000,27 000,37 000
1990,Liberia,16 000,7100,31 000
1991,Liberia,21 000,11 000,38 000
1992,Liberia,26 000,14 000,42 000
1993,Liberia,29 000,18 000,44 000
1994,Liberia,29 000,19 000,42 000
1995,Liberia,31 000,23 000,43 000
1996,Liberia,32 000,24 000,43 000
1997,Liberia,38 000,30 000,48 000
1998,Liberia,40 000,32 000,50 000
1999,Liberia,41 000,34 000,51 000
2000,Liberia,41 000,34 000,50 000
2001,Liberia,41 000,34 000,49 000
2002,Liberia,40 000,34 000,47 000
2003,Liberia,38 000,33 000,44 000
2004,Liberia,37 000,32 000,43 000
2005,Liberia,37 000,32 000,43 000
2006,Liberia,37 000,33 000,43 000
2007,Liberia,37 000,33 000,43 000
2008,Liberia,37 000,32 000,43 000
2009,Liberia,36 000,32 000,42 000
2010,Liberia,36 000,31 000,41 000
2011,Liberia,37 000,32 000,43 000
2012,Liberia,36 000,32 000,42 000
2013,Liberia,36 000,31 000,42 000
2014,Liberia,35 000,30 000,41 000
2015,Liberia,34 000,29 000,41 000
2016,Liberia,34 000,29 000,40 000
2017,Liberia,33 000,28 000,39 000
2018,Liberia,33 000,28 000,39 000
2019,Liberia,33 000,28 000,39 000
2020,Liberia,33 000,28 000,39 000
2021,Liberia,33 000,28 000,39 000
2022,Liberia,33 000,27 000,40 000
2023,Liberia,32 000,27 000,40 000
2024,Liberia,32 000,27 000,40 000
1990,Mali,43 000,20 000,79 000
1991,Mali,52 000,27 000,91 000
1992,Mali,61 000,35 000,97 000
1993,Mali,69 000,44 000,100 000
1994,Mali,76 000,52 000,110 000
1995,Mali,82 000,59 000,110 000
1996,Mali,87 000,65 000,110 000
1997,Mali,90 000,70 000,110 000
1998,Mali,92 000,75 000,110 000
1999,Mali,94 000,77 000,110 000
2000,Mali,95 000,79 000,110 000
2001,Mali,96 000,81 000,110 000
2002,Mali,96 000,83 000,110 000
2003,Mali,96 000,83 000,110 000
2004,Mali,96 000,83 000,110 000
2005,Mali,96 000,83 000,110 000
2006,Mali,97 000,84 000,110 000
2007,Mali,98 000,86 000,120 000
2008,Mali,100 000,88 000,120 000
2009,Mali,100 000,90 000,120 000
2010,Mali,100 000,91 000,120 000
2011,Mali,100 000,92 000,130 000
2012,Mali,100 000,92 000,130 000
2013,Mali,100 000,92 000,130 000
2014,Mali,100 000,92 000,130 000
2015,Mali,100 000,92 000,130 000
2016,Mali,100 000,91 000,130 000
2017,Mali,100 000,91 000,130 000
2018,Mali,100 000,91 000,130 000
2019,Mali,100 000,91 000,130 000
2020,Mali,100 000,90 000,130 000
2021,Mali,100 000,90 000,130 000
2022,Mali,100 000,89 000,130 000
2023,Mali,100 000,89 000,130 000
2024,Mali,100 000,88 000,130 000
1990,Mauritania,1800,1100,3900
1991,Mauritania,2200,1400,4500
1992,Mauritania,2900,1900,5200
1993,Mauritania,3500,2500,5800
1994,Mauritania,4200,3100,6500
1995,Mauritania,4900,3800,7200
1996,Mauritania,5700,4500,7900
1997,Mauritania,6500,5200,8500
1998,Mauritania,7300,5900,9200
1999,Mauritania,8100,6600,10000
2000,Mauritania,8800,7200,11 000
2001,Mauritania,9200,7700,11 000
2002,Mauritania,9600,8000,11 000
2003,Mauritania,9700,8200,11 000
2004,Mauritania,9700,8400,11 000
2005,Mauritania,9600,8400,11 000
2006,Mauritania,9500,8300,11 000
2007,Mauritania,9300,8100,11 000
2008,Mauritania,9100,8000,11 000
2009,Mauritania,8800,7700,10 000
2010,Mauritania,8500,7300,9900
2011,Mauritania,8100,6900,9500
2012,Mauritania,7700,6600,9100
2013,Mauritania,7300,6300,8700
2014,Mauritania,7000,6000,8300
2015,Mauritania,6600,5700,8000
2016,Mauritania,6400,5500,7600
2017,Mauritania,6100,5300,7400
2018,Mauritania,5900,5100,7100
2019,Mauritania,5700,5000,6900
2020,Mauritania,5600,4800,6700
2021,Mauritania,5500,4800,6500
2022,Mauritania,5400,4700,6500
2023,Mauritania,5400,4700,6500
2024,Mauritania,5400,4700,6400
1990,Niger,9600,6600,13 000
1991,Niger,13 000,9800,18 000
1992,Niger,18 000,13 000,22 000
1993,Niger,22 000,17 000,27 000
1994,Niger,26 000,21 000,32 000
1995,Niger,30 000,25 000,36 000
1996,Niger,34 000,28 000,40 000
1997,Niger,36 000,31 000,42 000
1998,Niger,38 000,32 000,44 000
1999,Niger,39 000,33 000,45 000
2000,Niger,39 000,34 000,45 000
2001,Niger,39 000,34 000,45 000
2002,Niger,39 000,33 000,44 000
2003,Niger,38 000,33 000,43 000
2004,Niger,37 000,32 000,41 000
2005,Niger,36 000,31 000,40 000
2006,Niger,34 000,30 000,39 000
2007,Niger,33 000,29 000,38 000
2008,Niger,32 000,29 000,37 000
2009,Niger,31 000,28 000,36 000
2010,Niger,31 000,28 000,35 000
2011,Niger,30 000,27 000,34 000
2012,Niger,30 000,27 000,34 000
2013,Niger,30 000,27 000,34 000
2014,Niger,29 000,27 000,33 000
2015,Niger,29 000,26 000,33 000
2016,Niger,29 000,26 000,32 000
2017,Niger,29 000,26 000,32 000
2018,Niger,29 000,26 000,32 000
2019,Niger,29 000,26 000,32 000
2020,Niger,29 000,26 000,32 000
2021,Niger,29 000,26 000,32 000
2022,Niger,29 000,26 000,32 000
2023,Niger,29 000,26 000,32 000
2024,Niger,29 000,26 000,32 000
1990,Nigeria,460 000,370 000,550 000
1991,Nigeria,560 000,470 000,680 000
1992,Nigeria,680 000,570 000,810 000
1993,Nigeria,800 000,690 000,950 000
1994,Nigeria,920 000,810 000,1.1 m
1995,Nigeria,1.0 m,920 000,1.2 m
1996,Nigeria,1.1 m,1.0 m,1.3 m
1997,Nigeria,1.2 m,1.1 m,1.4 m
1998,Nigeria,1.3 m,1.2 m,1.5 m
1999,Nigeria,1.4 m,1.3 m,1.6 m
2000,Nigeria,1.5 m,1.3 m,1.7 m
2001,Nigeria,1.5 m,1.4 m,1.7 m
2002,Nigeria,1.5 m,1.4 m,1.7 m
2003,Nigeria,1.6 m,1.4 m,1.8 m
2004,Nigeria,1.6 m,1.4 m,1.8 m
2005,Nigeria,1.6 m,1.5 m,1.8 m
2006,Nigeria,1.6 m,1.5 m,1.8 m
2007,Nigeria,1.6 m,1.5 m,1.8 m
2008,Nigeria,1.6 m,1.5 m,1.8 m
2009,Nigeria,1.7 m,1.6 m,1.9 m
2010,Nigeria,1.7 m,1.6 m,1.9 m
2011,Nigeria,1.7 m,1.6 m,1.9 m
2012,Nigeria,1.8 m,1.6 m,1.9 m
2013,Nigeria,1.8 m,1.7 m,2.0 m
2014,Nigeria,1.8 m,1.7 m,2.0 m
2015,Nigeria,1.8 m,1.7 m,2.0 m
2016,Nigeria,1.8 m,1.7 m,2.0 m
2017,Nigeria,1.8 m,1.7 m,2.0 m
2018,Nigeria,1.8 m,1.7 m,2.0 m
2019,Nigeria,1.8 m,1.7 m,2.0 m
2020,Nigeria,1.8 m,1.7 m,2.0 m
2021,Nigeria,1.8 m,1.7 m,2.0 m
2022,Nigeria,1.8 m,1.7 m,2.0 m
2023,Nigeria,1.8 m,1.7 m,2.0 m
2024,Nigeria,1.8 m,1.7 m,2.0 m
1990,Senegal,5400,5200,6000
1991,Senegal,6900,6500,7600
1992,Senegal,8700,8300,9700
1993,Senegal,11 000,10 000,12 000
1994,Senegal,13 000,13 000,15 000
1995,Senegal,16 000,16 000,18 000
1996,Senegal,20 000,19 000,21 000
1997,Senegal,23 000,22 000,25 000
1998,Senegal,27 000,26 000,30 000
1999,Senegal,31 000,30 000,34 000
2000,Senegal,34 000,33 000,38 000
2001,Senegal,37 000,35 000,40 000
2002,Senegal,39 000,37 000,42 000
2003,Senegal,39 000,38 000,43 000
2004,Senegal,39 000,38 000,42 000
2005,Senegal,38 000,37 000,42 000
2006,Senegal,38 000,36 000,41 000
2007,Senegal,37 000,36 000,40 000
2008,Senegal,37 000,36 000,40 000
2009,Senegal,37 000,36 000,40 000
2010,Senegal,37 000,36 000,40 000
2011,Senegal,37 000,36 000,40 000
2012,Senegal,37 000,36 000,40 000
2013,Senegal,37 000,36 000,39 000
2014,Senegal,36 000,35 000,39 000
2015,Senegal,36 000,35 000,39 000
2016,Senegal,36 000,35 000,39 000
2017,Senegal,37 000,35 000,39 000
2018,Senegal,37 000,36 000,39 000
2019,Senegal,38 000,36 000,40 000
2020,Senegal,38 000,37 000,41 000
2021,Senegal,40 000,38 000,42 000
2022,Senegal,42 000,40 000,44 000
2023,Senegal,44 000,42 000,46 000
2024,Senegal,46 000,44 000,48 000
1990,Sierra Leone,14 000,7100,22 000
1991,Sierra Leone,16 000,8600,24 000
1992,Sierra Leone,18 000,10 000,27 000
1993,Sierra Leone,21 000,13 000,31 000
1994,Sierra Leone,24 000,15 000,34 000
1995,Sierra Leone,27 000,18 000,37 000
1996,Sierra Leone,30 000,21 000,39 000
1997,Sierra Leone,32 000,23 000,42 000
1998,Sierra Leone,34 000,26 000,44 000
1999,Sierra Leone,36 000,28 000,45 000
2000,Sierra Leone,38 000,31 000,48 000
2001,Sierra Leone,42 000,35 000,52 000
2002,Sierra Leone,44 000,37 000,55 000
2003,Sierra Leone,46 000,39 000,56 000
2004,Sierra Leone,47 000,41 000,57 000
2005,Sierra Leone,48 000,42 000,58 000
2006,Sierra Leone,49 000,43 000,58 000
2007,Sierra Leone,50 000,44 000,59 000
2008,Sierra Leone,51 000,45 000,60 000
2009,Sierra Leone,53 000,46 000,61 000
2010,Sierra Leone,54 000,48 000,63 000
2011,Sierra Leone,56 000,49 000,64 000
2012,Sierra Leone,58 000,51 000,66 000
2013,Sierra Leone,59 000,52 000,67 000
2014,Sierra Leone,61 000,53 000,69 000
2015,Sierra Leone,62 000,55 000,71 000
2016,Sierra Leone,64 000,57 000,73 000
2017,Sierra Leone,66 000,58 000,76 000
2018,Sierra Leone,68 000,59 000,78 000
2019,Sierra Leone,70 000,60 000,80 000
2020,Sierra Leone,71 000,62 000,83 000
2021,Sierra Leone,73 000,62 000,85 000
2022,Sierra Leone,74 000,63 000,87 000
2023,Sierra Leone,74 000,63 000,88 000
2024,Sierra Leone,75 000,63 000,89 000
1990,Togo,14 000,10000,20 000
1991,Togo,19 000,14 000,26 000
1992,Togo,26 000,19 000,34 000
1993,Togo,31 000,23 000,40 000
1994,Togo,39 000,30 000,51 000
1995,Togo,49 000,39 000,63 000
1996,Togo,59 000,47 000,74 000
1997,Togo,68 000,54 000,84 000
1998,Togo,76 000,60 000,93 000
1999,Togo,82 000,65 000,100 000
2000,Togo,86 000,69 000,110 000
2001,Togo,89 000,72 000,110 000
2002,Togo,90 000,74 000,110 000
2003,Togo,90 000,75 000,110 000
2004,Togo,90 000,75 000,110 000
2005,Togo,89 000,76 000,110 000
2006,Togo,90 000,76 000,110 000
2007,Togo,89 000,76 000,110 000
2008,Togo,89 000,76 000,110 000
2009,Togo,89 000,76 000,100 000
2010,Togo,89 000,76 000,100 000
2011,Togo,90 000,77 000,110 000
2012,Togo,90 000,77 000,110 000
2013,Togo,90 000,77 000,110 000
2014,Togo,90 000,77 000,110 000
2015,Togo,90 000,78 000,110 000
2016,Togo,90 000,78 000,110 000
2017,Togo,91 000,78 000,110 000
2018,Togo,91 000,78 000,110 000
2019,Togo,92 000,78 000,110 000
2020,Togo,93 000,79 000,110 000
2021,Togo,93 000,79 000,110 000
2022,Togo,94 000,79 000,110 000
2023,Togo,95 000,80 000,120 000
2024,Togo,96 000,79 000,120 000
1990,Sao Tome and Principe,...,...,...
1991,Sao Tome and Principe,...,...,...
1992,Sao Tome and Principe,...,...,...
1993,Sao Tome and Principe,...,...,...
1994,Sao Tome and Principe,...,...,...
1995,Sao Tome and Principe,...,...,...
1996,Sao Tome and Principe,...,...,...
1997,Sao Tome and Principe,...,...,...
1998,Sao Tome and Principe,...,...,...
1999,Sao Tome and Principe,...,...,...
2000,Sao Tome and Principe,...,...,...
2001,Sao Tome and Principe,...,...,...
2002,Sao Tome and Principe,...,...,...
2003,Sao Tome and Principe,...,...,...
2004,Sao Tome and Principe,...,...,...
2005,Sao Tome and Principe,...,...,...
2006,Sao Tome and Principe,...,...,...
2007,Sao Tome and Principe,...,...,...
2008,Sao Tome and Principe,...,...,...
2009,Sao Tome and Principe,...,...,...
2010,Sao Tome and Principe,...,...,...
2011,Sao Tome and Principe,...,...,...
2012,Sao Tome and Principe,...,...,...
2013,Sao Tome and Principe,...,...,...
2014,Sao Tome and Principe,...,...,...
2015,Sao Tome and Principe,...,...,...
2016,Sao Tome and Principe,...,...,...
2017,Sao Tome and Principe,...,...,...
2018,Sao Tome and Principe,...,...,...
2019,Sao Tome and Principe,...,...,...
2020,Sao Tome and Principe,...,...,...
2021,Sao Tome and Principe,...,...,...
2022,Sao Tome and Principe,...,...,...
2023,Sao Tome and Principe,...,...,...
2024,Sao Tome and Principe,...,...,...
1990,Western and central Europe and North America,910 000,800 000,1.0 m
1991,Western and central Europe and North America,940 000,840 000,1.0 m
1992,Western and central Europe and North America,970 000,860 000,1.1 m
1993,Western and central Europe and North America,990 000,880 000,1.1 m
1994,Western and central Europe and North America,1.0 m,890 000,1.1 m
1995,Western and central Europe and North America,1.0 m,900 000,1.1 m
1996,Western and central Europe and North America,1.0 m,920 000,1.1 m
1997,Western and central Europe and North America,1.1 m,950 000,1.2 m
1998,Western and central Europe and North America,1.1 m,990 000,1.2 m
1999,Western and central Europe and North America,1.2 m,1.0 m,1.3 m
2000,Western and central Europe and North America,1.2 m,1.1 m,1.3 m
2001,Western and central Europe and North America,1.3 m,1.1 m,1.4 m
2002,Western and central Europe and North America,1.3 m,1.2 m,1.4 m
2003,Western and central Europe and North America,1.4 m,1.2 m,1.5 m
2004,Western and central Europe and North America,1.4 m,1.3 m,1.6 m
2005,Western and central Europe and North America,1.5 m,1.3 m,1.6 m
2006,Western and central Europe and North America,1.5 m,1.3 m,1.7 m
2007,Western and central Europe and North America,1.6 m,1.4 m,1.7 m
2008,Western and central Europe and North America,1.6 m,1.4 m,1.8 m
2009,Western and central Europe and North America,1.7 m,1.5 m,1.8 m
2010,Western and central Europe and North America,1.7 m,1.5 m,1.9 m
2011,Western and central Europe and North America,1.8 m,1.6 m,2.0 m
2012,Western and central Europe and North America,1.8 m,1.6 m,2.0 m
2013,Western and central Europe and North America,1.9 m,1.7 m,2.1 m
2014,Western and central Europe and North America,1.9 m,1.7 m,2.1 m
2015,Western and central Europe and North America,2.0 m,1.8 m,2.2 m
2016,Western and central Europe and North America,2.0 m,1.8 m,2.2 m
2017,Western and central Europe and North America,2.1 m,1.8 m,2.3 m
2018,Western and central Europe and North America,2.1 m,1.9 m,2.3 m
2019,Western and central Europe and North America,2.2 m,1.9 m,2.4 m
2020,Western and central Europe and North America,2.2 m,2.0 m,2.4 m
2021,Western and central Europe and North America,2.2 m,2.0 m,2.5 m
2022,Western and central Europe and North America,2.3 m,2.0 m,2.5 m
2023,Western and central Europe and North America,2.3 m,2.1 m,2.6 m
2024,Western and central Europe and North America,2.4 m,2.1 m,2.6 m
1990,Austria,...,...,...
1991,Austria,...,...,...
1992,Austria,...,...,...
1993,Austria,...,...,...
1994,Austria,...,...,...
1995,Austria,...,...,...
1996,Austria,...,...,...
1997,Austria,...,...,...
1998,Austria,...,...,...
1999,Austria,...,...,...
2000,Austria,...,...,...
2001,Austria,...,...,...
2002,Austria,...,...,...
2003,Austria,...,...,...
2004,Austria,...,...,...
2005,Austria,...,...,...
2006,Austria,...,...,...
2007,Austria,...,...,...
2008,Austria,...,...,...
2009,Austria,...,...,...
2010,Austria,...,...,...
2011,Austria,...,...,...
2012,Austria,...,...,...
2013,Austria,...,...,...
2014,Austria,...,...,...
2015,Austria,...,...,...
2016,Austria,...,...,...
2017,Austria,...,...,...
2018,Austria,...,...,...
2019,Austria,...,...,...
2020,Austria,...,...,...
2021,Austria,...,...,...
2022,Austria,...,...,...
2023,Austria,...,...,...
2024,Austria,...,...,...
1990,Belgium,2900,2800,3100
1991,Belgium,3000,2900,3100
1992,Belgium,3100,3000,3300
1993,Belgium,3200,3100,3400
1994,Belgium,3300,3200,3500
1995,Belgium,3600,3400,3800
1996,Belgium,3900,3700,4100
1997,Belgium,4300,4100,4500
1998,Belgium,4700,4500,5000
1999,Belgium,5100,4900,5400
2000,Belgium,5600,5300,5900
2001,Belgium,6100,5800,6400
2002,Belgium,6600,6200,6900
2003,Belgium,7100,6700,7500
2004,Belgium,7600,7200,8000
2005,Belgium,8200,7700,8600
2006,Belgium,8900,8400,9300
2007,Belgium,9600,9100,10 000
2008,Belgium,10 000,9800,11 000
2009,Belgium,11 000,10 000,12 000
2010,Belgium,12 000,11 000,12 000
2011,Belgium,13 000,12 000,13 000
2012,Belgium,13 000,13 000,14 000
2013,Belgium,14 000,13 000,15 000
2014,Belgium,15 000,14 000,15 000
2015,Belgium,15 000,14 000,16 000
2016,Belgium,16 000,15 000,17 000
2017,Belgium,16 000,15 000,17 000
2018,Belgium,17 000,16 000,18 000
2019,Belgium,17 000,16 000,18 000
2020,Belgium,17 000,16 000,19 000
2021,Belgium,18 000,16 000,19 000
2022,Belgium,18 000,17 000,20 000
2023,Belgium,19 000,17 000,20 000
2024,Belgium,19 000,17 000,21 000
1990,Bulgaria,840,670,1000
1991,Bulgaria,930,750,1200
1992,Bulgaria,1000,830,1300
1993,Bulgaria,1200,920,1500
1994,Bulgaria,1300,1000,1700
1995,Bulgaria,1400,1100,1900
1996,Bulgaria,1600,1200,2100
1997,Bulgaria,1600,1200,2000
1998,Bulgaria,1600,1300,2000
1999,Bulgaria,1600,1300,1900
2000,Bulgaria,1600,1300,1900
2001,Bulgaria,1600,1300,1900
2002,Bulgaria,1600,1400,1800
2003,Bulgaria,1600,1400,1800
2004,Bulgaria,1700,1400,1900
2005,Bulgaria,1700,1400,1900
2006,Bulgaria,1700,1500,2000
2007,Bulgaria,1800,1500,2000
2008,Bulgaria,1800,1500,2100
2009,Bulgaria,1900,1600,2100
2010,Bulgaria,2000,1700,2200
2011,Bulgaria,2100,1700,2300
2012,Bulgaria,2200,1800,2400
2013,Bulgaria,2300,1900,2500
2014,Bulgaria,2400,2000,2700
2015,Bulgaria,2500,2100,2800
2016,Bulgaria,2600,2200,2900
2017,Bulgaria,2700,2300,3100
2018,Bulgaria,2900,2400,3200
2019,Bulgaria,3000,2500,3400
2020,Bulgaria,3200,2700,3600
2021,Bulgaria,3400,2800,3800
2022,Bulgaria,3600,3000,4000
2023,Bulgaria,3800,3200,4200
2024,Bulgaria,4000,3300,4400
1990,Canada,31 000,25 000,35 000
1991,Canada,31 000,25 000,36 000
1992,Canada,32 000,26 000,36 000
1993,Canada,32 000,26 000,37 000
1994,Canada,32 000,26 000,37 000
1995,Canada,32 000,26 000,37 000
1996,Canada,32 000,27 000,37 000
1997,Canada,33 000,28 000,38 000
1998,Canada,34 000,28 000,39 000
1999,Canada,35 000,29 000,40 000
2000,Canada,37 000,30 000,41 000
2001,Canada,38 000,31 000,43 000
2002,Canada,39 000,33 000,44 000
2003,Canada,41 000,34 000,46 000
2004,Canada,42 000,35 000,47 000
2005,Canada,43 000,36 000,49 000
2006,Canada,44 000,37 000,49 000
2007,Canada,45 000,38 000,50 000
2008,Canada,46 000,38 000,51 000
2009,Canada,47 000,39 000,53 000
2010,Canada,48 000,41 000,54 000
2011,Canada,50 000,41 000,56 000
2012,Canada,51 000,42 000,57 000
2013,Canada,52 000,43 000,58 000
2014,Canada,53 000,44 000,60 000
2015,Canada,55 000,46 000,62 000
2016,Canada,56 000,47 000,64 000
2017,Canada,58 000,48 000,66 000
2018,Canada,60 000,49 000,68 000
2019,Canada,61 000,51 000,70 000
2020,Canada,62 000,52 000,71 000
2021,Canada,64 000,53 000,73 000
2022,Canada,65 000,54 000,75 000
2023,Canada,...,...,...
2024,Canada,...,...,...
1990,Croatia,<200,<200,<500
1991,Croatia,<500,<200,<500
1992,Croatia,<500,<200,<500
1993,Croatia,<500,<500,<500
1994,Croatia,<500,<500,<500
1995,Croatia,<500,<500,<500
1996,Croatia,<500,<500,<500
1997,Croatia,<500,<500,<500
1998,Croatia,<500,<500,<500
1999,Croatia,<500,<500,530
2000,Croatia,<500,<500,570
2001,Croatia,560,<500,630
2002,Croatia,620,520,700
2003,Croatia,680,580,780
2004,Croatia,750,630,850
2005,Croatia,820,690,920
2006,Croatia,890,750,1000
2007,Croatia,960,810,1100
2008,Croatia,1000,870,1200
2009,Croatia,1100,920,1200
2010,Croatia,1200,990,1300
2011,Croatia,1200,1000,1400
2012,Croatia,1300,1100,1500
2013,Croatia,1400,1100,1500
2014,Croatia,1400,1200,1600
2015,Croatia,1500,1200,1700
2016,Croatia,1500,1300,1700
2017,Croatia,1600,1300,1800
2018,Croatia,1600,1300,1800
2019,Croatia,1600,1400,1900
2020,Croatia,1700,1400,1900
2021,Croatia,1700,1400,1900
2022,Croatia,1700,1500,2000
2023,Croatia,1800,1500,2000
2024,Croatia,1800,1500,2100
1990,Cyprus,...,...,...
1991,Cyprus,...,...,...
1992,Cyprus,...,...,...
1993,Cyprus,...,...,...
1994,Cyprus,...,...,...
1995,Cyprus,...,...,...
1996,Cyprus,...,...,...
1997,Cyprus,...,...,...
1998,Cyprus,...,...,...
1999,Cyprus,...,...,...
2000,Cyprus,...,...,...
2001,Cyprus,...,...,...
2002,Cyprus,...,...,...
2003,Cyprus,...,...,...
2004,Cyprus,...,...,...
2005,Cyprus,...,...,...
2006,Cyprus,...,...,...
2007,Cyprus,...,...,...
2008,Cyprus,...,...,...
2009,Cyprus,...,...,...
2010,Cyprus,...,...,...
2011,Cyprus,...,...,...
2012,Cyprus,...,...,...
2013,Cyprus,...,...,...
2014,Cyprus,...,...,...
2015,Cyprus,...,...,...
2016,Cyprus,...,...,...
2017,Cyprus,...,...,...
2018,Cyprus,...,...,...
2019,Cyprus,...,...,...
2020,Cyprus,...,...,...
2021,Cyprus,...,...,...
2022,Cyprus,...,...,...
2023,Cyprus,...,...,...
2024,Cyprus,...,...,...
1990,Czech Republic,...,...,...
1991,Czech Republic,...,...,...
1992,Czech Republic,...,...,...
1993,Czech Republic,...,...,...
1994,Czech Republic,...,...,...
1995,Czech Republic,...,...,...
1996,Czech Republic,...,...,...
1997,Czech Republic,...,...,...
1998,Czech Republic,...,...,...
1999,Czech Republic,...,...,...
2000,Czech Republic,...,...,...
2001,Czech Republic,...,...,...
2002,Czech Republic,...,...,...
2003,Czech Republic,...,...,...
2004,Czech Republic,...,...,...
2005,Czech Republic,...,...,...
2006,Czech Republic,...,...,...
2007,Czech Republic,...,...,...
2008,Czech Republic,...,...,...
2009,Czech Republic,...,...,...
2010,Czech Republic,...,...,...
2011,Czech Republic,...,...,...
2012,Czech Republic,...,...,...
2013,Czech Republic,...,...,...
2014,Czech Republic,...,...,...
2015,Czech Republic,...,...,...
2016,Czech Republic,...,...,...
2017,Czech Republic,...,...,...
2018,Czech Republic,...,...,...
2019,Czech Republic,...,...,...
2020,Czech Republic,...,...,...
2021,Czech Republic,...,...,...
2022,Czech Republic,...,...,...
2023,Czech Republic,...,...,...
2024,Czech Republic,...,...,...
1990,Denmark,2500,2100,2800
1991,Denmark,2700,2300,3000
1992,Denmark,2800,2400,3200
1993,Denmark,2900,2500,3300
1994,Denmark,3000,2600,3400
1995,Denmark,3100,2700,3500
1996,Denmark,3200,2700,3500
1997,Denmark,3300,2900,3700
1998,Denmark,3600,3100,4000
1999,Denmark,3800,3300,4200
2000,Denmark,4000,3500,4400
2001,Denmark,4300,3700,4700
2002,Denmark,4500,3800,4900
2003,Denmark,4600,4000,5100
2004,Denmark,4800,4100,5200
2005,Denmark,4900,4200,5400
2006,Denmark,5000,4300,5600
2007,Denmark,5100,4400,5700
2008,Denmark,5200,4600,5900
2009,Denmark,5400,4700,6000
2010,Denmark,5500,4800,6100
2011,Denmark,5600,4800,6200
2012,Denmark,5700,4900,6400
2013,Denmark,5800,5000,6400
2014,Denmark,5900,5100,6600
2015,Denmark,6000,5100,6600
2016,Denmark,6000,5200,6700
2017,Denmark,6100,5200,6800
2018,Denmark,6100,5200,6900
2019,Denmark,6100,5300,6900
2020,Denmark,6200,5300,6900
2021,Denmark,6200,5300,7000
2022,Denmark,6200,5300,7000
2023,Denmark,6200,5300,7000
2024,Denmark,6200,5300,7100
1990,Estonia,<100,<100,<100
1991,Estonia,<100,<100,<100
1992,Estonia,<100,<100,<100
1993,Estonia,<100,<100,<100
1994,Estonia,<100,<100,<100
1995,Estonia,<100,<100,<100
1996,Estonia,<100,<100,<100
1997,Estonia,<100,<100,<100
1998,Estonia,<100,<100,<100
1999,Estonia,<100,<100,<100
2000,Estonia,<200,<100,<500
2001,Estonia,1200,990,1400
2002,Estonia,2100,1800,2300
2003,Estonia,2800,2400,3100
2004,Estonia,3400,2900,3800
2005,Estonia,3900,3400,4300
2006,Estonia,4300,3800,4800
2007,Estonia,4600,4100,5100
2008,Estonia,4900,4300,5400
2009,Estonia,5200,4500,5600
2010,Estonia,5300,4700,5800
2011,Estonia,5500,4800,5900
2012,Estonia,5600,5000,6000
2013,Estonia,5700,5000,6100
2014,Estonia,5800,5100,6200
2015,Estonia,5900,5200,6300
2016,Estonia,5900,5300,6400
2017,Estonia,6000,5400,6500
2018,Estonia,6100,5500,6600
2019,Estonia,6200,5600,6700
2020,Estonia,6200,5700,6800
2021,Estonia,6300,5700,6900
2022,Estonia,6400,5800,7100
2023,Estonia,6500,5900,7200
2024,Estonia,6400,5800,7200
1990,Finland,...,...,...
1991,Finland,...,...,...
1992,Finland,...,...,...
1993,Finland,...,...,...
1994,Finland,...,...,...
1995,Finland,...,...,...
1996,Finland,...,...,...
1997,Finland,...,...,...
1998,Finland,...,...,...
1999,Finland,...,...,...
2000,Finland,...,...,...
2001,Finland,...,...,...
2002,Finland,...,...,...
2003,Finland,...,...,...
2004,Finland,...,...,...
2005,Finland,...,...,...
2006,Finland,...,...,...
2007,Finland,...,...,...
2008,Finland,...,...,...
2009,Finland,...,...,...
2010,Finland,...,...,...
2011,Finland,...,...,...
2012,Finland,...,...,...
2013,Finland,...,...,...
2014,Finland,...,...,...
2015,Finland,...,...,...
2016,Finland,...,...,...
2017,Finland,...,...,...
2018,Finland,...,...,...
2019,Finland,...,...,...
2020,Finland,...,...,...
2021,Finland,...,...,...
2022,Finland,...,...,...
2023,Finland,...,...,...
2024,Finland,...,...,...
1990,France,43 000,36 000,51 000
1991,France,46 000,40 000,55 000
1992,France,49 000,42 000,58 000
1993,France,52 000,45 000,61 000
1994,France,55 000,47 000,64 000
1995,France,57 000,49 000,66 000
1996,France,59 000,51 000,67 000
1997,France,62 000,53 000,71 000
1998,France,66 000,57 000,75 000
1999,France,70 000,62 000,80 000
2000,France,75 000,66 000,85 000
2001,France,80 000,70 000,92 000
2002,France,86 000,74 000,98 000
2003,France,91 000,78 000,100 000
2004,France,96 000,83 000,110 000
2005,France,100 000,87 000,110 000
2006,France,110 000,91 000,120 000
2007,France,110 000,95 000,120 000
2008,France,110 000,98 000,130 000
2009,France,120 000,100 000,130 000
2010,France,120 000,110 000,140 000
2011,France,130 000,110 000,140 000
2012,France,130 000,110 000,150 000
2013,France,140 000,120 000,150 000
2014,France,140 000,120 000,150 000
2015,France,140 000,120 000,160 000
2016,France,150 000,130 000,160 000
2017,France,150 000,130 000,170 000
2018,France,160 000,140 000,170 000
2019,France,160 000,140 000,180 000
2020,France,170 000,140 000,180 000
2021,France,170 000,150 000,190 000
2022,France,170 000,150 000,190 000
2023,France,180 000,160 000,200 000
2024,France,...,...,...
1990,Germany,...,...,...
1991,Germany,...,...,...
1992,Germany,...,...,...
1993,Germany,...,...,...
1994,Germany,...,...,...
1995,Germany,...,...,...
1996,Germany,...,...,...
1997,Germany,...,...,...
1998,Germany,...,...,...
1999,Germany,...,...,...
2000,Germany,...,...,...
2001,Germany,...,...,...
2002,Germany,...,...,...
2003,Germany,...,...,...
2004,Germany,...,...,...
2005,Germany,...,...,...
2006,Germany,...,...,...
2007,Germany,...,...,...
2008,Germany,...,...,...
2009,Germany,...,...,...
2010,Germany,64 000,51 000,75 000
2011,Germany,66 000,53 000,78 000
2012,Germany,68 000,55 000,80 000
2013,Germany,71 000,57 000,83 000
2014,Germany,73 000,59 000,86 000
2015,Germany,76 000,61 000,89 000
2016,Germany,78 000,63 000,92 000
2017,Germany,81 000,65 000,94 000
2018,Germany,83 000,67 000,97 000
2019,Germany,85 000,69 000,99 000
2020,Germany,87 000,70 000,100 000
2021,Germany,88 000,72 000,100 000
2022,Germany,91 000,74 000,110 000
2023,Germany,94 000,77 000,110 000
2024,Germany,97 000,80 000,110 000
1990,Greece,1000,770,1200
1991,Greece,1300,980,1500
1992,Greece,1600,1200,1900
1993,Greece,1900,1500,2200
1994,Greece,2200,1700,2600
1995,Greece,2600,2100,3000
1996,Greece,3000,2400,3500
1997,Greece,3400,2700,3900
1998,Greece,3700,3000,4300
1999,Greece,4000,3300,4600
2000,Greece,4300,3600,5000
2001,Greece,4600,3900,5300
2002,Greece,4900,4200,5600
2003,Greece,5400,4500,6000
2004,Greece,5900,5000,6600
2005,Greece,6400,5500,7200
2006,Greece,7000,5900,7800
2007,Greece,7700,6400,8500
2008,Greece,8300,6900,9100
2009,Greece,8900,7500,9800
2010,Greece,9500,8000,11 000
2011,Greece,10 000,8500,11 000
2012,Greece,11 000,9100,12 000
2013,Greece,11 000,9600,12 000
2014,Greece,12 000,10 000,13 000
2015,Greece,13 000,11 000,14 000
2016,Greece,13 000,11 000,14 000
2017,Greece,14 000,11 000,15 000
2018,Greece,14 000,12 000,16 000
2019,Greece,15 000,12 000,16 000
2020,Greece,15 000,13 000,17 000
2021,Greece,16 000,13 000,17 000
2022,Greece,16 000,14 000,18 000
2023,Greece,17 000,14 000,19 000
2024,Greece,17 000,14 000,19 000
1990,Hungary,...,...,...
1991,Hungary,...,...,...
1992,Hungary,...,...,...
1993,Hungary,...,...,...
1994,Hungary,...,...,...
1995,Hungary,...,...,...
1996,Hungary,...,...,...
1997,Hungary,...,...,...
1998,Hungary,...,...,...
1999,Hungary,...,...,...
2000,Hungary,...,...,...
2001,Hungary,...,...,...
2002,Hungary,...,...,...
2003,Hungary,...,...,...
2004,Hungary,...,...,...
2005,Hungary,...,...,...
2006,Hungary,...,...,...
2007,Hungary,...,...,...
2008,Hungary,...,...,...
2009,Hungary,...,...,...
2010,Hungary,...,...,...
2011,Hungary,...,...,...
2012,Hungary,...,...,...
2013,Hungary,...,...,...
2014,Hungary,...,...,...
2015,Hungary,...,...,...
2016,Hungary,...,...,...
2017,Hungary,...,...,...
2018,Hungary,...,...,...
2019,Hungary,...,...,...
2020,Hungary,...,...,...
2021,Hungary,...,...,...
2022,Hungary,...,...,...
2023,Hungary,...,...,...
2024,Hungary,...,...,...
1990,Iceland,<100,<100,<100
1991,Iceland,<100,<100,<100
1992,Iceland,<100,<100,<100
1993,Iceland,<100,<100,<100
1994,Iceland,<100,<100,<100
1995,Iceland,<100,<100,<100
1996,Iceland,<100,<100,<100
1997,Iceland,<100,<100,<100
1998,Iceland,<100,<100,<100
1999,Iceland,<100,<100,<200
2000,Iceland,<200,<100,<200
2001,Iceland,<200,<100,<200
2002,Iceland,<200,<100,<200
2003,Iceland,<200,<200,<200
2004,Iceland,<200,<200,<200
2005,Iceland,<200,<200,<200
2006,Iceland,<200,<200,<200
2007,Iceland,<200,<200,<500
2008,Iceland,<200,<200,<500
2009,Iceland,<200,<200,<500
2010,Iceland,<500,<200,<500
2011,Iceland,<500,<200,<500
2012,Iceland,<500,<200,<500
2013,Iceland,<500,<200,<500
2014,Iceland,<500,<500,<500
2015,Iceland,<500,<500,<500
2016,Iceland,<500,<500,<500
2017,Iceland,<500,<500,<500
2018,Iceland,<500,<500,<500
2019,Iceland,<500,<500,<500
2020,Iceland,<500,<500,<500
2021,Iceland,<500,<500,<500
2022,Iceland,<500,<500,<500
2023,Iceland,<500,<500,<500
2024,Iceland,<500,<500,530
1990,Ireland,<500,<500,600
1991,Ireland,610,520,720
1992,Ireland,730,630,840
1993,Ireland,850,750,970
1994,Ireland,970,860,1100
1995,Ireland,1100,960,1200
1996,Ireland,1200,1100,1400
1997,Ireland,1400,1300,1600
1998,Ireland,1600,1400,1800
1999,Ireland,1800,1600,2000
2000,Ireland,2000,1800,2200
2001,Ireland,2300,2000,2500
2002,Ireland,2500,2200,2800
2003,Ireland,2800,2500,3000
2004,Ireland,3000,2700,3300
2005,Ireland,3300,3000,3600
2006,Ireland,3700,3200,3900
2007,Ireland,4000,3500,4300
2008,Ireland,4200,3800,4500
2009,Ireland,4500,4000,4800
2010,Ireland,4700,4200,5100
2011,Ireland,5000,4400,5400
2012,Ireland,5300,4600,5700
2013,Ireland,5500,4900,5900
2014,Ireland,5800,5100,6300
2015,Ireland,6100,5300,6500
2016,Ireland,6300,5600,6900
2017,Ireland,6600,5800,7200
2018,Ireland,6900,6000,7500
2019,Ireland,7100,6200,7700
2020,Ireland,7300,6400,8000
2021,Ireland,7500,6600,8300
2022,Ireland,7900,6900,8800
2023,Ireland,8600,7500,9500
2024,Ireland,9100,8000,10 000
1990,Israel,...,...,...
1991,Israel,...,...,...
1992,Israel,...,...,...
1993,Israel,...,...,...
1994,Israel,...,...,...
1995,Israel,...,...,...
1996,Israel,...,...,...
1997,Israel,...,...,...
1998,Israel,...,...,...
1999,Israel,...,...,...
2000,Israel,...,...,...
2001,Israel,...,...,...
2002,Israel,...,...,...
2003,Israel,...,...,...
2004,Israel,...,...,...
2005,Israel,...,...,...
2006,Israel,...,...,...
2007,Israel,...,...,...
2008,Israel,...,...,...
2009,Israel,...,...,...
2010,Israel,...,...,...
2011,Israel,...,...,...
2012,Israel,...,...,...
2013,Israel,...,...,...
2014,Israel,...,...,...
2015,Israel,...,...,...
2016,Israel,...,...,...
2017,Israel,...,...,...
2018,Israel,...,...,...
2019,Israel,...,...,...
2020,Israel,...,...,...
2021,Israel,...,...,...
2022,Israel,...,...,...
2023,Israel,...,...,...
2024,Israel,...,...,...
1990,Italy,50 000,41 000,58 000
1991,Italy,53 000,44 000,60 000
1992,Italy,54 000,45 000,62 000
1993,Italy,55 000,46 000,62 000
1994,Italy,56 000,47 000,63 000
1995,Italy,57 000,48 000,63 000
1996,Italy,57 000,49 000,63 000
1997,Italy,58 000,50 000,64 000
1998,Italy,60 000,52 000,66 000
1999,Italy,63 000,55 000,69 000
2000,Italy,66 000,58 000,73 000
2001,Italy,70 000,61 000,77 000
2002,Italy,74 000,64 000,81 000
2003,Italy,78 000,68 000,86 000
2004,Italy,83 000,71 000,91 000
2005,Italy,87 000,75 000,96 000
2006,Italy,91 000,78 000,100 000
2007,Italy,96 000,82 000,110 000
2008,Italy,100 000,86 000,110 000
2009,Italy,100 000,90 000,120 000
2010,Italy,110 000,93 000,120 000
2011,Italy,110 000,96 000,120 000
2012,Italy,120 000,99 000,130 000
2013,Italy,120 000,100 000,130 000
2014,Italy,120 000,110 000,140 000
2015,Italy,130 000,110 000,140 000
2016,Italy,130 000,110 000,150 000
2017,Italy,130 000,110 000,150 000
2018,Italy,140 000,120 000,150 000
2019,Italy,140 000,120 000,160 000
2020,Italy,140 000,120 000,160 000
2021,Italy,150 000,120 000,160 000
2022,Italy,150 000,120 000,170 000
2023,Italy,150 000,130 000,170 000
2024,Italy,150 000,130 000,180 000
1990,Latvia,710,<500,1100
1991,Latvia,800,500,1200
1992,Latvia,890,530,1300
1993,Latvia,990,580,1500
1994,Latvia,1100,640,1600
1995,Latvia,1200,800,1800
1996,Latvia,1400,1000,1800
1997,Latvia,1600,1300,2000
1998,Latvia,2100,1700,2500
1999,Latvia,2800,2400,3400
2000,Latvia,3300,2800,3800
2001,Latvia,3700,3200,4100
2002,Latvia,4000,3500,4500
2003,Latvia,4400,3900,4800
2004,Latvia,4700,4200,5100
2005,Latvia,4900,4500,5400
2006,Latvia,5200,4700,5600
2007,Latvia,5400,5000,5800
2008,Latvia,5600,5200,6000
2009,Latvia,5700,5300,6100
2010,Latvia,5700,5300,6200
2011,Latvia,5800,5400,6300
2012,Latvia,5900,5500,6400
2013,Latvia,6000,5600,6400
2014,Latvia,6100,5700,6500
2015,Latvia,6100,5700,6500
2016,Latvia,6200,5700,6600
2017,Latvia,6200,5800,6700
2018,Latvia,6300,5900,6700
2019,Latvia,6300,5900,6700
2020,Latvia,6300,5900,6800
2021,Latvia,6200,5800,6700
2022,Latvia,6300,5800,6700
2023,Latvia,6200,5700,6700
2024,Latvia,6000,5500,6500
1990,Lithuania,530,<500,640
1991,Lithuania,590,<500,710
1992,Lithuania,650,510,770
1993,Lithuania,700,570,820
1994,Lithuania,760,620,880
1995,Lithuania,810,670,930
1996,Lithuania,870,720,1000
1997,Lithuania,920,770,1100
1998,Lithuania,980,840,1100
1999,Lithuania,1100,900,1200
2000,Lithuania,1100,980,1300
2001,Lithuania,1200,1100,1300
2002,Lithuania,1300,1100,1400
2003,Lithuania,1400,1200,1500
2004,Lithuania,1500,1300,1600
2005,Lithuania,1600,1400,1700
2006,Lithuania,1700,1500,1900
2007,Lithuania,1800,1600,2000
2008,Lithuania,1900,1700,2100
2009,Lithuania,2000,1800,2200
2010,Lithuania,2000,1900,2200
2011,Lithuania,2100,1900,2300
2012,Lithuania,2200,2000,2400
2013,Lithuania,2300,2100,2500
2014,Lithuania,2400,2200,2700
2015,Lithuania,2500,2300,2700
2016,Lithuania,2600,2400,2800
2017,Lithuania,2700,2500,2900
2018,Lithuania,2900,2600,3100
2019,Lithuania,3000,2800,3300
2020,Lithuania,3200,2900,3500
2021,Lithuania,3300,3000,3600
2022,Lithuania,3400,3000,3800
2023,Lithuania,3600,3000,4100
2024,Lithuania,3700,3000,4300
1990,Luxembourg,<200,<200,<500
1991,Luxembourg,<500,<200,<500
1992,Luxembourg,<500,<200,<500
1993,Luxembourg,<500,<500,<500
1994,Luxembourg,<500,<500,<500
1995,Luxembourg,<500,<500,<500
1996,Luxembourg,<500,<500,<500
1997,Luxembourg,<500,<500,<500
1998,Luxembourg,<500,<500,<500
1999,Luxembourg,<500,<500,<500
2000,Luxembourg,<500,<500,<500
2001,Luxembourg,<500,<500,<500
2002,Luxembourg,<500,<500,510
2003,Luxembourg,<500,<500,540
2004,Luxembourg,510,<500,580
2005,Luxembourg,550,<500,610
2006,Luxembourg,590,510,660
2007,Luxembourg,630,550,710
2008,Luxembourg,680,590,760
2009,Luxembourg,710,620,800
2010,Luxembourg,770,670,860
2011,Luxembourg,830,720,920
2012,Luxembourg,880,770,990
2013,Luxembourg,950,830,1100
2014,Luxembourg,990,870,1100
2015,Luxembourg,1100,920,1200
2016,Luxembourg,1100,980,1200
2017,Luxembourg,1200,1000,1300
2018,Luxembourg,1200,1100,1400
2019,Luxembourg,1300,1100,1500
2020,Luxembourg,1300,1200,1500
2021,Luxembourg,1400,1200,1600
2022,Luxembourg,1400,1200,1600
2023,Luxembourg,1500,1300,1700
2024,Luxembourg,1700,1500,1900
1990,Malta,<100,<100,<200
1991,Malta,<100,<100,<200
1992,Malta,<100,<100,<200
1993,Malta,<100,<100,<200
1994,Malta,<100,<100,<200
1995,Malta,<100,<100,<200
1996,Malta,<100,<100,<200
1997,Malta,<100,<100,<200
1998,Malta,<100,<100,<200
1999,Malta,<100,<100,<200
2000,Malta,<200,<100,<200
2001,Malta,<200,<200,<200
2002,Malta,<200,<200,<200
2003,Malta,<200,<200,<500
2004,Malta,<500,<200,<500
2005,Malta,<500,<200,<500
2006,Malta,<500,<500,<500
2007,Malta,<500,<500,<500
2008,Malta,<500,<500,<500
2009,Malta,<500,<500,<500
2010,Malta,<500,<500,<500
2011,Malta,<500,<500,<500
2012,Malta,<500,<500,520
2013,Malta,<500,<500,560
2014,Malta,530,<500,620
2015,Malta,590,<500,680
2016,Malta,630,530,730
2017,Malta,670,560,770
2018,Malta,710,590,820
2019,Malta,750,630,880
2020,Malta,800,670,930
2021,Malta,850,710,1000
2022,Malta,900,740,1100
2023,Malta,950,790,1100
2024,Malta,1000,840,1200
1990,Netherlands,7200,5900,8300
1991,Netherlands,7200,6000,8300
1992,Netherlands,7200,6000,8300
1993,Netherlands,7200,6000,8400
1994,Netherlands,7300,6000,8400
1995,Netherlands,7300,6100,8300
1996,Netherlands,7600,6500,8600
1997,Netherlands,8300,7200,9300
1998,Netherlands,9000,7800,10 000
1999,Netherlands,9800,8600,11 000
2000,Netherlands,11 000,9300,12 000
2001,Netherlands,11 000,10 000,13 000
2002,Netherlands,12 000,11 000,14 000
2003,Netherlands,13 000,12 000,14 000
2004,Netherlands,14 000,12 000,15 000
2005,Netherlands,15 000,13 000,16 000
2006,Netherlands,16 000,14 000,17 000
2007,Netherlands,17 000,15 000,18 000
2008,Netherlands,18 000,16 000,19 000
2009,Netherlands,19 000,17 000,20 000
2010,Netherlands,19 000,17 000,21 000
2011,Netherlands,20 000,18 000,22 000
2012,Netherlands,21 000,19 000,23 000
2013,Netherlands,21 000,19 000,23 000
2014,Netherlands,22 000,20 000,24 000
2015,Netherlands,22 000,20 000,24 000
2016,Netherlands,23 000,21 000,25 000
2017,Netherlands,23 000,21 000,25 000
2018,Netherlands,24 000,21 000,26 000
2019,Netherlands,24 000,22 000,26 000
2020,Netherlands,24 000,22 000,27 000
2021,Netherlands,24 000,22 000,27 000
2022,Netherlands,25 000,22 000,28 000
2023,Netherlands,25 000,22 000,28 000
2024,Netherlands,...,...,...
1990,Norway,850,720,1000
1991,Norway,920,760,1100
1992,Norway,970,820,1100
1993,Norway,1000,840,1200
1994,Norway,1000,860,1200
1995,Norway,1000,870,1200
1996,Norway,1100,910,1300
1997,Norway,1200,980,1300
1998,Norway,1300,1100,1400
1999,Norway,1400,1200,1600
2000,Norway,1500,1300,1700
2001,Norway,1700,1400,1900
2002,Norway,1900,1600,2200
2003,Norway,2100,1800,2400
2004,Norway,2300,2000,2700
2005,Norway,2500,2200,3000
2006,Norway,2700,2300,3300
2007,Norway,3000,2500,3600
2008,Norway,3200,2700,3800
2009,Norway,3400,2900,4100
2010,Norway,3600,3100,4400
2011,Norway,3800,3200,4600
2012,Norway,4000,3400,4800
2013,Norway,4200,3500,5000
2014,Norway,4400,3700,5100
2015,Norway,4500,3800,5300
2016,Norway,4700,3900,5400
2017,Norway,4800,4100,5600
2018,Norway,4900,4100,5700
2019,Norway,5000,4200,5800
2020,Norway,5100,4300,5900
2021,Norway,5200,4400,5900
2022,Norway,5300,4400,6000
2023,Norway,5300,4500,6000
2024,Norway,5400,4500,6100
1990,Poland,...,...,...
1991,Poland,...,...,...
1992,Poland,...,...,...
1993,Poland,...,...,...
1994,Poland,...,...,...
1995,Poland,...,...,...
1996,Poland,...,...,...
1997,Poland,...,...,...
1998,Poland,...,...,...
1999,Poland,...,...,...
2000,Poland,...,...,...
2001,Poland,...,...,...
2002,Poland,...,...,...
2003,Poland,...,...,...
2004,Poland,...,...,...
2005,Poland,...,...,...
2006,Poland,...,...,...
2007,Poland,...,...,...
2008,Poland,...,...,...
2009,Poland,...,...,...
2010,Poland,...,...,...
2011,Poland,...,...,...
2012,Poland,...,...,...
2013,Poland,...,...,...
2014,Poland,...,...,...
2015,Poland,...,...,...
2016,Poland,...,...,...
2017,Poland,...,...,...
2018,Poland,...,...,...
2019,Poland,...,...,...
2020,Poland,...,...,...
2021,Poland,...,...,...
2022,Poland,...,...,...
2023,Poland,...,...,...
2024,Poland,...,...,...
1990,Portugal,13 000,11 000,14 000
1991,Portugal,15 000,13 000,17 000
1992,Portugal,18 000,15 000,20 000
1993,Portugal,20 000,17 000,22 000
1994,Portugal,22 000,19 000,24 000
1995,Portugal,24 000,20 000,26 000
1996,Portugal,25 000,21 000,28 000
1997,Portugal,27 000,23 000,29 000
1998,Portugal,28 000,24 000,31 000
1999,Portugal,29 000,25 000,32 000
2000,Portugal,31 000,26 000,33 000
2001,Portugal,32 000,28 000,34 000
2002,Portugal,33 000,29 000,36 000
2003,Portugal,34 000,30 000,37 000
2004,Portugal,35 000,31 000,38 000
2005,Portugal,36 000,32 000,39 000
2006,Portugal,37 000,33 000,40 000
2007,Portugal,38 000,33 000,41 000
2008,Portugal,38 000,34 000,41 000
2009,Portugal,39 000,35 000,42 000
2010,Portugal,40 000,35 000,43 000
2011,Portugal,40 000,36 000,44 000
2012,Portugal,41 000,36 000,44 000
2013,Portugal,41 000,37 000,45 000
2014,Portugal,42 000,38 000,46 000
2015,Portugal,42 000,38 000,46 000
2016,Portugal,43 000,39 000,47 000
2017,Portugal,44 000,39 000,48 000
2018,Portugal,44 000,40 000,49 000
2019,Portugal,45 000,40 000,50 000
2020,Portugal,46 000,41 000,51 000
2021,Portugal,47 000,42 000,52 000
2022,Portugal,48 000,42 000,53 000
2023,Portugal,49 000,44 000,54 000
2024,Portugal,50 000,44 000,55 000
1990,Romania,1200,<500,2700
1991,Romania,1900,760,3500
1992,Romania,2700,1400,4200
1993,Romania,3600,2400,4800
1994,Romania,4300,3300,5400
1995,Romania,5000,4000,6000
1996,Romania,5600,4600,6500
1997,Romania,6000,5100,6900
1998,Romania,6400,5600,7400
1999,Romania,6800,5900,7800
2000,Romania,7200,6300,8200
2001,Romania,7800,6900,8800
2002,Romania,8600,7700,9600
2003,Romania,9600,8600,11 000
2004,Romania,11 000,9600,12 000
2005,Romania,12 000,11 000,13 000
2006,Romania,13 000,11 000,13 000
2007,Romania,13 000,12 000,14 000
2008,Romania,14 000,12 000,15 000
2009,Romania,14 000,13 000,15 000
2010,Romania,14 000,13 000,15 000
2011,Romania,14 000,13 000,15 000
2012,Romania,15 000,13 000,16 000
2013,Romania,15 000,14 000,16 000
2014,Romania,15 000,14 000,17 000
2015,Romania,15 000,14 000,17 000
2016,Romania,16 000,14 000,17 000
2017,Romania,16 000,15 000,18 000
2018,Romania,16 000,15 000,18 000
2019,Romania,17 000,15 000,18 000
2020,Romania,17 000,15 000,19 000
2021,Romania,17 000,15 000,19 000
2022,Romania,17 000,15 000,19 000
2023,Romania,17 000,16 000,20 000
2024,Romania,18 000,16 000,20 000
1990,Serbia,690,520,900
1991,Serbia,770,590,1000
1992,Serbia,840,650,1100
1993,Serbia,890,700,1100
1994,Serbia,930,740,1200
1995,Serbia,970,780,1200
1996,Serbia,990,800,1200
1997,Serbia,1000,820,1200
1998,Serbia,1000,840,1200
1999,Serbia,1000,860,1200
2000,Serbia,1100,870,1300
2001,Serbia,1100,890,1300
2002,Serbia,1100,910,1300
2003,Serbia,1200,980,1400
2004,Serbia,1300,1100,1500
2005,Serbia,1400,1200,1600
2006,Serbia,1500,1300,1800
2007,Serbia,1600,1400,1900
2008,Serbia,1800,1500,2000
2009,Serbia,1900,1600,2200
2010,Serbia,2100,1700,2400
2011,Serbia,2200,1800,2500
2012,Serbia,2400,1900,2700
2013,Serbia,2500,2000,2800
2014,Serbia,2600,2100,3000
2015,Serbia,2800,2300,3200
2016,Serbia,2900,2400,3300
2017,Serbia,3100,2500,3500
2018,Serbia,3200,2600,3700
2019,Serbia,3400,2700,3800
2020,Serbia,3500,2900,4000
2021,Serbia,3600,3000,4200
2022,Serbia,3800,3100,4400
2023,Serbia,4000,3300,4500
2024,Serbia,4100,3400,4700
1990,Slovakia,<100,<100,<100
1991,Slovakia,<100,<100,<100
1992,Slovakia,<100,<100,<100
1993,Slovakia,<100,<100,<100
1994,Slovakia,<100,<100,<100
1995,Slovakia,<100,<100,<100
1996,Slovakia,<100,<100,<200
1997,Slovakia,<100,<100,<200
1998,Slovakia,<200,<100,<200
1999,Slovakia,<200,<100,<200
2000,Slovakia,<200,<200,<200
2001,Slovakia,<200,<200,<500
2002,Slovakia,<200,<200,<500
2003,Slovakia,<500,<200,<500
2004,Slovakia,<500,<200,<500
2005,Slovakia,<500,<500,<500
2006,Slovakia,<500,<500,<500
2007,Slovakia,<500,<500,<500
2008,Slovakia,<500,<500,<500
2009,Slovakia,<500,<500,<500
2010,Slovakia,<500,<500,<500
2011,Slovakia,<500,<500,540
2012,Slovakia,500,<500,600
2013,Slovakia,560,<500,680
2014,Slovakia,640,520,760
2015,Slovakia,720,580,850
2016,Slovakia,800,650,940
2017,Slovakia,890,730,1000
2018,Slovakia,990,800,1100
2019,Slovakia,1100,880,1300
2020,Slovakia,1200,960,1400
2021,Slovakia,1300,1000,1500
2022,Slovakia,1500,1300,1700
2023,Slovakia,1700,1400,1900
2024,Slovakia,1800,1500,2000
1990,Slovenia,<100,<100,<200
1991,Slovenia,<100,<100,<200
1992,Slovenia,<100,<100,<200
1993,Slovenia,<200,<100,<200
1994,Slovenia,<200,<100,<200
1995,Slovenia,<200,<100,<200
1996,Slovenia,<200,<100,<200
1997,Slovenia,<200,<100,<200
1998,Slovenia,<200,<200,<200
1999,Slovenia,<200,<200,<500
2000,Slovenia,<200,<200,<500
2001,Slovenia,<200,<200,<500
2002,Slovenia,<200,<200,<500
2003,Slovenia,<500,<200,<500
2004,Slovenia,<500,<200,<500
2005,Slovenia,<500,<200,<500
2006,Slovenia,<500,<500,<500
2007,Slovenia,<500,<500,<500
2008,Slovenia,<500,<500,<500
2009,Slovenia,<500,<500,<500
2010,Slovenia,<500,<500,520
2011,Slovenia,<500,<500,570
2012,Slovenia,510,<500,610
2013,Slovenia,550,<500,660
2014,Slovenia,590,<500,710
2015,Slovenia,640,510,760
2016,Slovenia,680,540,810
2017,Slovenia,720,580,860
2018,Slovenia,760,610,900
2019,Slovenia,800,630,940
2020,Slovenia,840,660,980
2021,Slovenia,870,690,1000
2022,Slovenia,910,720,1100
2023,Slovenia,940,750,1100
2024,Slovenia,960,760,1100
1990,Spain,75 000,62 000,85 000
1991,Spain,86 000,71 000,96 000
1992,Spain,94 000,79 000,110 000
1993,Spain,100 000,84 000,110 000
1994,Spain,100 000,87 000,110 000
1995,Spain,100 000,88 000,110 000
1996,Spain,100 000,89 000,110 000
1997,Spain,110 000,90 000,120 000
1998,Spain,110 000,92 000,120 000
1999,Spain,110 000,94 000,120 000
2000,Spain,110 000,96 000,120 000
2001,Spain,110 000,98 000,120 000
2002,Spain,110 000,100 000,120 000
2003,Spain,120 000,100 000,130 000
2004,Spain,120 000,110 000,130 000
2005,Spain,120 000,110 000,130 000
2006,Spain,130 000,110 000,140 000
2007,Spain,130 000,120 000,140 000
2008,Spain,130 000,120 000,140 000
2009,Spain,130 000,120 000,150 000
2010,Spain,140 000,120 000,150 000
2011,Spain,140 000,120 000,150 000
2012,Spain,140 000,120 000,150 000
2013,Spain,140 000,120 000,150 000
2014,Spain,140 000,120 000,150 000
2015,Spain,140 000,120 000,160 000
2016,Spain,140 000,120 000,160 000
2017,Spain,150 000,130 000,160 000
2018,Spain,150 000,130 000,160 000
2019,Spain,150 000,130 000,170 000
2020,Spain,150 000,130 000,170 000
2021,Spain,150 000,130 000,170 000
2022,Spain,160 000,130 000,170 000
2023,Spain,160 000,130 000,180 000
2024,Spain,160 000,130 000,180 000
1990,Sweden,1500,1300,1700
1991,Sweden,1700,1500,1900
1992,Sweden,1800,1600,2100
1993,Sweden,2000,1700,2200
1994,Sweden,2100,1800,2300
1995,Sweden,2200,1900,2400
1996,Sweden,2300,2100,2500
1997,Sweden,2500,2200,2700
1998,Sweden,2700,2400,2900
1999,Sweden,2900,2600,3100
2000,Sweden,3200,2800,3400
2001,Sweden,3400,3000,3700
2002,Sweden,3600,3200,3900
2003,Sweden,3900,3400,4200
2004,Sweden,4100,3600,4500
2005,Sweden,4300,3800,4800
2006,Sweden,4600,4000,5000
2007,Sweden,4900,4300,5300
2008,Sweden,5100,4500,5600
2009,Sweden,5400,4700,5900
2010,Sweden,5600,4900,6200
2011,Sweden,5900,5100,6500
2012,Sweden,6100,5400,6700
2013,Sweden,6400,5600,7100
2014,Sweden,6600,5800,7300
2015,Sweden,6900,6100,7600
2016,Sweden,7100,6300,7800
2017,Sweden,7300,6500,8100
2018,Sweden,7600,6700,8400
2019,Sweden,7900,6900,8700
2020,Sweden,8100,7100,8900
2021,Sweden,8300,7200,9200
2022,Sweden,8600,7400,9600
2023,Sweden,...,...,...
2024,Sweden,...,...,...
1990,Switzerland,5300,4500,5900
1991,Switzerland,6000,5100,6600
1992,Switzerland,6600,5700,7200
1993,Switzerland,7100,6100,7700
1994,Switzerland,7600,6600,8200
1995,Switzerland,8000,6900,8500
1996,Switzerland,8300,7200,8900
1997,Switzerland,8700,7600,9400
1998,Switzerland,9200,8000,9800
1999,Switzerland,9600,8400,10 000
2000,Switzerland,10000,8800,11 000
2001,Switzerland,10 000,9200,11 000
2002,Switzerland,11 000,9600,11 000
2003,Switzerland,11 000,9900,12 000
2004,Switzerland,11 000,10 000,12 000
2005,Switzerland,12 000,10 000,13 000
2006,Switzerland,12 000,11 000,13 000
2007,Switzerland,12 000,11 000,13 000
2008,Switzerland,13 000,11 000,14 000
2009,Switzerland,13 000,12 000,14 000
2010,Switzerland,14 000,12 000,15 000
2011,Switzerland,14 000,12 000,15 000
2012,Switzerland,14 000,12 000,16 000
2013,Switzerland,15 000,13 000,16 000
2014,Switzerland,15 000,13 000,17 000
2015,Switzerland,16 000,13 000,17 000
2016,Switzerland,16 000,14 000,18 000
2017,Switzerland,16 000,14 000,18 000
2018,Switzerland,17 000,14 000,19 000
2019,Switzerland,17 000,14 000,19 000
2020,Switzerland,17 000,15 000,19 000
2021,Switzerland,17 000,15 000,20 000
2022,Switzerland,18 000,15 000,20 000
2023,Switzerland,18 000,15 000,20 000
2024,Switzerland,18 000,15 000,20 000
1990,Türkiye,...,...,...
1991,Türkiye,...,...,...
1992,Türkiye,...,...,...
1993,Türkiye,...,...,...
1994,Türkiye,...,...,...
1995,Türkiye,...,...,...
1996,Türkiye,...,...,...
1997,Türkiye,...,...,...
1998,Türkiye,...,...,...
1999,Türkiye,...,...,...
2000,Türkiye,...,...,...
2001,Türkiye,...,...,...
2002,Türkiye,...,...,...
2003,Türkiye,...,...,...
2004,Türkiye,...,...,...
2005,Türkiye,...,...,...
2006,Türkiye,...,...,...
2007,Türkiye,...,...,...
2008,Türkiye,...,...,...
2009,Türkiye,...,...,...
2010,Türkiye,...,...,...
2011,Türkiye,...,...,...
2012,Türkiye,...,...,...
2013,Türkiye,...,...,...
2014,Türkiye,...,...,...
2015,Türkiye,...,...,...
2016,Türkiye,...,...,...
2017,Türkiye,...,...,...
2018,Türkiye,...,...,...
2019,Türkiye,...,...,...
2020,Türkiye,...,...,...
2021,Türkiye,...,...,...
2022,Türkiye,...,...,...
2023,Türkiye,...,...,...
2024,Türkiye,...,...,...
1990,United Kingdom,...,...,...
1991,United Kingdom,...,...,...
1992,United Kingdom,...,...,...
1993,United Kingdom,...,...,...
1994,United Kingdom,...,...,...
1995,United Kingdom,...,...,...
1996,United Kingdom,...,...,...
1997,United Kingdom,...,...,...
1998,United Kingdom,...,...,...
1999,United Kingdom,...,...,...
2000,United Kingdom,...,...,...
2001,United Kingdom,...,...,...
2002,United Kingdom,...,...,...
2003,United Kingdom,...,...,...
2004,United Kingdom,...,...,...
2005,United Kingdom,...,...,...
2006,United Kingdom,...,...,...
2007,United Kingdom,...,...,...
2008,United Kingdom,...,...,...
2009,United Kingdom,...,...,...
2010,United Kingdom,...,...,...
2011,United Kingdom,...,...,...
2012,United Kingdom,...,...,...
2013,United Kingdom,...,...,...
2014,United Kingdom,...,...,...
2015,United Kingdom,...,...,...
2016,United Kingdom,98 000,83 000,110 000
2017,United Kingdom,100 000,85 000,120 000
2018,United Kingdom,100 000,87 000,120 000
2019,United Kingdom,100 000,88 000,120 000
2020,United Kingdom,110 000,90 000,120 000
2021,United Kingdom,110 000,91 000,130 000
2022,United Kingdom,110 000,93 000,130 000
2023,United Kingdom,110 000,94 000,130 000
2024,United Kingdom,...,...,...
1990,United States of America,...,...,...
1991,United States of America,...,...,...
1992,United States of America,...,...,...
1993,United States of America,...,...,...
1994,United States of America,...,...,...
1995,United States of America,...,...,...
1996,United States of America,...,...,...
1997,United States of America,...,...,...
1998,United States of America,...,...,...
1999,United States of America,...,...,...
2000,United States of America,...,...,...
2001,United States of America,...,...,...
2002,United States of America,...,...,...
2003,United States of America,...,...,...
2004,United States of America,...,...,...
2005,United States of America,...,...,...
2006,United States of America,...,...,...
2007,United States of America,...,...,...
2008,United States of America,...,...,...
2009,United States of America,...,...,...
2010,United States of America,...,...,...
2011,United States of America,...,...,...
2012,United States of America,...,...,...
2013,United States of America,...,...,...
2014,United States of America,...,...,...
2015,United States of America,...,...,...
2016,United States of America,...,...,...
2017,United States of America,...,...,...
2018,United States of America,...,...,...
2019,United States of America,...,...,...
2020,United States of America,...,...,...
2021,United States of America,...,...,...
2022,United States of America,...,...,...
2023,United States of America,...,...,...
2024,United States of America,...,...,...
1990,Small countries,...,,
1991,Small countries,...,,
1992,Small countries,...,,
1993,Small countries,...,,
1994,Small countries,...,,
1995,Small countries,...,,
1996,Small countries,...,,
1997,Small countries,...,,
1998,Small countries,...,,
1999,Small countries,...,,
2000,Small countries,...,,
2001,Small countries,...,,
2002,Small countries,...,,
2003,Small countries,...,,
2004,Small countries,...,,
2005,Small countries,...,,
2006,Small countries,...,,
2007,Small countries,...,,
2008,Small countries,...,,
2009,Small countries,...,,
2010,Small countries,...,,
2011,Small countries,...,,
2012,Small countries,...,,
2013,Small countries,...,,
2014,Small countries,...,,
2015,Small countries,...,,
2016,Small countries,...,,
2017,Small countries,...,,
2018,Small countries,...,,
2019,Small countries,...,,
2020,Small countries,...,,
2021,Small countries,...,,
2022,Small countries,...,,
2023,Small countries,...,,
2024,Small countries,...,,
1990,Saint Kitts and Nevis,<100,<100,<100
1991,Saint Kitts and Nevis,<100,<100,<100
1992,Saint Kitts and Nevis,<100,<100,<100
1993,Saint Kitts and Nevis,<100,<100,<100
1994,Saint Kitts and Nevis,<100,<100,<100
1995,Saint Kitts and Nevis,<100,<100,<200
1996,Saint Kitts and Nevis,<100,<100,<200
1997,Saint Kitts and Nevis,<100,<100,<200
1998,Saint Kitts and Nevis,<100,<100,<200
1999,Saint Kitts and Nevis,<100,<100,<200
2000,Saint Kitts and Nevis,<100,<100,<200
2001,Saint Kitts and Nevis,<200,<100,<200
2002,Saint Kitts and Nevis,<200,<100,<200
2003,Saint Kitts and Nevis,<200,<100,<200
2004,Saint Kitts and Nevis,<200,<100,<200
2005,Saint Kitts and Nevis,<200,<200,<200
2006,Saint Kitts and Nevis,<200,<200,<200
2007,Saint Kitts and Nevis,<200,<200,<200
2008,Saint Kitts and Nevis,<200,<200,<200
2009,Saint Kitts and Nevis,<200,<200,<200
2010,Saint Kitts and Nevis,<200,<200,<200
2011,Saint Kitts and Nevis,<200,<200,<200
2012,Saint Kitts and Nevis,<200,<200,<200
2013,Saint Kitts and Nevis,<200,<200,<200
2014,Saint Kitts and Nevis,<200,<200,<200
2015,Saint Kitts and Nevis,<200,<200,<500
2016,Saint Kitts and Nevis,<200,<200,<500
2017,Saint Kitts and Nevis,<200,<200,<500
2018,Saint Kitts and Nevis,<200,<200,<500
2019,Saint Kitts and Nevis,<500,<200,<500
2020,Saint Kitts and Nevis,<500,<200,<500
2021,Saint Kitts and Nevis,<500,<200,<500
2022,Saint Kitts and Nevis,<500,<200,<500
2023,Saint Kitts and Nevis,<500,<200,<500
2024,Saint Kitts and Nevis,<500,<500,<500
1990,Saint Lucia,<100,<100,<200
1991,Saint Lucia,<200,<100,<200
1992,Saint Lucia,<200,<100,<200
1993,Saint Lucia,<200,<100,<200
1994,Saint Lucia,<200,<100,<200
1995,Saint Lucia,<200,<200,<200
1996,Saint Lucia,<200,<200,<200
1997,Saint Lucia,<200,<200,<200
1998,Saint Lucia,<200,<200,<500
1999,Saint Lucia,<200,<200,<500
2000,Saint Lucia,<500,<200,<500
2001,Saint Lucia,<500,<200,<500
2002,Saint Lucia,<500,<200,<500
2003,Saint Lucia,<500,<500,<500
2004,Saint Lucia,<500,<500,<500
2005,Saint Lucia,<500,<500,<500
2006,Saint Lucia,<500,<500,<500
2007,Saint Lucia,<500,<500,<500
2008,Saint Lucia,<500,<500,<500
2009,Saint Lucia,<500,<500,<500
2010,Saint Lucia,<500,<500,<500
2011,Saint Lucia,<500,<500,<500
2012,Saint Lucia,<500,<500,<500
2013,Saint Lucia,<500,<500,520
2014,Saint Lucia,<500,<500,550
2015,Saint Lucia,510,<500,570
2016,Saint Lucia,530,<500,600
2017,Saint Lucia,550,<500,620
2018,Saint Lucia,570,500,650
2019,Saint Lucia,590,520,680
2020,Saint Lucia,610,530,700
2021,Saint Lucia,630,540,720
2022,Saint Lucia,640,550,740
2023,Saint Lucia,640,550,750
2024,Saint Lucia,650,560,760
1990,Vanuatu,<100,<100,<100
1991,Vanuatu,<100,<100,<100
1992,Vanuatu,<100,<100,<100
1993,Vanuatu,<100,<100,<100
1994,Vanuatu,<100,<100,<100
1995,Vanuatu,<100,<100,<100
1996,Vanuatu,<100,<100,<100
1997,Vanuatu,<100,<100,<100
1998,Vanuatu,<100,<100,<100
1999,Vanuatu,<100,<100,<100
2000,Vanuatu,<100,<100,<100
2001,Vanuatu,<100,<100,<100
2002,Vanuatu,<100,<100,<100
2003,Vanuatu,<100,<100,<100
2004,Vanuatu,<100,<100,<100
2005,Vanuatu,<100,<100,<100
2006,Vanuatu,<100,<100,<100
2007,Vanuatu,<100,<100,<100
2008,Vanuatu,<100,<100,<100
2009,Vanuatu,<100,<100,<100
2010,Vanuatu,<100,<100,<100
2011,Vanuatu,<100,<100,<100
2012,Vanuatu,<100,<100,<100
2013,Vanuatu,<100,<100,<100
2014,Vanuatu,<100,<100,<100
2015,Vanuatu,<100,<100,<100
2016,Vanuatu,<100,<100,<100
2017,Vanuatu,<100,<100,<100
2018,Vanuatu,<100,<100,<100
2019,Vanuatu,<100,<100,<100
2020,Vanuatu,<100,<100,<100
2021,Vanuatu,<100,<100,<100
2022,Vanuatu,<100,<100,<100
2023,Vanuatu,<100,<100,<100
2024,Vanuatu,<100,<100,<100
1990,Tuvalu,<100,<100,<100
1991,Tuvalu,<100,<100,<100
1992,Tuvalu,<100,<100,<100
1993,Tuvalu,<100,<100,<100
1994,Tuvalu,<100,<100,<100
1995,Tuvalu,<100,<100,<100
1996,Tuvalu,<100,<100,<100
1997,Tuvalu,<100,<100,<100
1998,Tuvalu,<100,<100,<100
1999,Tuvalu,<100,<100,<100
2000,Tuvalu,<100,<100,<100
2001,Tuvalu,<100,<100,<100
2002,Tuvalu,<100,<100,<100
2003,Tuvalu,<100,<100,<100
2004,Tuvalu,<100,<100,<100
2005,Tuvalu,<100,<100,<100
2006,Tuvalu,<100,<100,<100
2007,Tuvalu,<100,<100,<100
2008,Tuvalu,<100,<100,<100
2009,Tuvalu,<100,<100,<100
2010,Tuvalu,<100,<100,<100
2011,Tuvalu,<100,<100,<100
2012,Tuvalu,<100,<100,<100
2013,Tuvalu,<100,<100,<100
2014,Tuvalu,<100,<100,<100
2015,Tuvalu,<100,<100,<100
2016,Tuvalu,<100,<100,<100
2017,Tuvalu,<100,<100,<100
2018,Tuvalu,<100,<100,<100
2019,Tuvalu,<100,<100,<100
2020,Tuvalu,<100,<100,<100
2021,Tuvalu,<100,<100,<100
2022,Tuvalu,<100,<100,<100
2023,Tuvalu,<100,<100,<100
2024,Tuvalu,<100,<100,<100
1990,Solomon Islands,<100,<100,<100
1991,Solomon Islands,<100,<100,<100
1992,Solomon Islands,<100,<100,<100
1993,Solomon Islands,<100,<100,<100
1994,Solomon Islands,<100,<100,<100
1995,Solomon Islands,<100,<100,<100
1996,Solomon Islands,<100,<100,<100
1997,Solomon Islands,<100,<100,<100
1998,Solomon Islands,<100,<100,<100
1999,Solomon Islands,<100,<100,<100
2000,Solomon Islands,<100,<100,<100
2001,Solomon Islands,<100,<100,<100
2002,Solomon Islands,<100,<100,<100
2003,Solomon Islands,<100,<100,<100
2004,Solomon Islands,<100,<100,<100
2005,Solomon Islands,<100,<100,<100
2006,Solomon Islands,<100,<100,<100
2007,Solomon Islands,<100,<100,<100
2008,Solomon Islands,<100,<100,<100
2009,Solomon Islands,<100,<100,<100
2010,Solomon Islands,<100,<100,<100
2011,Solomon Islands,<100,<100,<100
2012,Solomon Islands,<100,<100,<100
2013,Solomon Islands,<100,<100,<100
2014,Solomon Islands,<100,<100,<100
2015,Solomon Islands,<100,<100,<100
2016,Solomon Islands,<100,<100,<100
2017,Solomon Islands,<100,<100,<100
2018,Solomon Islands,<100,<100,<100
2019,Solomon Islands,<100,<100,<100
2020,Solomon Islands,<100,<100,<100
2021,Solomon Islands,<100,<100,<100
2022,Solomon Islands,<100,<100,<100
2023,Solomon Islands,<100,<100,<200
2024,Solomon Islands,<100,<100,<200
1990,Antigua and Barbuda,<100,<100,<200
1991,Antigua and Barbuda,<200,<100,<200
1992,Antigua and Barbuda,<200,<100,<200
1993,Antigua and Barbuda,<200,<200,<200
1994,Antigua and Barbuda,<200,<200,<200
1995,Antigua and Barbuda,<200,<200,<200
1996,Antigua and Barbuda,<200,<200,<200
1997,Antigua and Barbuda,<200,<200,<500
1998,Antigua and Barbuda,<500,<200,<500
1999,Antigua and Barbuda,<500,<200,<500
2000,Antigua and Barbuda,<500,<500,<500
2001,Antigua and Barbuda,<500,<500,<500
2002,Antigua and Barbuda,<500,<500,<500
2003,Antigua and Barbuda,<500,<500,<500
2004,Antigua and Barbuda,<500,<500,<500
2005,Antigua and Barbuda,<500,<500,<500
2006,Antigua and Barbuda,<500,<500,<500
2007,Antigua and Barbuda,<500,<500,<500
2008,Antigua and Barbuda,<500,<500,<500
2009,Antigua and Barbuda,<500,<500,<500
2010,Antigua and Barbuda,<500,<500,<500
2011,Antigua and Barbuda,<500,<500,<500
2012,Antigua and Barbuda,<500,<500,520
2013,Antigua and Barbuda,500,<500,550
2014,Antigua and Barbuda,530,<500,570
2015,Antigua and Barbuda,560,<500,600
2016,Antigua and Barbuda,580,510,630
2017,Antigua and Barbuda,610,540,660
2018,Antigua and Barbuda,640,580,700
2019,Antigua and Barbuda,670,600,730
2020,Antigua and Barbuda,690,630,760
2021,Antigua and Barbuda,710,640,790
2022,Antigua and Barbuda,740,660,820
2023,Antigua and Barbuda,770,680,860
2024,Antigua and Barbuda,800,700,900
1990,Dominica,<200,<100,<200
1991,Dominica,<200,<200,<200
1992,Dominica,<200,<200,<200
1993,Dominica,<200,<200,<200
1994,Dominica,<200,<200,<200
1995,Dominica,<200,<200,<200
1996,Dominica,<200,<200,<200
1997,Dominica,<200,<200,<200
1998,Dominica,<200,<200,<200
1999,Dominica,<200,<200,<200
2000,Dominica,<200,<200,<200
2001,Dominica,<200,<200,<200
2002,Dominica,<200,<200,<200
2003,Dominica,<200,<200,<200
2004,Dominica,<200,<200,<200
2005,Dominica,<200,<200,<200
2006,Dominica,<200,<200,<200
2007,Dominica,<200,<200,<200
2008,Dominica,<200,<200,<200
2009,Dominica,<200,<200,<200
2010,Dominica,<200,<200,<200
2011,Dominica,<200,<200,<200
2012,Dominica,<200,<200,<500
2013,Dominica,<200,<200,<500
2014,Dominica,<200,<200,<500
2015,Dominica,<200,<200,<500
2016,Dominica,<200,<200,<500
2017,Dominica,<200,<200,<500
2018,Dominica,<200,<200,<500
2019,Dominica,<200,<200,<500
2020,Dominica,<200,<200,<500
2021,Dominica,<500,<200,<500
2022,Dominica,<500,<200,<500
2023,Dominica,<500,<200,<500
2024,Dominica,<500,<200,<500
1990,Saint Vincent and the Grenadines,<500,<200,<500
1991,Saint Vincent and the Grenadines,<500,<500,<500
1992,Saint Vincent and the Grenadines,<500,<500,<500
1993,Saint Vincent and the Grenadines,<500,<500,<500
1994,Saint Vincent and the Grenadines,<500,<500,<500
1995,Saint Vincent and the Grenadines,<500,<500,<500
1996,Saint Vincent and the Grenadines,<500,<500,540
1997,Saint Vincent and the Grenadines,520,<500,580
1998,Saint Vincent and the Grenadines,550,<500,610
1999,Saint Vincent and the Grenadines,580,510,630
2000,Saint Vincent and the Grenadines,600,530,650
2001,Saint Vincent and the Grenadines,620,540,670
2002,Saint Vincent and the Grenadines,640,570,690
2003,Saint Vincent and the Grenadines,650,590,710
2004,Saint Vincent and the Grenadines,670,600,720
2005,Saint Vincent and the Grenadines,680,610,730
2006,Saint Vincent and the Grenadines,690,620,740
2007,Saint Vincent and the Grenadines,700,630,750
2008,Saint Vincent and the Grenadines,700,630,760
2009,Saint Vincent and the Grenadines,710,640,760
2010,Saint Vincent and the Grenadines,710,640,770
2011,Saint Vincent and the Grenadines,710,650,770
2012,Saint Vincent and the Grenadines,720,650,770
2013,Saint Vincent and the Grenadines,720,660,780
2014,Saint Vincent and the Grenadines,720,650,780
2015,Saint Vincent and the Grenadines,710,650,770
2016,Saint Vincent and the Grenadines,710,640,770
2017,Saint Vincent and the Grenadines,700,630,770
2018,Saint Vincent and the Grenadines,700,630,760
2019,Saint Vincent and the Grenadines,690,620,760
2020,Saint Vincent and the Grenadines,690,610,770
2021,Saint Vincent and the Grenadines,680,600,760
2022,Saint Vincent and the Grenadines,670,590,760
2023,Saint Vincent and the Grenadines,660,580,750
2024,Saint Vincent and the Grenadines,650,570,750